"Data Source","World Development Indicators",

"Last Updated Date","2026-07-13",

"Country Name","Country Code","Indicator Name","Indicator Code","1960","1961","1962","1963","1964","1965","1966","1967","1968","1969","1970","1971","1972","1973","1974","1975","1976","1977","1978","1979","1980","1981","1982","1983","1984","1985","1986","1987","1988","1989","1990","1991","1992","1993","1994","1995","1996","1997","1998","1999","2000","2001","2002","2003","2004","2005","2006","2007","2008","2009","2010","2011","2012","2013","2014","2015","2016","2017","2018","2019","2020","2021","2022","2023","2024","2025",
"Aruba","ABW","Mobile cellular subscriptions (per 100 people)","IT.CEL.SETS.P2","0","","","","","0","","","","","0","","","","","0","0","0","0","0","0","0","0","0","0","0","0","0","0","0","0","0","0.028493276","","","2.22972096","3.777528741","4.155977424","6.377808073","13.81422174","16.8993138878562","58.6899950168872","67.6304183674586","75.7794388473621","105.552873526225","109.74954897591","114.296796377055","117.599676975162","123.517202597004","129.26028780611","131.649919092235","","132.661183337755","135.338052614131","135.141671422905","135.337479843354","","","","131.682169673877","131.284916201117","131.09206195727","130.647974615427","","","",
"Africa Eastern and Southern","AFE","Mobile cellular subscriptions (per 100 people)","IT.CEL.SETS.P2","0","","","","","0","","","","","0","","","","","0","0","0","0","0","0","0","0","0","0","0","0","0","0","0.00134257553672072","0.00258214265567223","0.00306012952109055","0.00582416440279694","0.0160281568745268","0.117720610098511","0.164300729636764","0.285421858668388","0.537893874347061","0.963135057510966","1.5364967739772","2.53187461998447","3.48511266478186","4.59739340752445","6.07988901464806","8.01544755486436","12.59131987433","16.9490525169552","21.6849919782563","28.1203044455646","32.6088889551093","38.5271319772483","48.0159935090946","52.7679765565158","57.6880768277277","61.9358160623131","66.5","63.6","63.5","65.2","67.9","69.9","74.7","77.7","82.3","87.3","93.1",
"Afghanistan","AFG","Mobile cellular subscriptions (per 100 people)","IT.CEL.SETS.P2","0","","","","","0","","","","","0","","","","","0","0","0","0","0","0","0","0","0","0","0","0","0","0","0","0","0","0","0","0","0","0","0","0","0","0","0","0.116942011309976","0.879776399549396","2.54661861253936","4.91711244047067","9.91329720539894","18.0166833836025","29.8267633771309","38.2289426518893","36.1186814254474","47.0151842862822","50.1966555403702","53.1490159728276","56.1322103822265","58.256016446556","62.2553342863232","67.0507903920361","59.8109345283062","59.6470805870469","58.0461137722591","56.6944760468967","56.2655188632539","55.5474967036959","60.0990815591219","",
"Africa Western and Central","AFW","Mobile cellular subscriptions (per 100 people)","IT.CEL.SETS.P2","0","","","","","0","","","","","0","","","","","0","0","0","0","0","0","0","0","0","0","0","0","0","0","0","0","0","0.000405567623636312","0.00558115607144699","0.00959570091410311","0.0125531304913285","0.025856289147414","0.0465887994019213","0.0980257325747414","0.20622679893449","0.530892742687222","1.04987624556741","2.09477956084382","3.32309173202265","6.46046333370717","11.1025063085919","18.7872335012222","25.0392998212097","36.8661001562175","44.3449799979514","52.27223728058","58.249872484352","67.1094646656648","75.0120031475166","80.2975320892204","83.3","82.9","81.4","87.8","91.3","96.7","95.2","102.1","101.4","91.8","86.5",
"Angola","AGO","Mobile cellular subscriptions (per 100 people)","IT.CEL.SETS.P2","0","","","","","0","","","","","0","","","","","0","0","0","0","0","0","0","0","0","0","0","0","0","0","0","0","0","0","0.008436702","0.013549219","0.01433269","0.02292929","0.04742069","0.063903735","0.151221568","0.159346765941731","0.447835842249048","0.807954939660482","1.95054401229801","3.97840414704547","8.35158651156351","15.2614410221311","23.8781501760396","31.3891482115081","36.1789120059347","40.3667552771914","49.8515258181069","50.7801125088641","50.7734882643713","51.7384393645114","49.3097223014385","44.5502272379157","44.0682088632918","42.4588784507729","45.8065312825399","43.7804317055698","44.3868689341257","66.6008073123779","70.0519587723571","69.7039467163584","",
"Albania","ALB","Mobile cellular subscriptions (per 100 people)","IT.CEL.SETS.P2","0","","","","","0","","","","","0","","","","","0","0","0","0","0","0","0","0","0","0","0","0","0","0","0","0","0","0","0","0","0","0.070307774","0.101422403","0.173257946","0.343114336","0.940922534259296","12.473224578717","27.1529999757506","35.2780293564518","40.6495459161824","49.7452829974003","62.6025752513514","76.8284093980357","62.1341628437685","83.1929248865178","91.9299271149669","106.474179667965","120.274748763232","126.771812779937","115.700565028176","117.329657576402","116.284011654089","125.099939894598","93.8030862083918","91.1634968336332","91.1880900599383","92.4843357131703","98.3950391992101","92.9973271969712","89.1328603947682","",
"Andorra","AND","Mobile cellular subscriptions (per 100 people)","IT.CEL.SETS.P2","0","","","","","0","","","","","0","","","","","0","0","0","0","0","0","0","0","0","0","0","0","0","0","0","0","0","1.344203341","1.318547569","1.284466799","4.489257564","8.555349432","13.32364491","21.65649066","31.37613282","35.8422775367283","44.6896069975096","49.3038222115298","74.6812307515183","78.5280861083081","83.388228000155","86.7047810517057","77.5590214590178","76.8932271393497","76.9466431432386","81.1525784947835","83.6223853541262","83.1207538329385","85.0214112828151","89.8341402552314","98.8389170615457","105.473739626772","108.912327318574","109.914584497485","114.952794413788","103.876970793487","119.687611658415","142.426447525249","156.09725932522","155.692108667529","",
"Arab World","ARB","Mobile cellular subscriptions (per 100 people)","IT.CEL.SETS.P2","0","","","","","0","","","","","0","","","","","0","0","0","0","0","0","0","0.00139135029448582","0.00206452793552855","0.00277542509376027","0.00454385232052265","0.011489686324028","0.0174495848946617","0.0198658484390306","0.0288731721004244","0.0391611129825038","0.0567169465116559","0.0642451336720986","0.0818781227277993","0.105305831302216","0.197651290165998","0.354623216561879","0.608151128959064","0.928146209147479","1.47667988359235","3.14235571585315","5.674469873018","8.4137897725289","11.4425320694818","16.6252188547319","26.4479394294001","38.2910994488433","51.6630400128938","61.7078304449257","74.4957914017246","85.6094564648384","94.4751848643954","100.300841931146","104.741398824987","104.242109611802","102.997439000868","100.424978952655","98.1963031894916","96.4014579839673","96.7326519819152","96.2300336647374","99.2339505781343","102.925568544421","","","",
"United Arab Emirates","ARE","Mobile cellular subscriptions (per 100 people)","IT.CEL.SETS.P2","","","","","","","","","","","","","","","","","","","","","","","0.199510899","0.287983245","0.377274558","0.574396029","0.761967402","0.870037547","0.820998752","1.392200196","1.767122718","2.14142422","2.311609649","3.174853055","3.928169053","5.298629246","7.534161116","11.26583053","16.88654733","26.86844465","40.8783266424794","51.2758654953956","61.3641085051503","70.897113554176","83.1597300228247","97.1992951451191","110.185322712663","137.457950604795","148.472693451531","159.114145128907","157.472576744687","162.893623558443","183.740632066882","205.105475119726","204.191832969644","206.839413263939","220.411614691071","214.701342068567","214.842134318761","209.033214126867","194.467749671801","186.30089463245","195.624592490241","199.423843889179","203.206410299544","",
"Argentina","ARG","Mobile cellular subscriptions (per 100 people)","IT.CEL.SETS.P2","0","","","","","0","","","","","0","","","","","0","0","0","0","0","0","0","0","0","0","0","0","0","0","0.007150459","0.036767345","0.075515553","0.13879172","0.329148059","0.6992523","1.160057586","1.884803688","5.609433289","7.371312411","10.50082052","17.4341720574717","17.9184647370453","17.2675582745316","20.4095759030709","34.8114495095259","56.4972976242395","79.5272791470117","100.962116800902","115.051958547154","128.461625505194","138.251643415992","145.511067881505","152.573579717014","158.190773641398","142.325481008062","142.240711022183","145.146584717972","139.758240519621","131.224265691711","125.302657911726","121.180612527028","130.352799939601","131.483556254876","137.706086781571","140.234979049333","",
"Armenia","ARM","Mobile cellular subscriptions (per 100 people)","IT.CEL.SETS.P2","0","","","","","0","","","","","0","","","","","0","0","0","0","0","0","0","0","0","0","0","0","0","0","0","0","0","0","0","0","0","0.009093946","0.152838922","0.241656509","0.254551579","0.559439575023003","0.826884376573468","2.33500129269578","3.76374479757602","6.72642653978887","10.5790707738385","42.1271966711889","63.0764762494794","48.7163807985838","74.4012001967736","131.874825576119","109.850061797213","113.697353797808","114.499722499571","118.365417451689","118.599112617962","117.670797483754","119.676441862212","123.000001718234","124.613701509519","120.682370700808","125.395134877327","130.540072214196","134.519957069953","134.88694751567","",
"American Samoa","ASM","Mobile cellular subscriptions (per 100 people)","IT.CEL.SETS.P2","0","","","","","0","","","","","0","","","","","0","0","0","0","0","0","0","0","0","0","0","0","","","","0","0","1.397819402","1.758705593","2.29498164","2.340780135","2.385321101","2.518982331","2.650036217","3.125325555","3.5036496350365","3.77894238690341","3.56804878903649","3.68608590335434","3.96001267204055","","","","","","","","","","","","","","","","","","","","","",
"Antigua and Barbuda","ATG","Mobile cellular subscriptions (per 100 people)","IT.CEL.SETS.P2","0","","","","","0","","","","","0","","","","","0","0","0","0","0","0","0","0","0","0","0","0","0","0","","0","","","","","","1.862517551","1.965795164","2.066912859","11.51433874","29.367791542076","32.8648989733006","49.5962716793021","59.1905911355349","68.5984323987856","108.025272889425","136.689246191256","137.546509350827","164.743342338865","160.294868900954","196.870604781997","203.8734188945","145.978684391474","129.857830668605","135.234608235228","196.848192016464","200.06891262546","203.386832913295","","201.392233264743","200.3353439453","199.244171566557","200.540715208962","","","",
"Australia","AUS","Mobile cellular subscriptions (per 100 people)","IT.CEL.SETS.P2","0","","","","","0","","","","","0","","","","","0","0","0","0","0","0","0","0","0","0","0","0","0.027202978","0.191348092","0.562786918","1.08483674","1.687554564","2.846098131","3.913447917","6.851813911","12.45348067","21.90881813","24.86658247","26.4384907","33.58883185","44.7511458399702","57.4838682925396","64.6581804718516","72.3884724574148","82.208138535878","90.7635520774358","95.9663115508423","101.457683484383","103.506740034166","101.914285403427","101.618759744392","105.824012918279","106.499711805776","107.332200908321","106.206237340596","107.608142007003","109.128813718295","107.799761578952","110.033134941946","109.752830879788","104.930155780087","105.118514623956","109.469171081514","112.513177133796","112.581025002429","",
"Austria","AUT","Mobile cellular subscriptions (per 100 people)","IT.CEL.SETS.P2","0","","","","","0","","","","","0","","","","","0","0","0","0","0","0","0","0","0","0","0.129090886","0.252456375","0.346297993","0.486618775","0.665683123","0.959768212","1.487975586","2.199426692","2.793816992","3.505812272","4.825981063","7.523308814","14.5561248","28.74798987","53.18724835","76.3391359562946","81.3331322283251","83.3494604310315","89.5525842580986","97.7795167328134","105.295724835598","112.226293480282","119.465557954295","129.949191740297","137.015093709265","146.334314075685","155.15499918387","161.155633431895","156.483488704585","151.531145320495","155.837138171172","126.797525496643","123.414865109678","124.230205900482","120.776373862218","120.131806593244","121.357731973824","121.16645744796","121.746207105931","124.45929984531","",
"Azerbaijan","AZE","Mobile cellular subscriptions (per 100 people)","IT.CEL.SETS.P2","0","","","","","0","","","","","0","","","","","0","0","0","0","0","0","0","0","0","0","0","0","0","0","0","0","0","0","0","0.006392325","0.076052086","0.213860635","0.499996125","0.808347519","4.56708367","5.14264289519541","8.84658578140377","9.53864176803325","12.5837298360937","17.1560025508035","26.0781124378406","38.1512458416462","51.1875940935928","73.2222415801691","85.7487495489887","99.489026332669","109.333848306261","107.988529658291","106.583186813615","109.566699179266","109.682113433509","103.248460646417","101.589906615934","102.987275423455","106.328337689377","101.596683471276","105.693559477177","107.506296074404","107.686732782159","109.543149535867","",
"Burundi","BDI","Mobile cellular subscriptions (per 100 people)","IT.CEL.SETS.P2","0","","","","","0","","","","","0","","","","","0","0","0","0","0","0","0","0","0","0","0","0","0","0","0","0","0","0","0.006354384","0.006766423","0.0095065","0.009459562","0.010449264","0.010272826","0.012944607","0.252233549720457","0.503680457737854","0.76200167288675","0.908683808418785","1.37552635495365","2.01652788429717","2.54273479009152","3.30806380985543","5.65018234377978","10.2904048729688","17.8962195049637","19.7014852266593","22.3127768088819","24.3006814319026","29.567783062348","45.2379254099088","47.6697304877258","51.4533280518012","53.2736942349584","53.2995504978403","52.5571219738138","59.700785493419","56.2599912004244","63.1631365759764","","",
"Belgium","BEL","Mobile cellular subscriptions (per 100 people)","IT.CEL.SETS.P2","0","","","","","0","","","","","0","","","","","0","0","0","0","0","0","0","0","0","0","0","0.038410913","0.07295796","0.193123711","0.30985683","0.430541108","0.514865721","0.613590337","0.67475874","1.271910668","2.330395105","4.72351216","9.596319875","17.23787063","31.16718928","54.9078754319886","74.8225625264654","78.40702767732","82.937725153379","87.6254594919709","91.6575960459919","93.3538336751532","101.059979052266","105.901150619606","108.89957259523","111.131540934105","113.201845409997","110.856223685615","110.348677756715","113.600257053471","113.29233233425","110.74871736226","99.8303971992992","100.164027018171","100.164960666171","99.9100614924974","101.462935633736","101.680355820653","103.196426365374","103.90465332676","",
"Benin","BEN","Mobile cellular subscriptions (per 100 people)","IT.CEL.SETS.P2","0","","","","","0","","","","","0","","","","","0","0","0","0","0","0","0","0","0","0","0","0","0","0","0","0","0","0","0","0","0.017365389","0.043634125","0.067245695","0.095471222","0.107076743","0.768193392645056","1.67884478287568","2.85026524912103","2.98461911748538","5.62957112640203","7.07639223825275","12.1442265152632","22.9147096667411","39.2846004959004","52.9301199452375","72.2115392074128","76.9318013957922","80.8628905531314","89.9019164924958","78.5170340826712","82.0193349324746","76.0182091705462","72.867145412956","76.4080341122638","81.3235345537806","85.2390738023357","94.9182598289459","105.745019386968","116.036046685168","125.940873932186","",
"Burkina Faso","BFA","Mobile cellular subscriptions (per 100 people)","IT.CEL.SETS.P2","0","","","","","0","","","","","0","","","","","0","0","0","0","0","0","0","0","0","0","0","0","0","0","0","0","0","0","0","0","0","0.00494294","0.01379234","0.024372687","0.043663904","0.211688420806896","0.619650213936542","0.875434916000028","1.81993821991034","2.93276569154714","4.54743329498311","7.07267095398563","12.5404933901545","19.819973570747","24.3386946942171","35.2848311173407","46.1057641177709","58.0942130771516","63.5243073500025","68.5395525408019","76.9373292602998","79.6697942824089","90.2081424191231","94.6219614871852","97.1498646690919","102.972844247019","112.198419449151","113.996146792235","116.16313821519","116.5895933212","",
"Bangladesh","BGD","Mobile cellular subscriptions (per 100 people)","IT.CEL.SETS.P2","0","","","","","0","","","","","0","","","","","0","0","0","0","0","0","0","0","0","0","0","0","0","0","0","0","0","0.000224674","0.000440844","0.000954894","0.002122361","0.003336757","0.021304625","0.060313402","0.117549767","0.207366638129846","0.380100815893711","0.773750591091469","0.968288714837633","1.94646914544521","6.21908656184889","13.0670782127175","23.2246555051103","29.8646728911139","34.0412611569965","44.6274657883724","54.9307304807214","62.6684314857059","74.4595169116099","80.3128212085608","82.4275967039157","84.5595499717024","93.0689844922452","98.9289060885788","100.399571155843","106.002140470412","110.012054001037","109.8665408168","111.280894357567","108.077037369691","",
"Bulgaria","BGR","Mobile cellular subscriptions (per 100 people)","IT.CEL.SETS.P2","0","","","","","0","","","","","0","","","","","0","0","0","0","0","0","0","0","0","0","0","0","0","0","0","0","0","0","0.01161233","0.076037034","0.246768535","0.316471968","0.841450728","1.542211607","4.288006531","9.22440041397309","19.549844030083","33.0395170761223","44.8575798628698","61.0332759957829","81.1550542231694","108.024848258457","130.455029782962","138.396717869014","139.620815193781","137.140251847404","141.938313217096","147.337862138845","144.355146876635","131.33514197996","128.103256321093","125.906027330453","120.595632675282","119.394511829255","116.616975862125","114.596737765322","114.911988483727","116.679163253179","117.932685806225","118.067152838789","",
"Bahrain","BHR","Mobile cellular subscriptions (per 100 people)","IT.CEL.SETS.P2","0","","","","","0","","","","","0","","","","","0","0","0","0","0","0","0","0","0","0","0","0.137273543","0.366937869","0.597100154","0.849606974","0.994746994","1.373514003","1.746352373","1.979935722","2.969385794","4.5029318","6.334195172","8.970155154","13.68999114","19.283577","30.7247368130219","42.8008331952294","51.7138462397484","54.6187733890809","74.5619329800492","82.2538826768918","91.2343231270699","105.539410159778","128.559293450425","118.449482724389","129.157861073288","140.350600963929","174.619564368418","175.802157646776","177.400125528622","183.919614500055","209.489131255928","159.546894557674","139.735421260048","129.142743677937","119.41160169027","128.078912532195","139.636142863944","153.899937948583","159.536143577452","",
"Bahamas, The","BHS","Mobile cellular subscriptions (per 100 people)","IT.CEL.SETS.P2","0","","","","","0","","","","","0","","","","","0","0","0","0","0","0","0","0","0","0","0","0","0","0","0","0.710066167","0.731730289","0.922074099","0.833206091","","1.36870147","1.622656855","1.998903827","2.55930602","4.96796473","9.7345870582241","18.4711258068058","36.7170867333707","36.4187856432015","54.7430411263693","66.2329089777664","72.6191603875135","105.848573870615","99.9804534792807","98.8980458091012","116.572148536783","80.3784477401548","79.9000716437309","75.734985605075","82.3551261058127","80.7521033045627","92.8218938037134","90.5386890661613","98.9789084760782","107.811997212897","117.717493173143","100.257333370336","101.623744145214","100.047566593231","96.6798992232414","",
"Bosnia and Herzegovina","BIH","Mobile cellular subscriptions (per 100 people)","IT.CEL.SETS.P2","0","","","","","0","","","","","0","","","","","0","0","0","0","0","0","0","0","0","0","0","0","0","0","0","0","0","0","0","0","0","0.03838526","0.222345857","0.611923183","1.266718581","2.24497935102678","10.6404497446786","17.879170067254","25.7217681941681","33.9880564705951","38.9202910880111","46.4605864436346","61.0557219969781","80.5319966034577","83.953916109979","81.6018850459875","84.7529182494619","91.4833140015035","96.6063476862431","97.9342347136426","97.8678378339204","98.0143984902979","100.332576774399","102.186536758193","112.254788698841","106.374742411306","114.911613799718","118.944352880459","117.733690876159","121.232373011893","",
"Belarus","BLR","Mobile cellular subscriptions (per 100 people)","IT.CEL.SETS.P2","0","","","","","0","","","","","0","","","","","0","0","0","0","0","0","0","0","0","0","0","0","0","0","0","0","0","0","0.00309146","0.016457615","0.056367534","0.062741587","0.07852187","0.117354959","0.22755487","0.493959102272144","1.39191079953693","4.6855962201662","11.4044672869282","23.0022194964587","42.4034825573205","62.0314078756574","72.7794960082642","85.2943083888757","101.881315451425","108.873353765855","112.901923256589","112.822416305227","117.433516760028","120.366076944418","120.669626204229","120.431507778029","120.212652133209","122.56975741957","123.229810991965","125.164732031333","127.117317282369","128.314999383533","128.979176539764","131.123016605614","",
"Belize","BLZ","Mobile cellular subscriptions (per 100 people)","IT.CEL.SETS.P2","0","","","","","0","","","","","0","","","","","0","0","0","0","0","0","0","0","0","0","0","0","0","0","0","0","0","0","0.205997621","0.419321022","0.759987424","1.040792985","1.171718474","1.571760772","2.832000619","6.98175656875651","15.7642151711699","20.2059302602643","22.8990067480476","27.6051941933394","34.3186847364075","40.989585866235","39.9574468085106","52.5796669087038","51.751680986776","60.6413839404206","67.9524470054812","51.5597433121819","51.1127633354507","49.3805223502033","59.4797562953754","61.1255672392756","64.1585522049721","64.7801570644827","66.0704612665196","67.551661668526","66.7769498110516","67.1750266305468","","","",
"Bermuda","BMU","Mobile cellular subscriptions (per 100 people)","IT.CEL.SETS.P2","0","","","","","0","","","","","0","","","","","0","0","0","0","0","0","0","0","0","0","0","0","","","1.304477246","1.934922568","2.488163942","3.319502075","5.788219271","8.673365814","10.63482721","13.3355615","17.062115","20.74484761","20.99014447","21.1210398050366","21.5510692291529","48.2765279521097","64.1169493155516","78.3310686595796","84.0681858047233","95.6488525320686","109.506427551182","124.80252764613","133.721387556045","138.407218517066","","142.978348992867","148.331078742882","93.6438476916054","59.8764653977058","100.6966224842","102.231904117777","","104.512767716474","105.619583113293","105.185001856206","105.274212729154","","96.6767745528807","",
"Bolivia","BOL","Mobile cellular subscriptions (per 100 people)","IT.CEL.SETS.P2","0","","","","","0","","","","","0","","","","","0","0","0","0","0","0","0","0","0","0","0","0","0","0","0","0","0.004071835","0.020975279","0.035244269","0.052718307","0.092189324","0.418055648","1.455376388","2.887342571","4.980938617","6.76967151836916","8.91055094087152","11.4976649807789","14.1297800170153","19.5646767642078","25.8675957086363","30.2062270674877","33.5992508744616","51.1488440905351","64.5388630004667","70.5072652714085","80.7163040735906","90.2755917829226","97.5951190945133","96.3263792565653","92.2660116634989","90.3953302409119","96.6383703523099","99.4565867202022","100.14945954148","99.898817726261","100.809064985893","101.57150434614","","98.0287940811943","",
"Brazil","BRA","Mobile cellular subscriptions (per 100 people)","IT.CEL.SETS.P2","0","","","","","0","","","","","0","","","","","0","0","0","0","0","0","0","0","0","0","0","0","0","0","0","0.000442582","0.004369477","0.020525874","0.114869348","0.356570578","0.786185011","1.504575585","2.69954844","4.307896658","8.665064415","13.3251349993215","16.3049193714237","19.540774901626","25.6741091130257","35.9134794819895","46.6788794368512","53.5317215669585","64.1626170391327","79.1319735150735","88.1849371150662","101.666503279892","120.008104166504","126.131962754994","136.589138644321","140.304679417776","127.83616904008","120.101181531485","108.092570205646","101.602460284017","97.3747376780285","98.6456198619193","104.824727184587","101.245468903076","101.020256020808","101.926846460424","",
"Barbados","BRB","Mobile cellular subscriptions (per 100 people)","IT.CEL.SETS.P2","0","","","","","0","","","","","0","","","","","0","0","0","0","0","0","0","0","0","0","0","0","0","0","0","0","0.187353991","0.305904416","0.59771031","1.133688941","1.759027693","2.390846062","3.044175303","4.551626827","7.687852519","10.8626551630715","20.2385443460036","36.794902857489","52.6759376316898","74.8744846575732","76.7344234963119","87.8212013244346","94.9529651145646","105.84788459705","122.959766236325","127.182525986129","125.993430844611","126.127869775907","110.819872868385","109.738888010692","120.001433743145","118.816300545784","117.629947424965","117.318523321138","117.111593950364","104.722078254017","112.222706603295","114.580721030894","","","",
"Brunei Darussalam","BRN","Mobile cellular subscriptions (per 100 people)","IT.CEL.SETS.P2","0","","","","","0","","","","","0","","","","","0","0","0","0","0","0","0","0","0","0","0","0","0","0","","0.676521792","1.120951605","1.479006258","2.916621299","5.351515401","11.99644263","14.21442475","14.36712801","15.34552338","20.18070908","29.1032522118472","42.8996985105521","45.1771395975878","51.16735951442","57.3668715341828","64.8898349474529","82.6516537186389","98.7232826331386","105.575540044416","107.255450030134","110.901991170743","110.959741004384","115.8258888393","114.010632244007","108.471265746851","109.751499246824","122.42681797345","125.870435240727","129.268175692652","129.845260684919","119.933885258067","133.597065445264","116.108439291126","118.673752421293","118.130579766209","",
"Bhutan","BTN","Mobile cellular subscriptions (per 100 people)","IT.CEL.SETS.P2","0","","","","","0","","","","","0","","","","","0","0","0","0","0","0","0","0","0","0","0","0","0","0","0","0","0","0","0","0","0","0","0","0","0","0","0","0","0.35363507056235","2.94184559384146","5.43917566271067","12.235856046297","22.0203318101912","36.9241102584538","48.8391730116371","56.1998312505701","68.2555256231877","78.1969080371794","75.052704292039","85.1865744422272","91.2409636276731","93.382103211003","96.8565690310008","92.6022594006784","95.3472955869586","96.7702849068709","100.330908049861","95.129809428439","95.6260610260877","99.7576826476519","",
"Botswana","BWA","Mobile cellular subscriptions (per 100 people)","IT.CEL.SETS.P2","0","","","","","0","","","","","0","","","","","0","0","0","0","0","0","0","0","0","0","0","0","0","0","0","0","0","0","0","0","0","0","0","0.917437288","5.438773013","13.2462372912074","19.4050649027539","19.0435033296786","25.0587925232129","28.9318073913231","30.6423744630755","43.9084008885494","60.2637294559808","76.195582496141","94.1440909682303","116.2460387062","139.870462760455","146.149158429435","151.670682520804","157.018320070864","157.734742812171","147.172960511479","142.962095019868","147.06483856362","160.661520194607","161.858815314634","173.25235140068","178.205018910673","179.027305378019","163.999922257361","",
"Central African Republic","CAF","Mobile cellular subscriptions (per 100 people)","IT.CEL.SETS.P2","0","","","","","0","","","","","0","","","","","0","0","0","0","0","0","0","0","0","0","0","0","0","0","0","0","0","0","0","0","0.001342812","0.031841169","0.039612869","0.045934475","0.113860194","0.129571118814133","0.280648972684436","0.31452216220507","0.974875983588938","1.43101573974212","2.33164910546282","2.51280445195849","7.61858666254367","12.5027857083947","19.0689343696367","21.7946380977499","21.7401847658532","24.7918387246771","29.3015343940304","24.9962039132355","26.8396654368244","26.4835649048309","24.5204193752763","26.2215810621653","32.2626859489842","36.426009643045","35.8169832358522","38.8217901039988","","","",
"Canada","CAN","Mobile cellular subscriptions (per 100 people)","IT.CEL.SETS.P2","0","","","","","0","","","","","0","","","","","0","0","0","0","0","0","0","0","0","0","0.046432581","0.229743594","0.37207101","0.75566853","1.266968346","2.110719507","2.7692662","3.621504167","4.649694019","6.437896665","8.842031473","11.81927704","14.03819836","17.73439489","22.73384365","28.2502125240149","34.1165640836358","37.6463700029969","41.7477031538849","46.743691888986","52.4553306173799","57.2331332804484","61.2755204244533","66.0481445157618","70.3944880872526","75.5197130593625","77.6722584904981","79.3757242462141","80.3548920843149","80.790219211487","82.767383138656","84.5919452304565","86.1024018448784","89.0494584998715","90.9589210049458","84.7747749116615","87.4056019628826","91.2386689983444","94.1497268194785","94.1059718794246","",
"Central Europe and the Baltics","CEB","Mobile cellular subscriptions (per 100 people)","IT.CEL.SETS.P2","0","","","","","0","","","","","0","","","","","0","0","0","0","0","0","0","0","0","0","0","0","0","0","0","0.00261056682817441","0.011712864542566","0.0409861753430625","0.100145314041537","0.265133988712243","0.502357189330766","1.11078924064207","2.85223847693437","5.71859300651462","10.8961048326083","20.6738050964585","32.3962797065849","44.0470611702492","53.9585246760165","67.6395983731625","82.057716489448","96.9548130511162","111.161228073277","119.094672426691","119.689348064331","121.74442149351","124.795725594432","129.359970635373","131.766589782834","130.864424519989","126.076137856759","124.997371413113","122.132128080483","119.829218463391","120.788794710806","121.617426753818","124.396200399213","124.683360007648","","","",
"Switzerland","CHE","Mobile cellular subscriptions (per 100 people)","IT.CEL.SETS.P2","0","","","","","0","","","","","0","","","","","0","0","0","0","0","0","0","0","0","0","0","0","0.083658647","0.466700067","1.094383444","1.86312157","2.568755037","3.128988784","3.715376361","4.750957515","6.353340872","9.374002343","14.73654995","23.89578208","42.80907642","64.5672951042503","73.0072729250327","78.808880973002","84.3941464361848","84.9755978783873","91.9590388522439","99.4336839067788","108.793498963141","116.422699159143","120.4834287435","123.236153760539","127.39653885362","132.03116268359","136.551244178553","136.137729869778","135.723075533919","134.235676338144","131.169694242519","126.681143927488","126.920635838501","127.376373489656","123.21236546636","123.971228075124","130.221876609608","129.471369643132","",
"Channel Islands","CHI","Mobile cellular subscriptions (per 100 people)","IT.CEL.SETS.P2","","","","","","","","","","","","","","","","","","","","","","","","","","","","","","","","","","","","","","","","","","","","","","","","","","","","","","","","","","","","","","","","","","",
"Chile","CHL","Mobile cellular subscriptions (per 100 people)","IT.CEL.SETS.P2","0","","","","","0","","","","","0","","","","","0","0","0","0","0","0","0","0","0","0","0","0","0","0","0.037216408","0.104332892","0.266451437","0.467541804","0.608541585","0.814113391","1.368639745","2.185860172","2.766776987","6.429716534","14.89605908","21.940177255205","32.5225204603793","39.3765893078697","45.3565896058797","57.2138183202879","64.650532290548","75.4173719554466","83.706530292478","87.8710347676476","96.7106593278871","115.54453101319","128.604683221629","136.656261082535","133.778091102587","132.559670334991","128.583971575207","127.565123343064","124.000811902967","133.270134198082","130.492770400522","129.413740104604","136.571581265001","135.114280974065","135.871118507277","132.660408764665","",
"China","CHN","Mobile cellular subscriptions (per 100 people)","IT.CEL.SETS.P2","0","","","","","0","","","","","0","","","","","0","0","0","0","0","0","0","0","0","0","0","0","6.38E-05","0.000289186","0.000864322","0.001587842","0.004061416","0.014946866","0.053350925","0.129878018","0.29791213","0.557926117","1.069072913","1.913884263","3.448689963","6.71560052077804","11.3253430460055","16.0082608205277","20.8535640719574","25.7141478183928","30.030370302192","34.9802047114251","41.280765820364","48.075790702641","55.6574567487616","63.5563376954813","72.5052393725573","81.2075981633238","89.130227261039","92.6612034094217","92.5401171363348","97.2138770934621","104.073181609424","116.229125477063","122.670391850252","120.496715387079","121.491918368395","124.195248970763","128.247014127486","131.753932036803","",
"Cote d'Ivoire","CIV","Mobile cellular subscriptions (per 100 people)","IT.CEL.SETS.P2","0","","","","","0","","","","","0","","","","","0","0","0","0","0","0","0","0","0","0","0","0","0","0","0","0","0","0","0","0","0","0.091479639","0.234750142","0.575143814","1.573080065","2.67219556535498","4.00763786041553","5.50560497365526","6.69625990207232","8.54468997193162","11.7071226897453","19.7861496888908","35.5088438452275","48.5675503786085","59.9342847557544","69.3658791896946","75.4688103733356","77.1273355805099","80.9986810652982","90.1219840101242","100.638777689061","105.624772864173","118.755063895419","123.098008449044","132.574011521792","138.663750301785","150.343798608733","161.231833444196","171.988943341282","183.875985110648","",
"Cameroon","CMR","Mobile cellular subscriptions (per 100 people)","IT.CEL.SETS.P2","0","","","","","0","","","","","0","","","","","0","0","0","0","0","0","0","0","0","0","0","0","0","0","0","0","0","0","0","0.012452465","0.021193421","0.025782073","0.030126572","0.034929378","0.040819178","0.692560554874589","2.72572763691018","4.4609440140897","6.66446374271828","9.2162740321822","13.1921614065904","17.8682237967473","25.1303387011205","33.1693465336812","41.8757501710529","43.9120552066482","51.831042080032","62.9906520229266","73.1912475512065","77.2399893326772","79.7800672605612","79.8046154795305","83.4502920413828","74.3995446655806","83.9044001051513","85.2721639882676","80.8081013360278","89.8274190453067","96.4817325902196","108.213130152497","",
"Congo, Dem. Rep.","COD","Mobile cellular subscriptions (per 100 people)","IT.CEL.SETS.P2","0","","","","","0","","","","","0","","","","","0","0","0","0","0","0","0","0","0","0","0","0","0","0","0","0","0","","","","0.019636928","0.016319607","0.019856233","0.021788617","0.025409066","0.0296985937240694","0.287727578607846","1.04185030828723","2.25178518877259","3.49263315540874","4.672156824474","7.28434192555525","10.5509558026352","15.4333274152911","14.2422314241676","17.2401170438218","22.081904226281","27.4285479176207","37.2504622843341","47.3232446178692","46.5879368397055","34.4098982787676","40.6222618919854","40.5014483221793","39.9399996397964","42.5027574227056","47.2882541992485","48.6773534153863","53.1888827659463","58.532153345468","",
"Congo, Rep.","COG","Mobile cellular subscriptions (per 100 people)","IT.CEL.SETS.P2","0","","","","","0","","","","","0","","","","","0","0","0","0","0","0","0","0","0","0","0","0","0","0","0","0","0","0","0","0","0","0.035503862","","0.115417379","0.165746278","2.22127377357922","4.58359981873391","6.61937207884394","9.57700682550374","10.7599828806407","15.1009916964998","23.9093357002081","32.3490426913675","43.9283464733463","68.8659935406248","83.3372102664775","84.2730931396327","90.3528989863831","95.9371427265534","99.0799617354116","102.323043027664","103.857589492921","94.4868175378447","91.1889913731567","91.0654212529473","97.6561289989503","95.8614998889206","93.6259259161068","94.8715365076336","95.5319320614796","",
"Colombia","COL","Mobile cellular subscriptions (per 100 people)","IT.CEL.SETS.P2","0","","","","","0","","","","","0","","","","","0","0","0","0","0","0","0","0","0","0","0","0","0","0","0","0","0","0","0","0.245938139","0.763384012","1.42730078","3.391517836","4.744384773","5.096626456","5.7733558721281","8.22292038567728","11.3989596445651","15.1113691091837","25.0355900853115","51.8645230811088","69.7164658550249","78.5031210785872","94.5289757435806","95.2296035956824","99.3307638628387","102.07868984477","107.329081558437","108.978088379372","118.822639860142","122.051401385652","123.709953422515","129.272014227481","131.595473810882","132.810761644655","133.661019178018","146.627837254516","156.195161137443","166.980107777443","174.094289675393","",
"Comoros","COM","Mobile cellular subscriptions (per 100 people)","IT.CEL.SETS.P2","0","","","","","0","","","","","0","","","","","0","0","0","0","0","0","0","0","0","0","0","0","0","0","0","0","0","0","0","0","0","0","0","0","0","0","0","0","0.351001583017139","1.44273158097757","2.61913318721665","6.09786144095193","10.0666691521039","14.578099401405","19.097526742862","25.2396019766781","32.3981821883195","41.5930930270088","49.9143914322486","53.8297097833741","58.4555555249752","61.2597928387402","61.9708221164076","64.6590805998004","73.1291747290161","97.4339379901591","104.311430086999","100.549036907747","109.855630436495","","",
"Cabo Verde","CPV","Mobile cellular subscriptions (per 100 people)","IT.CEL.SETS.P2","0","","","","","0","","","","","0","","","","","0","0","0","0","0","0","0","0","0","0","0","0","0","0","0","0","0","0","0","0","0","0","0.004644099","0.231705489","1.794376227","4.3521420992374","6.84498786642421","9.19588220432249","11.2682542465615","13.7221770240107","16.8456963812704","22.182960825549","30.6761522803765","55.3839096049705","57.4189800865767","72.9467774586884","77.511257275925","83.0756609467629","97.5075406315584","119.724160007495","119.335511344785","117.442454843782","119.373631537182","118.876152819844","115.867801067488","105.838590655535","114.230551109167","113.247367438782","113.022968194497","111.84067886381","",
"Costa Rica","CRI","Mobile cellular subscriptions (per 100 people)","IT.CEL.SETS.P2","0","","","","","0","","","","","0","","","","","0","0","0","0","0","0","0","0","0","0","0","0","0","0","0","0","0","0.090549498","0.133113211","0.200191909","0.524790252","1.272648304","1.721843643","2.846322652","3.541727008","5.37399761639865","8.15535850187094","12.3286155401335","18.8050161593357","21.977782317376","25.8447071744375","33.4090120194199","34.4322741543401","42.4897794081876","43.3424130142933","68.6654541894774","90.0914848759163","115.312137778965","150.800664186252","147.26739567441","156.403893036958","171.166374015358","179.931274611112","171.357339055205","144.514079558713","142.481526800044","140.788061157457","136.518375013406","133.527658761832","136.024511151268","",
"Caribbean small states","CSS","Mobile cellular subscriptions (per 100 people)","IT.CEL.SETS.P2","0","","","","","0","","","","","0","","","","","0","0","0","0","0","0","0","0","0","0","0","0","0","0","0","0.0863588811674833","0.12935796909267","0.205835963077844","0.31089275768204","0.359654796968817","0.619141448283923","0.84351196945758","0.996856333213174","1.4589121553651","3.01899072200713","7.25024377014366","13.7656877204208","20.3029801305704","34.1128195841599","43.389184686257","52.8289319749782","64.8116146135132","80.1621082346752","91.4576763576687","100.128632622832","99.9808407455144","95.9818537379915","93.9498454863244","100.900334843693","100.709780576529","97.5801849175835","101.901814316053","102.877295759944","104.593014821527","106.436957613453","111.600729388143","109.129045044123","","","","",
"Cuba","CUB","Mobile cellular subscriptions (per 100 people)","IT.CEL.SETS.P2","0","","","","","0","","","","","0","","","","","0","0","0","0","0","0","0","0","0","0","0","0","0","0","0","0","0","0.002169932","0.004612149","0.010581227","0.017745518","0.022138038","0.027222812","0.036759914","0.04639527","0.0588346014068275","0.0769822180857154","0.159705935664212","0.315414327443357","0.674425176594278","1.20340377502297","1.35403043830989","1.75642086059413","2.93785859106843","5.49952592888765","8.87827465571973","11.6367981053254","14.8776339391366","17.663909552762","22.4242641732624","29.5816121680895","35.3988758000897","41.0193113711099","47.8601543156489","53.9383385257639","59.6058696780721","63.8661095570576","68.7180442358013","69.5767786567811","72.930002350684","",
"Curacao","CUW","Mobile cellular subscriptions (per 100 people)","IT.CEL.SETS.P2","","","","","","","","","","","","","","","","","","","","","","","","","","","","","","","","","","","","","","","","","","","","","","","","","","129.053104444088","130.051823379802","130.099769181287","127.231027410032","124.764421337878","116.689390220994","114.330900535376","111.241968745157","111.077879845237","102.647274249241","97.200107627293","91.8829519290015","90.6602271807463","92.7324718767703","93.7975591472655","","",
"Cayman Islands","CYM","Mobile cellular subscriptions (per 100 people)","IT.CEL.SETS.P2","0","","","","","0","","","","","0","","","","","0","0","0","0","0","0","0","0","0","0","0","0","","","","0","2.044623263","3.445269728","4.19468673","5.770577376","7.725138711","","11.54894741","13.99339577","21.96109153","26.9698039017997","41.3736036408771","44.6911605588747","47.890016843447","74.5281354736285","173.003761648286","191.903715375684","204.272747398716","192.201520986882","206.581398000684","185.896227287011","174.040571161385","172.980257630916","167.140056261188","151.361369680851","151.2669932838","151.594294770206","149.772991400015","","147.043533797733","145.594315997903","142.637074228333","139.314997695241","","","",
"Cyprus","CYP","Mobile cellular subscriptions (per 100 people)","IT.CEL.SETS.P2","0","","","","","0","","","","","0","","","","","0","0","0","0","0","0","0","0","0","0","0","0","0","0.030037547","0.23753304","0.544701415","0.862497899","1.594988536","2.44295302","3.589671362","6.773274417","10.62299265","13.62085308","17.04920193","21.9622013","31.3009318996416","44.557760453579","58.5586380832282","76.3248028772998","89.8","105.175134408602","114.498614592954","127.29417825863","127.586773748275","119.340861921621","123.133007859014","126.559628770302","128.74435044617","127.862906976744","129.042983271375","128.631974994212","130.334521209334","133.940473480537","134.843630644799","137.76052748227","135.588846364133","142.051408905141","146.71583605521","148.333712748344","156.218025662252","",
"Czechia","CZE","Mobile cellular subscriptions (per 100 people)","IT.CEL.SETS.P2","0","","","","","0","","","","","0","","","","","0","0","0","0","0","0","0","0","0","0","0","0","0","0","0","0","0.012054318","0.04510736","0.136089876","0.294817456","0.474218514","1.945627333","5.12050537","9.406584208","18.97282769","42.454744664448","67.8967401672567","84.0881284066711","94.7289136642016","105.078395353483","114.549637539441","120.394905647853","127.966877622661","132.778736616777","125.349158452872","123.605282283555","125.460303933748","128.69010077246","130.521237278882","132.288685248373","118.339820565816","118.544499080322","119.874291148129","120.431679514249","124.126150238634","123.219460160155","126.173145654465","128.105295003482","126.004753501387","126.600163061009","",
"Germany","DEU","Mobile cellular subscriptions (per 100 people)","IT.CEL.SETS.P2","0","","","","","0","","","","","0","","","","","0","0","0","0","0","0","0","0","0","0","0.001391057","0.030589939","0.06242341","0.125848762","0.207331963","0.343465197","0.666964587","1.211756918","2.20218591","3.079172276","4.59177788","6.779755664","10.1625708","17.06605986","28.74800454","58.9286257003872","68.5015729450642","72.0472841129963","78.916971734145","86.8798237231984","96.6168901963931","104.834680181706","118.369804221089","130.097465346683","129.733283319711","109.364084468464","112.41947815744","114.191945537857","123.435398879553","122.308668591557","117.401165117624","125.024012174369","132.003261888443","128.945577229674","128.292298108313","128.424798814302","127.125099449404","124.158264349285","124.662572774586","129.150921864378","",
"Djibouti","DJI","Mobile cellular subscriptions (per 100 people)","IT.CEL.SETS.P2","0","","","","","0","","","","","0","","","","","0","0","0","0","0","0","0","0","0","0","0","0","0","0","0","0","0","0","0","0","0","0.017063549","0.03039896","0.03165832","0.038922892","0.0307767242325222","0.388947158935478","1.88543114782534","2.82722345759595","4.17394967341464","5.24961062577532","5.23707470751282","7.95160360788906","12.6407194080208","14.1275025314664","17.8030445546417","20.3518393182072","21.9776218597006","24.7884901261545","28.6271201146485","30.8091732634986","33.271816300825","35.3657091447905","36.8545231657962","38.0143821719119","39.2725038635961","43.6423520933817","46.7770531248021","48.4504884885996","","",
"Dominica","DMA","Mobile cellular subscriptions (per 100 people)","IT.CEL.SETS.P2","0","","","","","0","","","","","0","","","","","0","0","0","0","0","0","0","0","0","0","0","0","0","0","0","0","0","0","0","0","0","0.666512448","0.804852275","0.942876208","1.164517162","1.75154354775146","11.2904170571696","17.8053739377185","34.7083801491296","60.9448061879998","75.6539703785608","103.915356218934","129.272154196988","132.163708716995","143.035548327138","153.308935651113","157.73970718144","158.135362713041","134.225059169476","104.991971352649","109.720210197415","112.697181277476","109.83123102079","112.682254231819","115.103123158515","110.409483077561","92.5136156662004","85.1898961482058","","","",
"Denmark","DNK","Mobile cellular subscriptions (per 100 people)","IT.CEL.SETS.P2","0","","","","","0","","","","","0","","","","","0","0","0","0","0","0","0","0.140449493","0.314187293","0.597502906","0.900487005","1.125216799","1.511897858","1.979650444","2.411252199","2.881065749","3.410855268","4.078142483","6.884952297","9.657063946","15.70646066","25.04927694","27.36235505","36.44279893","49.41084849","62.9918994812027","73.8998340681955","83.2921530837568","88.4332414453254","95.6021520934582","100.547111340322","107.186073542231","115.497142141498","119.353288564998","123.727484183458","115.734472895239","128.762868998962","130.416027276514","125.21344682497","126.869141573913","124.553508356615","121.941164424922","123.86211468599","124.550124408336","124.573359763273","124.370019531752","125.604137839658","126.48354098254","126.717092547985","126.686532566268","",
"Dominican Republic","DOM","Mobile cellular subscriptions (per 100 people)","IT.CEL.SETS.P2","0","","","","","0","","","","","0","","","","","0","0","0","0","0","0","0","0","0","0","0","0","","","","0.044410131","0.077008662","0.096804509","0.136799086","0.27175271","0.711318386","1.030251685","1.737308953","2.528143136","5.045953253","8.21779340858019","14.564687866208","19.2110692949295","23.293647877318","27.8318842222401","39.2767007687993","49.3048792642217","58.3022249747188","75.320015501722","89.0106149754545","90.5562579078275","88.1873540123839","88.7172926705772","90.2546667185935","80.495501539039","84.3065756036826","82.5303394895289","82.2092066040533","82.8937401810212","82.1376141070859","81.6619005659366","87.5207623947766","90.3760163850377","91.8676246650308","93.7095828968519","",
"Algeria","DZA","Mobile cellular subscriptions (per 100 people)","IT.CEL.SETS.P2","0","","","","","0","","","","","0","","","","","0","0","0","0","0","0","0","0","0","0","0","0","0","0","0","0.001841832","0.018294243","0.017874031","0.017478039","0.004825141","0.016472352","0.040366216","0.059031014","0.060151043","0.237262911","0.278282092162305","0.319170453012348","1.41805404487787","4.49693928527318","14.963746486714","41.2614463106668","62.4502215801053","80.6177005187804","77.6388036853647","92.2215091977573","90.5823787597715","96.5112947931918","99.6853251935403","102.871008201635","110.440351392657","108.016371207167","115.154200093555","109.96986300969","110.938066513767","104.922068012909","103.436671524065","105.037092587919","107.787115922596","111.60623555659","115.457278573892","",
"East Asia & Pacific (excluding high income)","EAP","Mobile cellular subscriptions (per 100 people)","IT.CEL.SETS.P2","0","","","","","0","","","","","0","","","","","0","0","0","0","0","0","0","0","0","0.000120230078575187","0.000138446766729095","0.00107281084566003","0.0019745902282062","0.00365282181863049","0.00641796271808725","0.0114992438853838","0.0218985652966774","0.0432304566312488","0.0922252241487277","0.184535563882798","0.386481542085358","0.678044273793228","1.12777019607665","1.74703892364188","3.01013077411544","5.76210038512536","9.82801642704788","14.1784085903823","18.6223253364908","23.7210053119199","28.3203006546767","33.9906596928379","42.8007115610981","52.6461335994694","60.9281923881329","70.2080044607667","80.1755198281435","88.9548080985144","95.9201242078633","100.976885094263","101.512239575662","107.879616292969","114.29740003326","120.388492509008","126.854387586962","123.8","124.9","125.5","126.9","128.2","129.8",
"Early-demographic dividend","EAR","Mobile cellular subscriptions (per 100 people)","IT.CEL.SETS.P2","0","","","","","0","","","","","0","","","","","0","0","0","0","0","0","0","0","0","9.99232132751669E-05","0.000113086798609228","0.000300018754855997","0.000840373538160302","0.00146136338498369","0.00279192553692049","0.00917692452066033","0.0189034068248068","0.0340284620637237","0.0530337928299853","0.101562960424445","0.182155353798309","0.342219760793594","0.644347324457574","1.03712834561539","1.86316806056433","3.24430164437991","4.60939203040537","5.98268276626973","8.2076558173003","11.5179522356562","17.0282128105078","24.9702237619871","34.2682424050269","44.6062128063009","54.9461722824844","67.2044861265385","76.4596068234491","78.608696214951","82.2483902385733","85.1998067528163","88.0498058781388","93.9590434686905","96.3611769859029","95.6077352113338","95.9977673901306","95.6621086286102","97.8329155295442","96.3653995383414","","","",
"East Asia & Pacific","EAS","Mobile cellular subscriptions (per 100 people)","IT.CEL.SETS.P2","0","","","","","0","","","","","0","","","","","0","0","0","0","0","0","0.000838211297084685","0.00122935323345165","0.00166070611338332","0.00266233992868115","0.00418145742560049","0.00748051009606595","0.0129560660825268","0.0238417433972933","0.0502886149770024","0.0895482765674809","0.147175861698378","0.214791627054844","0.315469476924249","0.582144782115248","1.25901097268449","2.4966431753582","3.75600986787221","5.33481984754079","7.87453027692208","11.4647836198787","15.9045115763296","20.4320451290257","24.8641321094214","29.7558348609352","34.2366583597866","39.6644119110779","48.2513956231179","57.3340585755902","65.1814267902431","73.9770106724883","83.5200185131569","91.8441602467353","98.425588404076","103.473045520977","103.7","109.8","115.9","120.7","128.1","126.1","127.6","128.7","130.9","132.9","135.1",
"Europe & Central Asia (excluding high income)","ECA","Mobile cellular subscriptions (per 100 people)","IT.CEL.SETS.P2","0","","","","","0","","","","","0","","","","","0","0","0","0","0","0","0","0","0","0","0","0.000194413532701423","0.00267825536461062","0.00509779236703846","0.00797646936248644","0.0160744624935875","0.0239195300865139","0.0304749739789793","0.0420177943062758","0.0901072588342911","0.230637931770548","0.431876828840175","0.876129507243441","1.88209354919557","4.38352495754345","8.77054006544845","11.9512482677819","15.4207416701947","20.1843224233383","29.8092611849295","44.9450243348987","63.2756515044289","77.0922990906071","86.4803772581139","90.3320142399412","95.3951029216223","104.604414251313","106.986623033569","109.842620151994","111.084522303861","109.790593674442","108.379627294018","109.863407070652","107.098654897689","111.747265336464","106.3","109.9","110","113.2","115.4","117.3",
"Europe & Central Asia","ECS","Mobile cellular subscriptions (per 100 people)","IT.CEL.SETS.P2","0","","","","","0","","","","","0","","","","","0","0","0","0","0","0.00300000830479301","0.00638648121041208","0.0100138435140001","0.0155509973808551","0.0239524755746834","0.0419023116923622","0.0688240595501274","0.116448948666354","0.192079523861066","0.301543481919249","0.415286198842037","0.565037071186595","0.745036912627818","1.10392417583795","1.79608903751347","2.84802411304229","4.48034773551413","7.18857489924677","12.2777552621196","21.3318462342289","34.1426870167349","42.0345809507666","47.700404904333","55.1982757002256","66.2863854507077","81.2101936296506","94.7728462804817","106.502951626028","115.166753219299","119.526196384206","120.330730781447","120.443939487647","122.578365415616","125.059373627102","124.878330839041","124","123.6","122.7","122.6","125","123.3","126","126.6","130.2","132.4","134.6",
"Ecuador","ECU","Mobile cellular subscriptions (per 100 people)","IT.CEL.SETS.P2","0","","","","","0","","","","","0","","","","","0","0","0","0","0","0","0","0","0","0","0","0","0","0","0","0","0","0","0","0.166730527","0.470346789","0.507667711","1.055277857","1.990312216","3.087202545","3.80018261189865","6.6545527212228","11.8800801189058","17.9337879345567","26.0434408838874","45.1123679534901","60.2369096240834","69.3707479349418","80.1668409123935","89.3147112152108","98.0369371404011","100.042332662827","105.680291422005","105.181656022524","103.558519410265","79.5746462378333","84.1088342242983","87.421387212843","92.5117717203865","91.4249181128443","88.2554920433727","94.950621672761","98.1309025742238","101.031752745524","101.598265014024","",
"Egypt, Arab Rep.","EGY","Mobile cellular subscriptions (per 100 people)","IT.CEL.SETS.P2","0","","","","","0","","","","","0","","","","","0","0","0","0","0","0","0","0","0","0","0","0","0.004971488","0.005563695","0.006489636","0.006991219","0.007677735","0.008189815","0.011203574","0.011741777","0.011482554","0.011239195","0.09758824","0.132638847","0.688011068","1.8607538216263","3.74243009523559","5.89552843443126","7.44671264050805","9.61664053535291","16.8057130340828","21.7666484648207","35.7083780152706","48.0833441516988","63.2585121037051","79.2198618342745","91.5823290114783","103.904852847169","104.585398175604","97.7313128919015","94.3962460363651","96.2091951594197","99.2884367821237","88.7420881346276","88.6447815879102","87.2316871725819","84.0866220906029","90.6794715776528","92.8261626420085","97.1295066037455","",
"Euro area","EMU","Mobile cellular subscriptions (per 100 people)","IT.CEL.SETS.P2","0","","","","","0","","","","","0","","","","","0","0","0","0","0","0.0077135945001878","0.00925348639169458","0.0110521748377031","0.0156846256450993","0.0203610565398553","0.0332727827553988","0.054486327952165","0.0887765186626448","0.152716775697709","0.250273864233215","0.434532580967804","0.710478365108073","1.03238851076075","1.59698782244784","2.49653934439109","4.09303972054626","7.14446126916864","12.5045228453092","21.7912063021852","37.480968841955","58.9900660959894","71.6691943289689","76.7041148094687","82.7929815238927","89.5797675280421","98.8279532529889","107.060714820708","117.09678985936","122.034621135203","121.222626180633","117.39984685151","120.39652528329","121.72781302301","122.702629507747","120.998520694773","120.339522592896","121.39529734813","122.790373736647","122.501733240973","122.045744412398","121.425545157311","123.005707748284","123.504922574754","","","",
"Eritrea","ERI","Mobile cellular subscriptions (per 100 people)","IT.CEL.SETS.P2","0","","","","","0","","","","","0","","","","","0","0","0","0","0","0","0","0","0","0","0","0","0","0","0","0","0","0","0","0","0","0","0","0","0","0","0","0","0","0.769738796836681","1.51953149219435","2.29317381677543","3.07477849040289","3.85718703829491","4.88696745195879","6.29077416502727","8.06870803088893","10.0521635251769","11.5420445230877","13.4855143799717","15.2952170085389","16.1935649461164","22.0610618449333","","40.4605403256719","54.7205015934574","53.7582573847458","59.1248082166991","","","",
"Spain","ESP","Mobile cellular subscriptions (per 100 people)","IT.CEL.SETS.P2","0","","","","","0","","","","","0","","","","","0","0","0","0","0","0","0","0","","","","0.004405194","0.010854247","0.029983197","0.076666811","0.140653526","0.27810043","0.459912366","0.652606384","1.039604429","2.373389764","7.494773352","10.7956461","15.94912844","37.00760234","59.1545409294551","71.9003474770726","80.3027940805405","87.5626112431679","89.3326464755076","97.1228342120143","102.236498446106","106.384415658258","107.328389840315","109.472490510383","109.711571858447","111.899355043358","107.756074158579","107.038567264134","108.745818831037","109.391040801705","110.247061960011","112.030085134191","115.009066880916","116.69612128516","116.712041523767","118.999806936801","123.399528756795","127.715490236713","130.260997343256","",
"Estonia","EST","Mobile cellular subscriptions (per 100 people)","IT.CEL.SETS.P2","0","","","","","0","","","","","0","","","","","0","0","0","0","0","0","0","0","0","0","0","0","0","0","0","0","0.036407139","0.162167672","0.480179948","0.933370468","2.096126379","4.8443196","10.14428522","17.50349184","27.57396163","39.8712380914204","46.910647175312","63.866728044453","76.6123937702885","92.1518394688099","106.676173268145","123.151282965075","125.44512029119","121.494023517023","117.684904325724","124.136203591879","136.065402099509","151.196568013694","146.247455268495","144.360615678625","144.802963084675","144.235470787302","144.556616126155","145.543490183174","147.04692867619","144.832210121466","148.739589817601","152.270772859015","150.195729068839","151.131825017309","",
"Ethiopia","ETH","Mobile cellular subscriptions (per 100 people)","IT.CEL.SETS.P2","0","","","","","0","","","","","0","","","","","0","0","0","0","0","0","0","0","0","0","0","0","0","0","0","0","0","0","0","0","0","0","0","0","0.010356869","0.026341205254997","0.0395753139955781","0.0703128868323795","0.0695139494020418","0.204442313509778","0.523980166770728","1.07393125130028","1.45421325867565","2.28482954460171","4.60380846952871","7.57025899497312","15.1655003216856","21.4239594545095","26.0536269908585","30.1536033852735","40.7363012371526","47.9993274246983","36.1094836260863","","36.2199307720652","37.4208472347226","52.8088633217211","56.9642988837987","59.8748744402242","65.0825091944922","",
"European Union","EUU","Mobile cellular subscriptions (per 100 people)","IT.CEL.SETS.P2","0","","","","","0","","","","","0","","","","","0","0","0","0","0","0.00579149352725699","0.0119485692417994","0.0167255625136933","0.0254687629942514","0.039242328268717","0.0559822440159081","0.0820603092875373","0.127028049936202","0.197481721574","0.301306146193778","0.472776473894437","0.713770302037714","0.989914807127396","1.48919322633998","2.37967230908285","3.85473911370665","6.51310131031301","11.0840644606607","19.0245694467997","32.385042602724","51.0821329798508","63.3627709663753","69.8249572899489","76.761165714664","84.8593193937906","94.962592506809","104.625555699473","115.471230001761","121.351082181506","120.982530176415","118.362121389741","121.505164700888","123.536569078094","124.928116565766","123.561956130038","121.827779366561","122.1922182244","122.55683721261","121.955286915766","121.799562736112","121.476371720115","123.265317671991","123.687099666304","","","",
"Finland","FIN","Mobile cellular subscriptions (per 100 people)","IT.CEL.SETS.P2","0","","","","","0","","","","","0","","","","","0","0","0","0","0","0.491315051","0.589141447","0.701905441","0.869611241","1.065397067","1.379775304","1.734384239","2.146314325","2.793051012","3.827817408","5.171356119","6.365103571","7.655924957","9.65486751","13.27633542","20.34333586","29.30898832","42.07389889","55.22384208","63.37118775","72.0339932637868","80.485935638422","86.851880552542","91.0640126377458","95.4066334770936","100.455921199859","107.666807120897","114.961871609523","128.543485621291","144.225654334936","156.432080695834","165.916854869706","172.147209506663","136.259014207069","139.198825856641","134.974123663686","131.382780978293","129.983392624641","129.629119305202","129.487723024493","128.761294644181","129.036333202492","128.023293416281","127.47302579722","125.860954798649","",
"Fiji","FJI","Mobile cellular subscriptions (per 100 people)","IT.CEL.SETS.P2","0","","","","","0","","","","","0","","","","","0","0","0","0","0","0","0","0","0","0","0","0","0","0","0","0","0","0","0","0.139098942","0.277691525","0.464510168","0.646306359","0.98286377","2.839370335","6.54731962673726","9.52605709066427","10.4772571263413","12.6842636265621","16.2620687446676","23.2326471958195","31.9712702094085","59.0364344331679","66.4158361919816","70.5437045806011","76.6592085622115","79.6285606945976","93.8673192570263","101.533690110351","95.4871755750148","105.157101519958","113.655748798367","112.533863613853","110.665300159184","112.580732955222","108.365037711907","108.158405429846","111.749120643187","361.048644963723","574.152332512188","",
"France","FRA","Mobile cellular subscriptions (per 100 people)","IT.CEL.SETS.P2","0","","","","","0","","","","","0","","","","","0","0","0","0","0","0","0","0","0","0","0","0.016353137","0.070512065","0.175870865","0.317607558","0.502012864","0.662015306","0.767972059","1.002563689","1.542895357","2.268352438","4.273801074","10.05768321","19.30102205","36.73125788","48.8408617773499","61.7599882267174","63.9599870360405","68.6552962485417","72.8137640376017","78.0332251997857","83.2588797411526","88.6688088543201","92.3412305697068","91.7782383081746","91.1185789923179","93.8529031474159","97.1924631662654","98.347924466483","101.132290573498","102.718366606519","103.816661597799","105.718368398783","107.482434668386","109.600780374596","110.387215275645","113.952719366702","115.950519429629","116.687800394775","","",
"Faroe Islands","FRO","Mobile cellular subscriptions (per 100 people)","IT.CEL.SETS.P2","0","","","","","0","","","","","0","","","","","0","0","0","0","0","0","0","0","0","0","0","0","0","0","","0","3.052766503","3.734376698","3.559073976","4.441322426","5.839516037","7.397254067","10.56499461","14.52357071","23.80594208","37.1657578345707","52.9563148788927","74.1815619194055","80.1847204942749","86.007039173626","86.9130084158723","103.17378376146","107.622643066386","113.118066724401","117.537998308895","123.41132263489","121.990653815663","122.106007361045","119.61929617432","120.19385440297","108.833394690555","110.023625386184","112.690325020401","111.282674295568","106.012499517766","112.600072261205","111.093808630394","105.80437318324","","","",
"Micronesia, Fed. Sts.","FSM","Mobile cellular subscriptions (per 100 people)","IT.CEL.SETS.P2","0","","","","","0","","","","","0","","","","","0","0","0","0","0","0","0","0","0","0","0","0","0","0","0","0","0","0","0","0","0","0","0","0","0","0","0","0.0889299943084804","5.22687803357528","11.4201474201474","12.650342871504","16.8122172150024","24.9690571532581","25.2441800690314","25.4731050325593","25.588618188581","25.6272168471095","28.9303920659931","29.0350625687887","","20.7007248243129","21.4641301856521","21.1123391273372","","20.8556246712972","19.8348299614122","19.7090231491436","19.9885830493962","","","",
"Gabon","GAB","Mobile cellular subscriptions (per 100 people)","IT.CEL.SETS.P2","0","","","","","0","","","","","0","","","","","0","0","0","0","0","0","0","0","0","0","0","0","0","0","0","0","0","0.026989357","0.11263481","0.236007136","0.356517678","0.590995488","0.805217129","0.801268275","0.716574627","9.40754422329747","11.4539752548319","20.7628974043498","21.7021738344124","34.4234596151262","50.3377189536008","59.534904998021","75.1170933476071","80.887271143466","87.2675973605464","93.6112366044355","133.010491109633","138.488452744047","143.499442515887","148.237590091786","138.244498133013","141.050208874326","123.475497241411","132.465314660912","131.975264871196","131.301562643297","132.30865873249","123.233187164275","122.606627765979","125.337107593999","",
"United Kingdom","GBR","Mobile cellular subscriptions (per 100 people)","IT.CEL.SETS.P2","0","","","","","0","","","","","0","","","","","0","0","0","0","0","0","0","0","0","0","0.088272091","0.229188337","0.510326887","0.983272981","1.708245688","1.947196982","2.196673629","2.620448471","3.934258199","6.818272277","9.901172035","12.48025391","15.17763081","25.45932146","46.36293399","73.5759542700689","78.064582616846","82.6794913595582","90.698548663637","99.198849485824","108.045990346443","114.785700646085","119.988923530842","120.819267888243","122.357496035675","121.780844361683","121.49766447536","122.465231814068","122.184696024755","120.958261038047","121.211739725133","119.786558760596","119.206737402819","118.184381927412","120.250108782533","117.304850715261","117.887430294308","119.833999505569","122.781542240418","121.643331373201","",
"Georgia","GEO","Mobile cellular subscriptions (per 100 people)","IT.CEL.SETS.P2","0","","","","","0","","","","","0","","","","","0","0","0","0","0","0","0","0","0","0","0","0","0","0","0","0","0","0","0","0","0.003075235","0.048306419","0.646547265","1.327902213","3.03204005","4.49918883789188","7.15802981540447","12.2005278297688","17.4085658904957","20.7255885187471","29.1671582469622","42.6335344297177","65.5237562348932","69.9048638801176","72.3920059015943","102.112900017326","114.516931163867","122.384147980521","131.083096511666","142.390867606876","146.396495596946","145.88058671059","145.072490171662","143.858127681082","141.755414275788","134.366007864735","146.566472682371","154.013561773213","155.249965068869","161.201784818537","",
"Ghana","GHA","Mobile cellular subscriptions (per 100 people)","IT.CEL.SETS.P2","0","","","","","0","","","","","0","","","","","0","0","0","0","0","0","0","0","0","0","0","0","0","0","0","0","0","0.002462819","0.010466464","0.019576484","0.035552754","0.071542215","0.119695381","0.223102599","0.365160156","0.662241808064506","1.20888662601392","1.86582932404951","3.73545578999193","7.75094614130464","12.8045967119533","22.6001881366288","32.1629441899404","47.7132196500561","60.7694975888344","68.4473107845556","81.1104488323626","95.8261770997433","102.337999297675","108.270496910446","121.997156544235","130.481366086196","122.471765695646","133.609992432498","130.70523333401","126.887391353856","124.402625384529","120.803416027053","98.8059221412722","113.647966704673","",
"Gibraltar","GIB","Mobile cellular subscriptions (per 100 people)","IT.CEL.SETS.P2","0","","","","","0","","","","","0","","","","","0","0","0","0","0","0","0","0","0","0","0","0","0","0","0","0","0","0","0","0","2.407704655","3.644829217","5.877231171","8.847155884","13.17205272","20.0584647587426","35.4232201612612","43.7174373899608","56.2354106246021","64.0501480062685","68.5800500634365","74.3393931202271","79.9840031993601","85.4897576694177","92.7878532264867","96.0061443932412","102.653190145294","108.495426020169","","115.807759119861","124.848612659296","122.217600570444","119.827712074755","117.762667125724","114.208035160872","97.9680977524673","92.6501709262575","97.6042968438406","","","",
"Guinea","GIN","Mobile cellular subscriptions (per 100 people)","IT.CEL.SETS.P2","0","","","","","0","","","","","0","","","","","0","0","0","0","0","0","0","0","0","0","0","0","0","0","0","0","0","0","0.000596075","0.01118132","0.012720352","0.012364775","0.036568544","0.269838956","0.308040578","0.499618452473605","0.6518765895859","1.04647578194586","1.2569355505451","1.70919875542966","2.04416167956111","","20.6990461155083","27.7809487345525","34.3962962020929","38.4760187632153","45.6101779050204","51.1345381222737","66.4452768540172","75.686895511554","91.475617974568","92.0232948978011","94.4640894763856","94.5550074326391","98.7621473298315","107.776552007403","110.185519681138","95.3174629318803","97.8794996455513","","",
"Gambia, The","GMB","Mobile cellular subscriptions (per 100 people)","IT.CEL.SETS.P2","0","","","","","0","","","","","0","","","","","0","0","0","0","0","0","0","0","0","0","0","0","0","0","0","0","0","0.018098713","0.039116364","0.067336605","0.116088572","0.242050865","0.359452757","0.372219506","0.380021754","0.384857506508215","3.68458827393243","6.51172664292491","9.46367640692161","10.7937275490467","14.8453813562626","23.573187972774","45.3269217918035","64.1491166497603","70.153818860738","76.7322734515709","70.6308247268856","74.6999893299085","87.8808072933996","105.505264889158","122.078516396055","124.273821038818","126.633674737607","132.57837035012","105.204644657943","106.448259811355","108.847403542688","106.782250509204","117.115660832998","126.243773523653","",
"Guinea-Bissau","GNB","Mobile cellular subscriptions (per 100 people)","IT.CEL.SETS.P2","0","","","","","0","","","","","0","","","","","0","0","0","0","0","0","0","0","0","0","0","0","0","0","0","0","0","0","0","0","0","0","0","0","0","0","0","0","0.0966783590611508","2.92324256074003","7.15301628202391","11.1163475241697","20.4152900165818","33.6114146395225","36.7107863915664","43.2448876270711","45.5596626030113","63.5328932668127","55.420045012509","63.654183911294","69.3267736083208","70.1915996185367","76.4393694008541","77.0219356476645","80.8245277725828","95.0628708236165","108.62961248586","125.934670099533","128.110529740092","147.197631273872","",
"Equatorial Guinea","GNQ","Mobile cellular subscriptions (per 100 people)","IT.CEL.SETS.P2","0","","","","","0","","","","","0","","","","","0","0","0","0","0","0","0","0","0","0","0","0","0","0","0","0","0","0","0","0","0","0.010470791","0.049540103","0.04716277","0.091599138","0.710955396080361","2.00043742898447","4.01024115334536","4.89466446190536","6.87841212022887","10.2283486758563","12.1170140042389","14.4781495766589","16.5970512572266","17.6107030809045","33.579601121871","38.5606783509887","38.7385841174565","37.9420717892644","36.9002477447229","36.6825478378153","38.1683691534068","36.2336437113254","36.5760302693232","36.942192354463","43.3495410342634","46.434813558898","49.5380486763568","","","",
"Greece","GRC","Mobile cellular subscriptions (per 100 people)","IT.CEL.SETS.P2","0","","","","","0","","","","","0","","","","","0","0","0","0","0","0","0","0","0","0","0","0","0","0","0","0","0","0","0.454397431","1.436968369","2.544760045","4.924190605","8.622311493","18.71204971","35.51072407","55.0181194114426","73.4448173983166","85.5281565174832","81.8448114209398","85.1742405592579","93.4348777662167","99.6706911691004","111.309114095329","124.577949442767","119.688606543586","110.499601336489","109.174140891708","120.926137220412","114.142688333026","111.488230327161","116.133089816996","116.365109232942","120.305633506681","113.418450589721","110.855033355177","106.669795200072","108.643525000707","109.026956114201","110.79216956747","113.597610306796","",
"Grenada","GRD","Mobile cellular subscriptions (per 100 people)","IT.CEL.SETS.P2","0","","","","","0","","","","","0","","","","","0","0","0","0","0","0","0","0","0","0","0","0","0","0","0","0.151443254","0.147356603","0.179136975","0.276002466","0.339232752","0.384393619","0.543654503","0.924697768","1.327683616","1.883471879","4.00182408725838","5.93960384120311","6.96745507545847","38.8422541420227","39.6192932868655","42.7014416680336","41.9421618922232","46.4893867284342","54.1245851969413","102.84933575422","109.284318821358","107.830191204418","115.19574373753","117.194039845974","102.645182770827","104.439464229656","103.337965777816","98.0413728581576","102.61904556102","100.175028668489","102.079232600717","86.5710270122035","95.759239776586","","","",
"Greenland","GRL","Mobile cellular subscriptions (per 100 people)","IT.CEL.SETS.P2","0","","","","","0","","","","","0","","","","","0","0","0","0","0","0","0","0","0","0","0","0","0","0","0","0","0","0.30706795","0.78624255","1.73070018","3.678210368","7.365975697","11.55835355","15.85624432","24.09902684","26.8889323773773","28.1540834234458","35.2063895957026","52.4109864167298","68.5908587695714","81.6154521510097","94.7559024664663","116.938466415413","98.5086743968514","94.5967941686423","101.298265446709","103.357145370729","104.714854344993","106.878063454426","108.237053388639","108.887738526624","","111.14479855897","109.487462995328","109.935097353969","117.614122681883","118.85048446673","118.637256652974","","","",
"Guatemala","GTM","Mobile cellular subscriptions (per 100 people)","IT.CEL.SETS.P2","0","","","","","0","","","","","0","","","","","0","0","0","0","0","0","0","0","0","0","0","0","0","0","0","0.003225174","0.01308744","0.022356507","0.030411311","0.103636274","0.289479296","0.408387918","0.588645184","0.996465318","2.946742985","7.3248494220007","9.57808154813156","12.8774062692523","16.2446245130667","24.7376946550128","34.4605352122986","53.703138345141","87.1486092920912","107.272718661425","121.749666616511","124.605727183349","131.685634641025","137.757231829214","141.131353657881","107.844073276377","113.459063296974","112.267437714983","120.637721514663","121.500075538632","122.043793418341","117.475884100805","125.718955715353","115.156435692604","113.709374947241","112.520863034346","",
"Guam","GUM","Mobile cellular subscriptions (per 100 people)","IT.CEL.SETS.P2","0","","","","","0","","","","","0","","","","","0","0","0","0","0","0","0","0","0","0","0","0","0","0","0","0","0.616033935","0.908690884","1.3102837","2.771878086","3.307927032","3.811218894","3.675889328","8.210057752","12.6266612","16.9930965545247","20.207154324393","43.43406339525","48.9159418157745","59.8254074842806","","","","","","","","","","","","","","","","","","","","","",
"Guyana","GUY","Mobile cellular subscriptions (per 100 people)","IT.CEL.SETS.P2","0","","","","","0","","","","","0","","","","","0","0","0","0","0","0","0","0","0","0","0","0","0","0","0","0","0","0.112886209","0.13771616","0.166901031","0.16536094","0.159242008","0.185378656","0.192151141","0.371365173","5.20767959499603","9.8524873868017","10.3974061483503","18.0782098306777","22.5146835462961","36.9776347918424","52.7032831510239","71.1853299350872","59.3381181702769","64.9563751339593","74.7937954450815","70.8644205678996","73.3023980018438","74.002594594018","75.1635113473494","71.5091706302609","76.5713484941353","83.6990991295793","","96.327066296051","106.008686272494","104.968595260226","112.56503784518","","","",
"High income","HIC","Mobile cellular subscriptions (per 100 people)","IT.CEL.SETS.P2","0","","","","","0","","","","","0","","","","","0","0","0","0","0","0.00216616541881764","0.00733904300988458","0.011633305999574","0.0177302469767145","0.03114456063059","0.0719488590558101","0.12754109054502","0.220912987161773","0.371454637932281","0.625650197137909","0.920955273502405","1.31201229805424","1.82713710315617","2.6082576676356","4.10096022375678","6.49198876351777","10.1457044476922","14.3717773774964","20.7071513898397","30.4806582979416","","","","","","","","","","","","","","","","122.7","123.3","122.9","124.2","126.1","125.9","128.7","131.3","135.8","138.5","141.6",
"Hong Kong SAR, China","HKG","Mobile cellular subscriptions (per 100 people)","IT.CEL.SETS.P2","0","","","","","0","","","","","0","","","","","0","0","0","0","0","0","0","0","0","0.018749164","0.08130562","0.182056809","0.502999624","0.905108994","1.550452413","2.293573739","3.201919423","3.883758885","4.775897697","7.859394197","12.78653153","21.50269269","34.61854216","48.4928334","64.36421516","81.2471139493344","85.2695040727084","93.759602123198","107.148296368503","119.247453929299","123.677676990299","136.257644901451","154.225934880572","164.943198594896","178.317359257252","194.233637212483","214.097553258659","227.571131531867","233.650196473593","231.702338725003","227.03653842734","237.377770818344","247.078996858382","266.34009236007","286.618647834243","291.916274990037","319.852066930488","292.80765987826","319.493898344345","364.848981963231","",
"Honduras","HND","Mobile cellular subscriptions (per 100 people)","IT.CEL.SETS.P2","0","","","","","0","","","","","0","","","","","0","0","0","0","0","0","0","0","0","0","0","0","0","0","0","0","0","0","0","0","0","0.038667793","0.234810173","0.553155193","1.213271137","2.36054056593318","3.51626584993503","4.70549985235325","5.32870697926864","9.68902015812042","17.1356133802153","29.2647925408315","53.4134255918276","77.5119321637319","102.452484456768","113.617136181044","94.399047465495","84.5664914453988","87.3775687969259","85.2365443166273","87.1291789109486","83.2180808679633","85.8717287831828","77.7100953282111","76.0268304351136","68.7836128557933","73.4771659564055","75.8551423411907","74.4148227156961","70.9397440517258","",
"Heavily indebted poor countries (HIPC)","HPC","Mobile cellular subscriptions (per 100 people)","IT.CEL.SETS.P2","0","","","","","0","","","","","0","","","","","0","0","0","0","0","0","0","0","0","0","0","0","0","0","0","0","8.02653113613924E-05","0.000880735013536292","0.00188207356137606","0.00421231785477979","0.01039347956532","0.0271214743404188","0.0662767675975742","0.145324218662089","0.285186731034092","0.604080719435819","1.08529265223088","1.70308733228242","2.77603078902884","4.28125762508617","6.39214217230166","10.7625195669399","16.7191532210902","24.7812280685377","30.8388736618464","36.8359881370093","44.5982205032201","50.4639096972381","56.480357263253","61.7538177854788","66.5572239977314","65.09246540567","65.1418315273652","72.134817476378","68.0968402043626","70.9316903394181","74.4847568397299","76.7140221946963","","","",
"Croatia","HRV","Mobile cellular subscriptions (per 100 people)","IT.CEL.SETS.P2","0","","","","","0","","","","","0","","","","","0","0","0","0","0","0","0","0","0","0","0","0","0","0","0","0.004924384","0.041675938","0.131712739","0.237500944","0.449514112","0.700796738","1.364742106","2.555942822","3.916366162","6.405622704","23.8782923669213","40.8037620371098","53.709175243893","58.9153701941586","65.7880083228617","84.6023570995094","101.839751610362","116.650501835747","105.56585256074","108.455735141618","114.582326334034","119.489612280253","116.719313041118","111.281756214292","105.732295385283","105.543643003646","106.718403536951","105.794763679153","109.034035401906","110.493802074789","110.666299439701","112.169438491978","114.677195729643","117.112604314708","121.732525659138","",
"Haiti","HTI","Mobile cellular subscriptions (per 100 people)","IT.CEL.SETS.P2","0","","","","","0","","","","","0","","","","","0","0","0","0","0","0","0","0","0","0","0","0","0","0","0","0","0","0","0","0","0","0","0","0.124055688","0.304545982","0.662399130161549","1.08208239483874","1.62646188427236","3.65300473338088","4.48920531301938","5.52019567228578","13.020039359579","26.6715144811388","33.5754472826656","37.6486867698407","40.8026118567902","42.360470661138","60.5271659107243","70.044477000521","65.2574823572396","69.3702568086907","60.9477225087446","58.2917858919698","60.232256515521","61.6234088594647","65.0933737275708","64.3451990252656","65.1889329311174","","","",
"Hungary","HUN","Mobile cellular subscriptions (per 100 people)","IT.CEL.SETS.P2","0","","","","","0","","","","","0","","","","","0","0","0","0","0","0","0","0","0","0","0","0","0","0","0","0.025491543","0.081708017","0.224608151","0.441345432","1.382653252","2.566046652","4.589519791","6.861470978","10.42936893","15.91507583","30.1874178164191","48.8598550757424","67.9206400652722","78.5895249591872","86.5295344708214","92.5916175179366","99.1619554459165","109.924654791539","122.038350719207","117.908502208396","120.369453085535","117.526065994308","116.767825095297","117.200126277309","118.895659080821","100.623739037612","101.442011503556","101.629260697653","102.737202940663","105.141557934591","105.981902376717","105.137285804787","105.793848314995","105.054424922699","104.58063059269","",
"IBRD only","IBD","Mobile cellular subscriptions (per 100 people)","IT.CEL.SETS.P2","0","","","","","0","","","","","0","","","","","0","0","0","0","0","0","0","0","0","5.6466195878356E-05","6.47188700864517E-05","0.000515024227700165","0.00117080995061794","0.00221185290720347","0.00429826249058541","0.0097222491259206","0.0197115150172481","0.0394136849877246","0.0764793493646392","0.159580431413032","0.316091887827083","0.560301309003997","1.02514795194063","1.67581816315641","3.03259205624373","5.47467352566496","8.50558304526989","11.7587168705392","15.875110967005","21.7147191388249","29.2124290748869","37.7034124431668","47.111927368264","57.4657355033001","67.6645385076574","78.8034873857696","87.5699733573061","91.8022167500843","96.5675975043589","99.2665312728336","99.4","103.9","106.8","108.3","111","109.6","111.6","112.2","113.9","114.9","115.9",
"IDA & IBRD total","IBT","Mobile cellular subscriptions (per 100 people)","IT.CEL.SETS.P2","0","","","","","0","","","","","0","","","","","0","0","0","0","0","0","0","0","0","4.56908441240137E-05","5.22085608449826E-05","0.000415187362691821","0.000942454450346126","0.00177762974245902","0.00344868477839802","0.00786308311490326","0.0160076290641346","0.0322092801409609","0.0627113109303628","0.130222089656856","0.254356073729482","0.449324840166822","0.820574486718177","1.33972700318959","2.42004596011823","4.36514363519844","6.80466935149656","9.46100599307691","12.8232277717152","17.7449697426582","24.2348780569147","32.2505184683296","41.1614313945032","51.2337399589212","60.3834424585558","70.2868560097238","78.5672470280886","83.1338102350563","88.1517876718314","91.5568489284904","92.1","95.7","98","100","102.9","102.5","104.2","105.2","106.7","107","107.8",
"IDA total","IDA","Mobile cellular subscriptions (per 100 people)","IT.CEL.SETS.P2","0","","","","","0","","","","","0","","","","","0","0","0","0","0","0","0","0","0","0","0","0","0","0","0","0.000367545516305709","0.00118575143606015","0.00242822992436458","0.00647451348125213","0.011645419885143","0.0186609487769214","0.0307040562856258","0.055818183378159","0.10181904530408","0.191862291886696","0.379343905158673","0.771705285223934","1.41951534368471","2.2916341579838","4.12528385995913","7.40242836400794","13.912991270452","21.6422678475188","31.0400857878706","37.0796442317263","43.5583347473519","50.6339626108806","56.5582401749286","62.6214216477954","68.4201592373232","70.7","71.8","72.5","76.5","80.4","82.8","84.4","86.6","88","86.7","87.1",
"IDA blend","IDB","Mobile cellular subscriptions (per 100 people)","IT.CEL.SETS.P2","0","","","","","0","","","","","0","","","","","0","0","0","0","0","0","0","0","0","0","0","0","0","0","0","0.000752992189287081","0.00295237045650621","0.00493722615523833","0.00890398847250089","0.0141667637900919","0.0209279213648574","0.0328141182217429","0.0584583108140488","0.0875609037084571","0.167381259696076","0.296105465093705","0.749034544271661","1.58792887364427","2.44245965143706","4.94998054930707","9.76353601605516","19.2141195765538","29.2929927368177","42.5434369099523","48.2784440451765","54.2239442475053","59.015926057032","64.4032970929657","68.7478976405231","71.72230796601","70.3","72.2","71.9","77.5","83.2","90.4","90.9","95.5","95.3","88.2","84.2",
"Indonesia","IDN","Mobile cellular subscriptions (per 100 people)","IT.CEL.SETS.P2","0","","","","","0","","","","","0","","","","","0","0","0","0","0","0","0","0","0","0.001078038","0.001223825","0.002678921","0.003666018","0.005127077","0.007224398","0.009934131","0.013232541","0.018851452","0.027870427","0.040026977","0.106310098","0.279339729","0.447726102","0.512769723","1.052607358","1.69815092981097","2.97627085447856","5.26817023997574","8.21835801363769","13.3098113507561","20.3186367836848","27.2718805165778","39.3933857996178","58.5357555358068","67.2958400448831","85.7838690956097","100.134519965107","111.581048999","122.424816798816","125.767185647597","129.468797674053","145.704251250337","162.782511760443","118.330216938024","125.244348145809","129.40362112725","132.199444256099","122.873012230307","125.238194847046","122.514946500491","",
"IDA only","IDX","Mobile cellular subscriptions (per 100 people)","IT.CEL.SETS.P2","0","","","","","0","","","","","0","","","","","0","0","0","0","0","0","0","0","0","0","0","0","0","0","0","0.000175887736272397","0.000306038448049694","0.00109311258531942","0.00518337987653837","0.0103019325480483","0.0175297624776212","0.0296484995414232","0.0545051901351448","0.108986234459752","0.204193822898631","0.421433318602341","0.78321503414987","1.33400484605617","2.21497292860785","3.70317392699689","6.19644792548703","11.175383830475","17.7595098647056","25.1911243170351","31.3732022859772","38.1705993956417","46.388230615276","52.5864249659697","59.5214160305245","66.7509255936279","70.9","71.5","72.9","75.9","78.9","78.6","80.9","81.8","84.1","86","88.6",
"Isle of Man","IMN","Mobile cellular subscriptions (per 100 people)","IT.CEL.SETS.P2","","","","","","","","","","","","","","","","","","","","","","","","","","","","","","","","","","","","","","","","","","","","","","","","","","","","","","","","","","","","","","","","","","",
"India","IND","Mobile cellular subscriptions (per 100 people)","IT.CEL.SETS.P2","0","","","","","0","","","","","0","","","","","0","0","0","0","0","0","0","0","0","0","0","0","0","0","0","0","0","0","0","0","0.007952054","0.033354344","0.08797845","0.11703148","0.181096675","0.338124410074474","0.606736120789472","1.18440192230983","3.01664660813064","4.59686532886976","7.80651670797836","14.1574719620028","19.620786501083","28.7177007907217","42.8461358054675","60.4906435106584","70.8725652125021","67.6263517922249","68.3966708179098","71.9366825449914","75.379332347226","83.917838213735","85.9703537817688","85.5500756367908","82.898144918237","82.2540479927426","81.603974311212","80.1818007717416","80.5631998772888","79.3526921826412","",
"Not classified","INX","Mobile cellular subscriptions (per 100 people)","IT.CEL.SETS.P2","","","","","","","","","","","","","","","","","","","","","","","","","","","","","","","","","","","","","","","","","","","","","","","","","","","","","","","","","","","","","","","","","","",
"Ireland","IRL","Mobile cellular subscriptions (per 100 people)","IT.CEL.SETS.P2","0","","","","","0","","","","","0","","","","","0","0","0","0","0","0","0","0","0","0","0.008557324","0.042666121","0.098898597","0.180101371","0.389829915","0.717283138","0.913032251","1.24703581","1.723214034","2.472328186","4.414046502","8.001712355","14.9719105","25.71583674","45.08171161","64.7191318537258","76.8836295078852","76.3661328419427","87.6548203264015","94.9321014130619","102.760725861337","109.870670248019","113.137687313091","112.530720581971","103.766086014409","103.123305579196","107.134899495633","108.989828987516","105.53780299895","105.460883393918","104.242903808134","102.558386941167","101.842124574945","102.030494877842","104.597515228061","105.045612677382","106.86972424373","110.608851322579","110.798344311602","112.638817343502","",
"Iran, Islamic Rep.","IRN","Mobile cellular subscriptions (per 100 people)","IT.CEL.SETS.P2","0","","","","","0","","","","","0","","","","","0","0","0","0","0","0","0","0","0","0","0","0","0","0","0","0","0","0","0","0.015336976","0.026156838","0.097351589","0.382426321","0.614505622","0.760728883","1.44928400315941","3.09457517237627","3.35112316675179","5.01659024210498","7.22451487493309","11.8483865482002","20.9629556446497","39.9047497616975","56.9429295712367","68.7372417407898","69.8155207353596","71.4983841389879","73.2734207057577","81.1371930246672","84.5268986808859","89.8322296412795","96.0721972454902","102.375956866471","103.024273741245","135.622267599115","145.485569917724","153.624638869213","162.712943709127","166.279821209677","174.066388972063","",
"Iraq","IRQ","Mobile cellular subscriptions (per 100 people)","IT.CEL.SETS.P2","0","","","","","0","","","","","0","","","","","0","0","0","0","0","0","0","0","0","0","0","0","0","0","0","0","0","0","0","0","0","0","0","0","0","0","0","0.076903676491765","0.298477848783585","2.0813784149745","5.39647208013898","32.6572645201556","49.3851299082859","60.5052577339657","66.9264027267629","74.9368134361824","79.346611020706","79.5011903487766","91.9732728220056","90.2871319578445","89.3464376905175","86.9439155206782","84.9464629712121","90.7159740030354","90.3685290100393","88.9799284628949","94.6092832170426","99.1323661916548","101.388721479182","100.080276677726","",
"Iceland","ISL","Mobile cellular subscriptions (per 100 people)","IT.CEL.SETS.P2","0","","","","","0","","","","","0","","","","","0","0","0","0","0","0","0","0","0","0","0","1.085647834","2.035507576","2.608466011","3.119245027","3.92519773","4.99591071","5.837435218","6.596017156","8.205496124","11.53724022","17.39083586","24.08938811","38.01884901","62.17501243","76.3993174061433","87.0473210245112","90.5534288108426","96.5694653061929","99.2812354535747","95.3758666460042","99.357628490756","104.635634090698","106.112486378553","106.62341656937","107.203653530636","107.817332368231","109.747195651429","109.997066860151","112.987310388627","116.004435688559","119.679414972554","116.796155223255","116.581078859812","114.623232603271","114.939418571031","117.34255750797","120.114839781678","121.475495280706","120.927513243653","",
"Israel","ISR","Mobile cellular subscriptions (per 100 people)","IT.CEL.SETS.P2","","","","","","","","","","","","","","","","","","","","","","","","","","","","","","","0.317284907","0.465322169","0.710794293","1.236984936","2.495654932","8.130637479","18.66517808","29.11996501","36.57890002","48.04734265","71.9990705574528","87.8695977081084","98.6268652977901","101.776875263347","109.173998769782","115.290762500435","122.789680118386","127.857199795187","126.817477148287","125.199553267123","124.183304971489","123.142439797067","121.257449610793","122.590468216873","120.296120931284","131.256932278377","128.745353991867","126.049460421008","125.733440171505","135.143345507015","139.425860895034","139.775312861878","151.1379631075","153.336641345572","177.393104798636","",
"Italy","ITA","Mobile cellular subscriptions (per 100 people)","IT.CEL.SETS.P2","0","","","","","0","","","","","0","","","","","0","0","0","0","0","0","0","0","0","0","0.011326625","0.015967781","0.02918905","0.059305582","0.116501895","0.468668283","1.000097034","1.377716182","2.122712485","3.937850938","6.896354594","11.2866712","20.61965576","35.98428894","53.20214913","73.7635413875173","89.4255655975944","94.3911654884722","98.3205679683228","107.860980448921","122.181092098347","136.871374454418","151.925130505279","151.676369660737","150.295257362571","155.684057564253","159.092737727414","160.558717223582","159.698153133449","148.21699121216","144.763979440074","142.127307324616","138.882433107903","138.264671531909","132.181234381376","129.49000571147","130.781488497698","131.673965640047","131.871674517747","132.575141676252","",
"Jamaica","JAM","Mobile cellular subscriptions (per 100 people)","IT.CEL.SETS.P2","0","","","","","0","","","","","0","","","","","0","0","0","0","0","0","0","0","0","0","0","0","0","0","0","0","0.101456672","0.313319702","0.618975853","1.050889186","1.798776746","2.157216212","2.583021064","3.051502251","5.561363032","14.0711841971052","22.7795045196946","47.1479664254563","59.336985338153","68.7648682277877","73.7408013052154","84.2161032637188","98.9141056820694","99.9151757296924","108.003887475132","115.769193267185","106.698112729098","97.9262957044903","102.24554700295","107.579098909745","111.942013905986","116.279104528073","109.782709062265","105.137305560766","107.105304450051","101.50208125864","102.38666630017","105.762018411183","115.092228780619","117.693907561175","",
"Jordan","JOR","Mobile cellular subscriptions (per 100 people)","IT.CEL.SETS.P2","0","","","","","0","","","","","0","","","","","0","0","0","0","0","0","0","0","0","0","0","0","0","0","0","0.041343601","0.039875856","0.03780819","0.035723408","0.03379953","0.265578334","0.523208835","0.951419249","1.701530612","2.391888139","7.22021479706958","15.7418382678408","21.7162155857855","23.0817258893857","27.6112403458584","52.0383900257182","67.5719512690336","69.8913482736109","76.0181096461649","84.2141418220428","90.7216800010634","100.02856789936","118.414414309923","129.056838070079","126.168902295458","144.561128974956","98.1219857316846","94.8121235548248","83.4592297338656","72.8902684631993","64.3142601333354","65.7448847660422","67.7457074341635","67.545678186078","69.6426153972396","",
"Japan","JPN","Mobile cellular subscriptions (per 100 people)","IT.CEL.SETS.P2","0","","","","","0","","","","","0","","","","","0","0","0","0","0","0","0.011213345","0.016628303","0.022704022","0.033528477","0.051024186","0.078161829","0.123312648","0.197794266","0.397140769","0.701838322","1.110714636","1.376149484","1.70810566","3.461792124","9.337292835","21.40087434","30.35349093","37.45403769","44.91767666","52.5746173540028","58.7922921478922","63.6299013940492","67.8735418673073","71.5670665187225","75.4291988176682","77.9907399102107","83.8011886263973","86.1411128734599","90.7193519244929","96.1788512760143","103.641547955059","110.319058838317","115.787169243408","123.822099584501","126.150959704287","131.214861037498","135.985843116605","141.728728918149","147.209910756974","154.432206765516","159.516123485628","168.602943650636","178.432441299977","","",
"Kazakhstan","KAZ","Mobile cellular subscriptions (per 100 people)","IT.CEL.SETS.P2","0","","","","","0","","","","","0","","","","","0","0","0","0","0","0","0","0","0","0","0","0","0","0","0","0","0","0","0","0.002388466","0.027990199","0.060690346","0.070807169","0.191931708","0.324457083","1.27281265081588","3.73662567292969","6.55950173845957","8.45048509656845","15.4383309340935","33.8048625269968","48.2853584849609","75.7982025702559","90.7713165139918","102.667617979132","115.239169415109","147.90107255349","174.709434924298","172.955295992334","160.502596360577","145.482493555551","139.051166437953","143.112796203246","137.674831523214","133.879728083238","124.698460644703","123.943942754522","125.641583521795","127.114775212168","127.085151242164","",
"Kenya","KEN","Mobile cellular subscriptions (per 100 people)","IT.CEL.SETS.P2","0","","","","","0","","","","","0","","","","","0","0","0","0","0","0","0","0","0","0","0","0","0","0","0","0","0","0.004461439","0.004576275","0.007614676","0.008478944","0.010233296","0.023857485","0.03691479","0.079282155","0.415770183556447","1.89758301688501","3.63815196215681","4.72713199362788","7.33478416366219","12.8838631190706","19.8902975525043","29.8383317494537","41.5840102028368","47.9215304374475","60.0234402305252","65.6730161546273","70.0226527327794","70.7541086893706","73.0327455558393","80.0958263165851","80.9772361004341","87.026530838819","98.5944679106884","106.547822056778","117.602526394779","122.297519656734","121.168999135357","120.612416887959","126.477706000949","",
"Kyrgyz Republic","KGZ","Mobile cellular subscriptions (per 100 people)","IT.CEL.SETS.P2","0","","","","","0","","","","","0","","","","","0","0","0","0","0","0","0","0","0","0","0","0","0","0","0","0","0","0","0","0","0","0","0","0.028064124","0.052757675","0.179099309572162","0.532339002940877","1.03755599311528","2.68012579703695","5.06194358260871","10.3243942625057","23.8858159268052","40.8089370056808","63.5283723785779","83.1255498557153","96.0616640090492","112.200710157323","119.333438543784","116.217890810688","128.230500927468","126.284372135274","124.639033524314","136.137649413599","137.74227608483","132.776694304851","109.780106660424","108.171654806063","106.925973017004","108.59118718329","107.49229509732","",
"Cambodia","KHM","Mobile cellular subscriptions (per 100 people)","IT.CEL.SETS.P2","0","","","","","0","","","","","0","","","","","0","0","0","0","0","0","0","0","0","0","0","0","0","0","0","0","0","0","0.046956377","0.096264199","0.12912646","0.206552816","0.293538009","0.525705675","0.748944912","1.04753234064625","1.76528247774378","2.95599281258127","3.81878187119913","6.50447336378519","7.90225491067104","12.6229669738929","18.6632056449428","30.1491182361321","43.9033649673842","56.2093511731757","93.4414773928272","127.835438875055","133.580989792625","132.832921082419","133.45841400103","125.627644524442","115.551192369591","119.309943480982","129.957441474291","126.075894769858","117.234785164989","113.391506572248","120.80911943838","116.091961125929","",
"Kiribati","KIR","Mobile cellular subscriptions (per 100 people)","IT.CEL.SETS.P2","0","","","","","0","","","","","0","","","","","0","0","0","0","0","0","0","0","0","0","0","0","0","0","0","0","0","0","0","0","0","0","0","0.02563983","0.229123945","0.338550776974033","0.437261305141972","0.536503945200728","0.558534642951951","0.640058281729718","0.66302851022594","0.699881020226562","0.734804248148293","0.959490318742684","9.30523072877042","9.74665145716809","12.4612506439397","16.0307790958641","17.5688258753668","26.0132147130742","35.0982322475709","43.8900048954236","38.3479526086053","43.6895907735657","44.1071327700713","43.3476871347116","40.9979980837689","49.1120496056535","51.2540556855052","53.5244353915461","",
"St. Kitts and Nevis","KNA","Mobile cellular subscriptions (per 100 people)","IT.CEL.SETS.P2","0","","","","","0","","","","","0","","","","","0","0","0","0","0","0","0","0","0","0","0","0","0","0","0","0","","","","","","0.696104137","0.469580356","0.99479991","1.561628555","2.65205091937765","4.58906055374664","10.8648413733159","47.6437976437976","62.6147036597215","109.826216163835","109.514913354377","138.097888922194","159.069072275008","160.925910137267","170.772317807283","164.228127799343","161.588671783641","163.589623743865","138.036484104568","155.051288041285","162.682952734997","163.396386822529","152.301735874745","138.916340092009","133.400896095584","121.256121292475","116.923933289088","118.893023653706","","",
"Korea, Rep.","KOR","Mobile cellular subscriptions (per 100 people)","IT.CEL.SETS.P2","0","","","","","0","","","","","0","","","","","0","0","0","0","0","0","0","0","0","","","0.01695819","0.024183325","0.04734527","0.09116426","0.181334835","0.373382025","0.608287335","1.049975406","2.126074209","3.615707017","6.966660745","14.96611806","30.31034269","50.39230494","57.3408437262605","61.7420382357865","68.3786357970296","70.6984149567203","76.705022268137","80.1274936342835","83.7326193913918","92.0940186995266","94.314085183969","98.7589987345583","104.09665032935","106.878306781378","108.114681779859","109.206248930023","113.358579550833","115.595447050042","119.489512998783","123.642066127533","128.494634504197","133.079790493891","135.973274343048","140.516382791931","148.68360770138","162.11365652794","172.520241179065","",
"Kuwait","KWT","Mobile cellular subscriptions (per 100 people)","IT.CEL.SETS.P2","0","","","","","0","","","","","0","","","","","0","0","0","0","0","0","0","0","0","0","0","0.416646978","0.698079598","0.821923084","1.018093559","1.237956271","3.210153042","3.146918519","3.889045109","5.1913161","7.105330886","8.868749112","11.92187425","13.73970621","15.97931637","24.3514507786069","43.7184811074631","59.5638585729723","67.3023739253541","82.2579404075427","61.7887792674138","49.8818682701176","56.8763664391577","56.570118438377","93.6658195861611","135.190013358828","157.499296159938","152.830739955499","182.738430889808","207.323653501069","199.89137958103","191.294217665413","171.826095119125","164.219580620472","164.941648203568","153.866464370257","158.646854136291","168.350157565806","167.68428501222","","",
"Latin America & Caribbean (excluding high income)","LAC","Mobile cellular subscriptions (per 100 people)","IT.CEL.SETS.P2","0","","","","","0","","","","","0","","","","","0","0","0","0","0","0","0","0","0","0","0","0","0","0.000400147032050461","0.00282731991899279","0.0206507554943874","0.0515465095147467","0.106152877601153","0.181650595833114","0.382822311313008","0.687972214013343","1.20480546333853","2.39719820775976","3.82242495623602","7.05872423970158","11.1965128244591","14.7265570059036","17.73023972549","22.1723704451345","30.7473070404272","42.1283908796484","52.5047297718977","65.0535400505168","78.2100193459782","86.5155792910076","95.8477361945935","104.920564364021","109.554456601308","115.906380620695","115.408389845873","111.560790966133","110.176580106195","106.979795909807","105.416355456367","102.935203569244","103.2","109.3","110.4","113","115.3","117.7",
"Lao PDR","LAO","Mobile cellular subscriptions (per 100 people)","IT.CEL.SETS.P2","0","","","","","0","","","","","0","","","","","0","0","0","0","0","0","0","0","0","0","0","0","0","0","0","0","0","0.006358107","0.007256745","0.012999303","0.031233308","0.07514006","0.095426924","0.122986391","0.226177403","0.23348379698675","0.535091846717965","0.983088419678236","1.97044724018923","3.53172273682179","11.2024094632562","16.9299201770861","24.4113505484264","32.8857244198174","51.823574629881","63.2029110570342","85.2839686365553","65.961259571669","69.7677113040611","68.9014991708403","54.7979496136596","57.2966195875928","52.8887895907566","51.3792491489602","64.0668582946144","63.1139885984314","64.7101497693472","63.3546046458219","64.7588066942788","","",
"Lebanon","LBN","Mobile cellular subscriptions (per 100 people)","IT.CEL.SETS.P2","0","","","","","0","","","","","0","","","","","0","0","0","0","0","0","0","0","0","0","0","0","0","0","0","0","0","0","0","0","3.030578537","4.907983976","9.102749814","12.09203443","14.75287175","17.1619692609035","17.4186343316709","17.365370345809","17.577253205607","19.2300793233026","21.2702912503302","23.2877147696888","26.0109270665991","28.9725367963399","47.8801999965146","56.8042135263845","67.8303852810625","71.7218113497571","67.6382047262301","69.1237106092809","71.9609626558273","67.6419803070033","71.4122336418984","73.9321026202855","73.1364785867655","75.2003104658777","74.9935205999452","74.0148340435503","","","",
"Liberia","LBR","Mobile cellular subscriptions (per 100 people)","IT.CEL.SETS.P2","0","","","","","0","","","","","0","","","","","0","0","0","0","0","0","0","0","0","0","0","0","0","0","0","0","0","0","0","0","0","0","0","0","0","0.0512274611977595","0.0663275559821154","0.161562268360098","1.51465027446425","2.98933254606113","4.84699403062391","8.02111386343538","15.3445714830815","22.3665618687031","27.5184959376398","38.7127515158085","47.8690308724247","54.4220580497379","57.0612667465878","70.6628167823582","78.3786689834016","65.5437117609357","54.8575199657656","","38.4041861157665","32.1004345501657","31.429900768597","32.0638885570006","","","",
"Libya","LBY","Mobile cellular subscriptions (per 100 people)","IT.CEL.SETS.P2","0","","","","","0","","","","","0","","","","","0","0","0","0","0","0","0","0","0","0","0","0","0","0","0","0","0","0","0","0","0","0","0.20398397","0.401528861","0.593120045","0.754002670300457","0.925302374936594","1.27078412826932","2.26002856533743","8.71582286170796","34.136694932988","65.6759769847586","73.7175601781016","118.341718213499","149.749665681643","167.748077476219","157.649061523019","155.146320117657","162.34581961061","132.203934123012","149.224588127748","115.499434118109","89.333810176041","","164.00440049702","164.987107188677","195.117849246865","192.97309381967","","","",
"St. Lucia","LCA","Mobile cellular subscriptions (per 100 people)","IT.CEL.SETS.P2","0","","","","","0","","","","","0","","","","","0","0","0","0","0","0","0","0","0","0","0","0","0","0","0","0","","","","0.348031695","0.656391945","0.909273945","1.029243377","1.211309808","1.453341421","1.57613355525294","1.6850040876951","8.85480787671445","60.7451403887689","61.4957470515529","63.8597763674826","63.370519506238","87.6262234885967","103.694730107578","111.696660367695","115.977203843048","126.035354858237","125.154270020338","122.318869001955","108.161917559637","107.338841085161","100.570465595573","100.199612117363","104.478100973353","83.1865181441059","81.8687237026648","96.2374385229832","98.6676436534083","","","",
"Latin America & Caribbean","LCN","Mobile cellular subscriptions (per 100 people)","IT.CEL.SETS.P2","0","","","","","0","","","","","0","","","","","0","0","0","0","0","0","0","0","0","0","0","0","0.000954436206701517","0.00286876299041927","0.00726759158857401","0.0284268789862236","0.0662605272303517","0.141538066911201","0.243919059790263","0.476246930924313","0.814980566970223","1.35658184198452","2.56076799911413","4.20004444350747","7.81102751940706","12.2337609230264","16.0278080762725","18.9571871492113","23.2658491501529","31.7954444641513","43.2504190012727","54.4247414285209","67.1288562830228","79.9377842650537","88.246738255931","97.2901114505863","105.949680024152","110.522665838666","116.169353512972","115.733159375779","112.2","110.6","107.3","105.7","103.3","102.8","108.7","109.9","112.6","114.6","116.8",
"Least developed countries: UN classification","LDC","Mobile cellular subscriptions (per 100 people)","IT.CEL.SETS.P2","0","","","","","0","","","","","0","","","","","0","0","0","0","0","0","0","0","0","0","0","0","0","0","0","0","0","0.000462499641097468","0.0026303477415439","0.00512883011226349","0.00907257735395873","0.0159409388286057","0.0297435937615641","0.0652185860563945","0.120081997872591","0.267839667566092","0.536673573470082","1.00587512324063","1.69112640775055","2.83955735513526","5.00410616536379","9.15105115648205","15.1148302667501","21.698199568607","26.5257668707917","33.1545800353652","41.7915222727001","48.0521941787212","55.17906224701","62.2774141922594","66.729249904803","66.7254164006605","67.4699596052071","75.3630550960803","73.8109656936553","75","77.4","78.7","82.2","83.9","86.3",
"Low income","LIC","Mobile cellular subscriptions (per 100 people)","IT.CEL.SETS.P2","0","","","","","0","","","","","0","","","","","0","0","0","0","0","0","0","0","0","0","0","0","0","0","0","0","0","0.000670211805461702","0.00221420410550592","0.00349251102518211","0.00677963586892597","0.0102637405792055","0.0166220122312801","0.0345073439431167","0.0660306214431663","","","","","","","","","","","","","","","","52.7","50.8","50.7","50.6","52.3","58","60.2","62.5","65.2","67","69.3",
"Liechtenstein","LIE","Mobile cellular subscriptions (per 100 people)","IT.CEL.SETS.P2","","","","","","","","","","","","","","","","","","","","","","","","","","","","","","","0","","","","","","","","23.29916123","27.59466503","30.1996194847945","32.8908025355819","33.7917135913698","73.3998825601879","74.1516182500218","79.2799285117177","82.2158684774839","90.8788962698007","95.9259677237332","97.992552566005","98.6138503847329","101.929969671905","98.5900098371407","104.109997290707","109.388370153109","109.491978609626","117.766848331783","122.594451783355","123.979123501797","124.214360041623","126.104676657982","126.070587030017","126.306686674975","127.059447446841","128.901429646351","",
"Sri Lanka","LKA","Mobile cellular subscriptions (per 100 people)","IT.CEL.SETS.P2","0","","","","","0","","","","","0","","","","","0","0","0","0","0","0","0","0","0","0","0","0","0","0","0","0.005870696","0.01033497","0.015001881","0.082392688","0.162016515","0.282303929","0.387659854","0.622728788","0.938548009","1.374661758","2.22982841389445","3.40637586183357","4.70268940053374","6.98394373040532","11.0075740736638","16.6288477682909","26.593881186853","38.9580161956458","53.721706975363","78.5559610790581","83.1420949448513","87.1978920701214","91.3242275735165","95.1136033828075","102.671053139637","109.984693490847","117.737517418373","127.669744935625","136.084228735946","126.514451763616","131.773421339878","135.522602889503","151.72675762805","142.277402587724","132.548743018664","",
"Lower middle income","LMC","Mobile cellular subscriptions (per 100 people)","IT.CEL.SETS.P2","0","","","","","0","","","","","0","","","","","0","0","0","0","0","0","0","0","0","0","0","0","0.000182885853243098","0.000216355882834687","0.000296863094398385","0.000602154056035138","0.00308277786356457","0.00492504586031838","0.00969363930286401","0.0164509597148733","0.0486556652103643","0.0992986460934827","0.180202256906704","0.254538451888885","0.432108292592796","","","","","","","","","","","","","","","","81.8","86.6","88.1","90.7","92.4","92.9","92.8","93.6","92.8","90.9","89.9",
"Low & middle income","LMY","Mobile cellular subscriptions (per 100 people)","IT.CEL.SETS.P2","0","","","","","0","","","","","0","","","","","0","0","0","0","0","0","0","0","0","4.85094335804726E-05","5.54059059866306E-05","0.000440165251526213","0.000998344996099628","0.00183564183251364","0.00343318299698313","0.00777704618589226","0.0155585711118874","0.0301322548798565","0.058734853084983","0.124630500391068","0.248016878233275","0.438320356183157","0.790290731432606","1.25997235656281","2.24508124954104","4.07324952174489","6.35651855840677","8.78365580382975","11.7769109027589","15.9182818810684","21.4836481536106","28.860015511121","37.4662544034357","47.2679641379077","56.193657931565","66.3634019887003","75.5408547565946","80.1722559632734","85.2345860142252","88.8003798817614","90.0920125062044","93.8812825625047","96.6111318192515","100.365686483195","101.585315512496","101.296663699881","103.023535265877","104.401559003568","","","",
"Lesotho","LSO","Mobile cellular subscriptions (per 100 people)","IT.CEL.SETS.P2","0","","","","","0","","","","","0","","","","","0","0","0","0","0","0","0","0","0","0","0","0","0","0","0","0","0","0","0","0","0","0.064549194","0.177432691","0.495105102","0.601732086","1.07789110605101","2.8487849932004","6.91605015142787","6.34489957225453","9.95434596112177","12.7893640595655","18.4011006327301","24.6998875730315","30.1654529450441","33.3689571771781","49.4651223718861","61.1891009424486","75.9363906183486","87.055264662748","102.821994635806","101.688197961524","107.157971519258","110.370078484639","72.4555241955612","76.1124827725111","69.8944012395073","80.5368195682415","68.1001351640997","69.3513051423509","70.328049309004","",
"Late-demographic dividend","LTE","Mobile cellular subscriptions (per 100 people)","IT.CEL.SETS.P2","0","","","","","0","","","","","0","","","","","0","0","0","0","0","0","0","0.000142137694593546","0.000214021055766839","0.000291980161061721","0.000488458229266732","0.00207181270510617","0.00371141769888569","0.00572931535244892","0.00979270115876504","0.0167130316201986","0.0285303810139472","0.0529418199195055","0.109229938746224","0.225318093674009","0.464740452483221","0.806181030640707","1.42690636136611","2.32949374868865","4.11274892358881","7.39086634625613","11.8494383497384","16.7972734323324","22.3483377423998","29.9209292609991","38.1112955188625","45.9252875612226","55.4748933121573","65.6164325396086","74.7709324228179","83.3696823012748","91.0566056827835","98.6995505578557","105.492296388357","109.212583160761","107.639948940905","110.460057411029","113.603401335573","122.711163672734","125.404898376046","123.572144960936","125.812134493348","126.745828074436","","","",
"Lithuania","LTU","Mobile cellular subscriptions (per 100 people)","IT.CEL.SETS.P2","0","","","","","0","","","","","0","","","","","0","0","0","0","0","0","0","0","0","0","0","0","0","0","0","0","0","0.007034198","0.032783181","0.119667223","0.394820974","1.369497547","4.47474029","7.300894009","9.136079147","14.9697091934012","29.3117715960016","47.7800264223806","61.5530273084651","90.3592532233403","131.038602302106","144.296392938056","152.012023368388","157.03197861735","156.847948346861","157.889641413685","163.043370593157","167.226065135398","154.341459457267","145.49429149643","143.991494147494","146.550393676088","154.147985747777","134.333614750945","132.528841977519","131.341332336588","133.357273318046","135.834150715729","137.203719983084","138.728835196967","",
"Luxembourg","LUX","Mobile cellular subscriptions (per 100 people)","IT.CEL.SETS.P2","0","","","","","0","","","","","0","","","","","0","0","0","0","0","0","0","0","0","0","0.010915064","0.079311188","0.101207473","0.145140213","0.176416438","0.216122077","0.294773782","0.286067491","1.281075276","3.207360388","6.583831123","10.89055716","16.06263683","30.80925647","48.72271444","69.5372043326332","92.6003730599975","105.961392417824","119.290542185474","102.553808019271","109.591866994153","150.78267416139","142.5239969184","144.583733818688","144.524044184212","143.276640192349","147.511878499915","143.387946442865","145.093438163702","144.244165248014","141.659175188223","130.932672500368","133.110922975046","131.326868398506","131.870169616698","132.908973559976","136.87108956478","139.651285065505","144.474949556306","","",
"Latvia","LVA","Mobile cellular subscriptions (per 100 people)","IT.CEL.SETS.P2","0","","","","","0","","","","","0","","","","","0","0","0","0","0","0","0","0","0","0","0","0","0","0","0","0","0","0.038567208","0.144000049","0.320895746","0.583740022","1.124576212","3.085383486","6.80085626","11.3068601","16.9433685496807","28.090267249597","39.6822464437465","53.2790967520961","67.8707555161397","83.5617184514221","98.4075939418629","100.737558024988","105.551654925745","107.542192196889","109.927825454005","112.090589002306","129.304547798055","127.073387613574","119.549742772481","130.949148754694","135.227462327724","126.846989128969","107.397431401316","108.221910991332","107.902487108935","114.644670333429","115.202627450543","119.909944560018","121.262202363304","",
"Macao SAR, China","MAC","Mobile cellular subscriptions (per 100 people)","IT.CEL.SETS.P2","0","","","","","0","","","","","0","","","","","0","0","0","0","0","0","0","0","0","0","0","0","0","0","0.401973107","0.637300951","1.337509313","2.82326718","3.975446006","5.515973044","9.046215595","11.07799464","12.83580277","19.60809597","27.75464258","32.2545385528311","43.6899747262005","60.5547198112339","77.6097797050653","89.6827042720863","107.538589171415","125.08122898022","152.089033555119","174.014516821227","188.792009943893","199.404590569397","235.079295314897","274.656223720989","287.643446353444","304.184963559144","304.751044313614","310.568300773121","316.601552229203","331.099986034622","416.260540646881","237.343774476003","183.574788091048","172.244717160072","192.478344669931","201.136947388589","",
"St. Martin (French part)","MAF","Mobile cellular subscriptions (per 100 people)","IT.CEL.SETS.P2","","","","","","","","","","","","","","","","","","","","","","","","","","","","","","","","","","","","","","","","","","","","","","","","","","","","","","","","","","","","","","","","","","",
"Morocco","MAR","Mobile cellular subscriptions (per 100 people)","IT.CEL.SETS.P2","0","","","","","0","","","","","0","","","","","0","0","0","0","0","0","0","0","0","0","0","0","0.000255894","0.000439265","0.00287408","0.003644065","0.005938147","0.012511957","0.025711901","0.051887421","0.109323282","0.156817216","0.268323369","0.41495255","1.297372681","8.23967968684995","16.5601184092407","21.2296727647944","24.8884606976027","31.1717436954099","40.8220113851492","52.0120841652536","64.2243296034678","72.1861049565747","79.0201255804651","98.5069862903323","111.063715196143","116.972130406733","125.560354723339","128.971839608382","124.480492544005","118.531797132419","123.894319060738","124.827523956634","128.874798962456","135.088404811169","138.911268095998","141.870002419562","148.155101338402","153.057260079672","",
"Monaco","MCO","Mobile cellular subscriptions (per 100 people)","IT.CEL.SETS.P2","0","","","","","0","","","","","0","","","","","0","0","0","0","0","0","0","0","0","0","0","0","0","0","0","0","0","0","3.706807633","8.188013951","9.545136904","17.02449636","22.52252252","35.62358347","40.37784775","42.9117239254352","44.0780349493019","45.8762568626241","46.5836782603324","48.7510446652428","53.3716237193418","57.1076519948841","64.0763891070139","69.1041588139213","71.0666172290199","70.602780206857","93.6457903729453","95.6325084267235","100.047958924592","93.2102524357839","92.5537992763283","89.3255714132418","87.5258771697011","85.6764690464958","88.6483507832795","93.2588699080158","97.1422638668985","100.061647530246","104.060991888284","107.400792109963","",
"Moldova","MDA","Mobile cellular subscriptions (per 100 people)","IT.CEL.SETS.P2","0","","","","","0","","","","","0","","","","","0","0","0","0","0","0","0","0","0","0","0","0","0","0","0","0","0","0","0","0","0.000313815","0.02076658","0.050070668","0.160788913","0.418221638","3.2821979486499","5.37022318647563","8.16390815196009","11.6213261695568","19.4480942226804","27.3223975215793","34.6351071936054","48.8869490439311","64.1199480143426","57.6440352813251","70.2257053429633","90.4419573908726","102.918975508711","108.451690919044","111.829207986696","112.958678058046","117.008370513998","117.321043357799","115.31999925169","116.105189229966","111.444672775453","128.983642317657","137.182551887592","129.546081439289","120.083487069521","",
"Madagascar","MDG","Mobile cellular subscriptions (per 100 people)","IT.CEL.SETS.P2","0","","","","","0","","","","","0","","","","","0","0","0","0","0","0","0","0","0","0","0","0","0","0","0","0","0","0","0","0.002232787","0.009373329","0.016064309","0.02774225","0.083824374","0.227272669","0.382009619807974","0.865969167153126","0.928836513320607","1.56965632856485","1.79445925877516","2.66324010069674","5.30075933146314","10.9142059758793","23.1087553718629","29.162840971111","34.7635703189871","38.0363591750174","37.4155490576043","35.0948534776429","39.2252725571455","42.0572239372609","30.6447038676546","32.5906255978573","38.7515500132643","46.077978411707","54.8084663590199","53.9177233784298","64.7494924066919","75.4562966735535","","",
"Maldives","MDV","Mobile cellular subscriptions (per 100 people)","IT.CEL.SETS.P2","0","","","","","0","","","","","0","","","","","0","0","0","0","0","0","0","0","0","0","0","0","0","0","0","0","0","0","0","0","0","0.007580294","0.479482605","0.586568102","1.052097903","2.70832816228694","6.58862421408321","14.3678673323823","22.4175438714834","37.5717039411041","66.4493243132993","86.3635929151094","96.6284412858767","129.585328851474","131.439236235733","137.018282001818","141.955019616029","144.912336034","156.262903991801","160.974524741488","172.785960191894","183.197235330741","196.409673414258","181.34343974517","169.774322321116","142.936122584731","136.789214071769","136.458655310185","141.601234995076","148.137074909198","",
"Middle East, North Africa, Afghanistan & Pakistan","MEA","Mobile cellular subscriptions (per 100 people)","IT.CEL.SETS.P2","0","","","","","0","","","","","0","","","","","0","0","0","0","0","0","0","0.00126440021858465","0.00187458435526569","0.00251548067753951","0.00409278756161031","0.0103297502019392","0.0157234584319031","0.0178405210465377","0.0258407589801039","0.0404548106318131","0.0593105579989865","0.0707943220502847","0.0970443481359544","0.145922187073382","0.339214813591054","0.695657607503096","1.18357279449292","1.66123941968926","2.40615900569384","4.47937021994042","7.38199948087313","10.0539497443612","13.0443129197875","18.0481605090392","27.7429051333543","39.6410396985552","54.7290717240626","66.1603833132913","79.3522647067203","88.9876337825002","95.4179191054657","100.330061035009","105.500544173396","105.791394455761","105.2","104","103.1","102.2","107.8","95.4","98.3","101.5","102.4","104.6","107.1",
"Mexico","MEX","Mobile cellular subscriptions (per 100 people)","IT.CEL.SETS.P2","0","","","","","0","","","","","0","","","","","0","0","0","0","0","0","0","0","0","0","0","0","0","0.001901333","0.010594046","0.078225239","0.193035298","0.367849584","0.445630607","0.644573077","0.765273175","1.115775127","1.868165056","3.534421225","8.02579566","14.2740696650296","21.7360188227069","25.5328580326209","29.227164520677","36.8326596827555","44.5402855250975","51.6490140299726","61.1903963397257","68.225553581827","74.2801618229031","80.4262985351805","82.0725244522242","86.2256233206385","90.2012422761648","87.6144646415609","88.9454290232153","91.3941924453661","92.6493518556478","96.4612204576614","97.0358606795758","96.9237451881936","99.09481491263","105.720624125765","111.735420288549","116.486713265167","",
"Marshall Islands","MHL","Mobile cellular subscriptions (per 100 people)","IT.CEL.SETS.P2","0","","","","","0","","","","","0","","","","","0","0","0","0","0","0","0","0","0","0","0","0","0","0","0","0","0","0","0","0.561797753","0.520689519","0.708215297","0.890026357","0.64893537","0.822900026","0.881552478996569","0.956516636347632","1.07340787554691","1.15803946629485","1.24345928829333","1.27152930297075","","","","","","","","","31.126998152462","31.7622950819672","","34.3871563970857","","36.3578521598836","37.4654615276542","38.6781734232601","39.7060658232902","","","",
"Middle income","MIC","Mobile cellular subscriptions (per 100 people)","IT.CEL.SETS.P2","0","","","","","0","","","","","0","","","","","0","0","0","0","0","0","0","0","0","5.20105727513569E-05","5.94543480923161E-05","0.00047233553151586","0.00107164339452896","0.00197114520570271","0.00368828291419863","0.0083564145667867","0.0167255200513101","0.0320825018822811","0.0625319472074724","0.132847015082941","0.267075516247927","0.472604028761523","0.853097025118021","1.36063198727476","2.42642037534633","4.40122990387145","6.85891239700669","9.46863528069071","12.6594646708362","17.0516455066934","23.0047769614903","30.8177145265412","39.883402063001","50.1013228653286","59.5126235816307","70.3029330421758","79.7622794036567","84.432304165103","89.4312868231915","92.8185660062634","94.00161271887","98.4606788890971","101.573546820726","103.839322872039","107.095305221948","106.600308165132","108.170552432744","108.260864694504","","","",
"North Macedonia","MKD","Mobile cellular subscriptions (per 100 people)","IT.CEL.SETS.P2","0","","","","","0","","","","","0","","","","","0","0","0","0","0","0","0","0","0","0","0","0","0","0","0","0","0","0","0","0","0","0.053053164","0.616794247","1.494750711","2.408021038","5.62633764539413","10.8055409158685","17.6114156580624","37.2824012172512","47.2351660443568","54.1201173122685","60.4930613292055","86.1891034077308","95.0115267568525","94.3034525397712","104.968060033975","108.467609532426","110.268442239858","111.124632440594","111.342589695936","105.212016364652","104.549883518699","103.458690624197","102.572291491295","101.231634434543","99.4723867063031","104.875134243923","111.303079555687","106.458776658176","108.38712260883","",
"Mali","MLI","Mobile cellular subscriptions (per 100 people)","IT.CEL.SETS.P2","0","","","","","0","","","","","0","","","","","0","0","0","0","0","0","0","0","0","0","0","0","0","0","0","0","0","0","0","0","0","0.011715466","0.027434281","0.042116764","0.058505121","0.089953621718981","0.201449644976166","0.374135847429006","1.94894660643258","3.10523812834724","5.62822858148233","10.8143886204419","17.5053976147782","23.0146454181582","28.8978765173021","46.6622176783255","65.7107159010821","86.1756593856956","113.114584714497","130.439571178385","122.082978226993","105.348301513254","111.210305187838","107.404034726492","108.814511587375","116.587405376001","108.693122357196","112.119852778009","","","",
"Malta","MLT","Mobile cellular subscriptions (per 100 people)","IT.CEL.SETS.P2","0","","","","","0","","","","","0","","","","","0","0","0","0","0","0","0","0","0","0","0","0","0","0","0","0","0.618439255","0.941163816","1.412425614","1.981176185","2.825993589","3.24448632","4.549709648","5.740645431","9.480481436","28.6185123594944","59.4402955430206","68.2650130065464","71.0371215944109","74.5054747101982","78.3847866060195","83.4679651658186","88.3347675079159","92.0440414445937","100.306087287159","107.790825054241","122.871784244091","124.757214417819","129.921671505793","125.718724466898","117.794018171562","128.59869659476","129.249073523943","127.093763801237","125.866492068688","122.175694268893","123.941408455002","132.861156549134","140.59359496844","142.070062100751","",
"Myanmar","MMR","Mobile cellular subscriptions (per 100 people)","IT.CEL.SETS.P2","0","","","","","0","","","","","0","","","","","0","0","0","0","0","0","0","0","0","0","0","0","0","0","0","0","0","0","0.001538708","0.004535028","0.006450532","0.016719108","0.019312269","0.019130121","0.025285494","0.0295799320661765","0.04953121223398","0.103783791079435","0.142534824036552","0.196418976046369","0.27129940081198","0.448285852912208","0.514578241519701","0.759210538252597","1.03164871502753","1.21164199479353","2.51643773692417","7.48356366415727","13.5933519472846","57.2778336231227","80.2397229653255","98.2342601991436","92.3917955157784","116.972136284863","155.669416939698","148.158208114821","127.240645128106","107.535089476237","121.027626770248","114.329042129489","",
"Middle East, North Africa, Afghanistan & Pakistan (excluding high income)","MNA","Mobile cellular subscriptions (per 100 people)","IT.CEL.SETS.P2","0","","","","","0","","","","","0","","","","","0","0","0","0","0","0","0","0","0","0","0","0","0.001393790395604","0.00164217378753284","0.00224463339506351","0.00338821547300786","0.00577518181449238","0.00740870349947998","0.011048761135788","0.017477962731423","0.0787631533872729","0.138256232121304","0.318694154195762","0.472675847413921","0.825005702984421","2.14841520495747","4.25828473878993","5.83701689486437","8.13505195189074","12.5856423255361","21.579764144396","32.9875617191202","46.7278196138014","57.2877757760399","69.4903241554121","78.5496557277396","85.2055262103891","90.8142555262051","96.0326262638413","96.3740334245713","96.2206990904959","96.0686374623559","97.6525656662388","95.8594616996784","103.172035341985","90.6","93.7","96.4","96.9","98.8","101",
"Montenegro","MNE","Mobile cellular subscriptions (per 100 people)","IT.CEL.SETS.P2","","","","","","","","","","","","","","","","","","","","","","","","","","","","","","","","","","","","","","","","","","","","","76.3334038128359","85.6746313382225","101.547633509026","142.095017359275","182.988251467579","204.631442133458","185.100808748149","183.204359810839","156.401963569782","156.964444205798","160.490358344882","160.454990487865","166.719850572448","168.464830660169","184.219098888429","188.173957398388","177.66521091893","185.488473149833","207.278149444886","207.237922064803","221.687322527444","",
"Mongolia","MNG","Mobile cellular subscriptions (per 100 people)","IT.CEL.SETS.P2","0","","","","","0","","","","","0","","","","","0","0","0","0","0","0","0","0","0","0","0","0","0","0","0","0","0","0","0","0","0","0.038183598","0.083971129","0.375527826","1.423190067","6.29688552620539","7.87020220365662","8.63974080777577","12.6496695819066","16.8592174038547","21.7365116925906","29.9796189659682","45.8051776001595","66.9284063613147","84.3807849396284","92.9207634213904","107.181059165519","120.738848253543","100.901264814345","103.920441847843","103.078420951136","110.745846833017","125.18399904135","133.283865358717","136.719198864644","132.610273840436","140.352142155192","142.808581769425","141.08481753135","140.670025377351","",
"Northern Mariana Islands","MNP","Mobile cellular subscriptions (per 100 people)","IT.CEL.SETS.P2","0","","","","","0","","","","","0","","","","","0","0","0","0","0","0","0","0","0","0","0","0","0","0","0","0","","","1.526653875","1.601088321","2.463205862","","","","3.810485722","4.38878810931008","19.4163332548835","25.6626433855461","28.4602803381177","32.021645969533","","","","","","","","","","","","","","","","","","","","","",
"Mozambique","MOZ","Mobile cellular subscriptions (per 100 people)","IT.CEL.SETS.P2","0","","","","","0","","","","","0","","","","","0","0","0","0","0","0","0","0","0","0","0","0","0","0","0","0","0","0","0","0","0","0","0.015131593","0.039738359","0.070614117","0.281665622612854","0.823466563784593","1.34378340548628","2.2470417004534","3.56849208981733","7.40691910278913","11.2537028396523","14.4674737235959","20.1888204410131","26.6650991246997","31.4105056102953","33.216339150187","36.1781646576283","49.5029641007918","71.6701472266196","75.8447213176406","54.9641156223382","42.1619694080105","48.5007087167822","49.4350694242276","50.2318825476662","43.1636190464176","45.8178199662019","47.5003032540948","49.5047696961223","",
"Mauritania","MRT","Mobile cellular subscriptions (per 100 people)","IT.CEL.SETS.P2","0","","","","","0","","","","","0","","","","","0","0","0","0","0","0","0","0","0","0","0","0","0","0","0","0","0","0","0","0","0","0","0","0","0","0.585435064346201","4.12366169421673","9.02771615993982","12.524919291118","18.2105677067792","25.3691742833335","35.1772263626288","45.7141942652888","65.7183543081028","66.4418800358538","81.8660764708571","94.6316258570616","111.230731736701","106.798483685642","97.5267336951353","91.8941169084199","88.4383494871236","96.7595354581295","105.275094895088","105.441089704161","126.277034284458","137.540323142707","109.883898247552","90.7724948884417","92.0748946443443","",
"Mauritius","MUS","Mobile cellular subscriptions (per 100 people)","IT.CEL.SETS.P2","0","","","","","0","","","","","0","","","","","0","0","0","0","0","0","0","0","0","0","0","0","0","0","0","0.201781177","0.226396162","0.260298879","0.356231447","0.497401847","1.011457438","1.777590909","3.590014667","5.05891805","8.47170223","14.7949785842685","22.2235093624495","28.161107217088","37.2277089024305","43.8266122579613","52.2446836857658","61.1177886041965","73.1476040513014","81.0663444829304","84.9704293760927","92.8425699047874","100.608971543233","115.252449250293","118.793106653529","127.86328226284","136.371902265385","140.423888162514","142.524532117413","148.816797831837","145.117277088014","149.06995900167","154.053185977432","164.309278835228","165.257524411348","172.68356921857","",
"Malawi","MWI","Mobile cellular subscriptions (per 100 people)","IT.CEL.SETS.P2","0","","","","","0","","","","","0","","","","","0","0","0","0","0","0","0","0","0","0","0","0","0","0","0","0","0","0","0","0","0.003777385","0.03588565","0.066586269","0.097834084","0.205030893","0.43301741914195","0.480718719771781","0.724274521819057","1.10916700912378","1.77697522954047","3.2800777505911","4.6986669369963","7.74031710895931","10.787342707362","17.2664810012484","21.025675510066","25.8864481164849","29.5800071510519","32.7317425220037","33.8868400746068","38.4341901744435","40.8844441758703","43.0855088342582","38.1955692011493","46.7841008334388","51.2170439392301","59.5599408158462","59.6495709408963","61.0866071008045","69.260530662121","",
"Malaysia","MYS","Mobile cellular subscriptions (per 100 people)","IT.CEL.SETS.P2","0","","","","","0","","","","","0","","","","","0","0","0","0","0","0","0","0","0","0","","0.069523625","0.108594076","0.165220178","0.231602049","0.494489541","0.721522185","1.082615433","1.784885174","2.918621003","4.991168447","7.34842792","9.412128789","10.08686533","13.36691902","22.2996735954346","31.3900838278883","37.5604548860269","45.0736604261284","57.8498313244464","75.6500475633466","73.6762398568335","86.4755300769983","100.518464614095","107.179512670287","118.156632715164","125.715832147402","139.314753874976","142.522112800428","146.3656485505","141.210531313909","136.725167298764","130.853522804244","128.873150399987","133.372921941941","129.017911652905","137.684938559871","138.208441079076","142.7320920639","139.664651283564","",
"North America","NAC","Mobile cellular subscriptions (per 100 people)","IT.CEL.SETS.P2","0","","","","","0","","","","","0","","","","","0","0","0","0","0","0","","","","0.0354456857358644","0.13492387715","0.281330157549774","0.499162085137512","0.844314269891376","1.4158999283435","2.12761672045196","2.98047599606759","4.25320707523175","6.03319693496568","8.92690938965478","12.3324068916648","15.9218670279086","19.6857447330568","24.3653729858947","30.0252352437993","37.7520626465879","43.9642771370256","48.0717160867342","53.8948118936585","61.3299563400262","67.0783557060801","74.7436922653599","80.331037287783","83.6256570102379","87.1439649192966","90.0993211931461","93.1200087736564","94.6620949888782","95.6699687771596","98.3059011964548","99.9","100.9","100.8","102.4","103.9","101.9","104.4","107","110.5","111.2","112",
"Namibia","NAM","Mobile cellular subscriptions (per 100 people)","IT.CEL.SETS.P2","0","","","","","0","","","","","0","","","","","0","0","0","0","0","0","0","0","0","0","0","0","0","0","0","0","0","0","0","0","0.218018276","0.402650561","0.738228794","1.123302301","1.687026262","4.50884641164558","5.74029319651404","7.93663391482404","11.6649386898528","14.7313553186735","22.8242198901444","30.566276818777","39.6448033290399","51.3908754816673","78.5395548461197","92.4287530968414","102.24430130572","97.8210232683603","121.105585418565","115.5200011764","107.392368276966","109.049558197665","106.914765245509","107.060260494691","106.53315947895","106.206587456143","103.727351391971","100.557816104444","87.6760954339972","85.1648988113055","",
"New Caledonia","NCL","Mobile cellular subscriptions (per 100 people)","IT.CEL.SETS.P2","0","","","","","0","","","","","0","","","","","0","0","0","0","0","0","0","0","0","0","0","0","0","0","0","0","0","0","0","0","0.413117611","1.009378399","2.493990529","6.129086841","11.72173657","22.3883674439036","29.8264875475941","34.4477169775573","41.0316970736613","48.3462873465863","54.9408505571219","62.6143722202248","70.3360255259747","77.4052989264257","81.4752186588921","84.4136828986704","85.2807989705226","85.0412136964213","86.8789330327792","86.4435467812136","91.9161063396994","","","","91.6764807514651","91.4925961376049","91.1596204954876","91.6763895612682","","","",
"Niger","NER","Mobile cellular subscriptions (per 100 people)","IT.CEL.SETS.P2","0","","","","","0","","","","","0","","","","","0","0","0","0","0","0","0","0","0","0","0","0","0","0","0","0","0","0","0","0","0","0","0.000933849","0.012427544","0.01951659","0.017863302295556","0.0178346024339115","0.465951324237534","0.643628217398725","1.29973715942214","2.35423436951156","3.38505980377446","6.07959815207237","12.3528088783202","16.3011350896202","22.1684789291814","27.612953279822","30.2495367855019","37.8312018781097","42.8624011489646","44.9309205276883","36.120522177752","40.9549864276209","","52.8112616845298","60.0355524816093","61.5063092448251","63.3770548032743","65.735032215569","60.5939862118112","",
"Nigeria","NGA","Mobile cellular subscriptions (per 100 people)","IT.CEL.SETS.P2","0","","","","","0","","","","","0","","","","","0","0","0","0","0","0","0","0","0","0","0","0","0","0","0","0","0","0","0.008804631","0.01213775","0.012016163","0.012617593","0.013182041","0.017139352","0.020886321","0.0237374647789432","0.205186874634686","1.17556500937436","2.29549001985705","6.48475870170114","12.8170956320625","21.6814998851536","26.3563208061766","39.9685817471357","45.9848876760246","52.3861480651505","55.5301267540609","64.0053263148187","70.282509513161","74.7512781478918","79.1045279367312","78.970142296733","72.3679681751497","84.2840110939485","88.1169010528984","95.4356648074949","89.2915858426408","99.5852151989567","98.4772822731425","70.7619057835431","",
"Nicaragua","NIC","Mobile cellular subscriptions (per 100 people)","IT.CEL.SETS.P2","0","","","","","0","","","","","0","","","","","0","0","0","0","0","0","0","0","0","0","0","0","0","0","0","0","0","0","0.007157551","0.047197347","0.093182257","0.105976404","0.154412963","0.368073346","0.875842941","1.7977423395259","3.23338558224782","4.60683868394568","8.95623323366526","14.007895447525","20.9538936430489","33.7750318102256","45.5188355326479","55.7329896587397","59.1267264564002","69.0593730664319","82.8921073212797","99.1601154121126","113.788542316855","116.506541177339","118.127474523195","124.272855307825","129.505649809198","116.272405969925","89.2772705280369","90.8140674248283","93.8165084237294","104.278484676229","105.843136180202","105.961143065351","",
"Netherlands","NLD","Mobile cellular subscriptions (per 100 people)","IT.CEL.SETS.P2","0","","","","","0","","","","","0","","","","","0","0","0","0","0","0","0","0","0","","0.033067635","0.104848165","0.164902921","0.223542129","0.377098663","0.528620872","0.764293078","1.095660031","1.416292584","2.091276329","3.489425681","6.538548864","10.98535148","21.31327693","42.65907064","66.9727924198381","75.3891268486943","74.287586648642","80.6505222243512","90.1034399666958","96.1634815625928","104.863315130995","116.657089917059","124.279564732922","120.767315086474","114.356515784318","117.673977365337","116.563841951798","114.73405856983","114.867279906758","121.637501079209","121.420358968335","118.57673269471","121.162164892591","124.08833250929","121.422728509042","123.447849713072","115.8205562749","125.272736960305","128.538765867661","",
"Norway","NOR","Mobile cellular subscriptions (per 100 people)","IT.CEL.SETS.P2","0","","","","","0","","","","","0","","","","","0","0","0","0","0","0","0.040733148","0.268752988","0.568550094","0.943182949","1.518914001","2.089066242","2.866681825","3.615333615","3.966124085","4.640379325","5.500452147","6.600122196","8.612970463","13.56959375","22.5104391","28.79018877","38.06210834","46.75432049","59.70226855","71.7901465351791","79.6028586133151","83.5167101732168","88.9621788567802","98.5410115505158","102.840698194554","104.4721010262","106.978961607642","109.293133681522","110.89194579904","114.524452247645","115.596284894229","115.523573177259","112.045532746838","111.690088069926","110.118346262292","109.426806771527","108.392640087689","107.702543341632","108.00526578567","108.296844518424","109.585637519783","111.657196221742","109.654228618195","109.348606513576","",
"Nepal","NPL","Mobile cellular subscriptions (per 100 people)","IT.CEL.SETS.P2","0","","","","","0","","","","","0","","","","","0","0","0","0","0","0","0","0","0","0","0","0","0","0","0","0","0","0","0","0","0","0","0","0","0.022780782","0.0416596918119803","0.0692915966441798","0.0863872099710604","0.31868804245032","0.448858608116278","0.864008677031659","4.35566906985301","12.2026092398184","15.5612976743974","20.6008640551193","33.6316953522558","48.6245149828721","60.3184066484316","77.4276625484107","83.1925129650984","98.8945582907248","114.89813690076","128.863887512657","139.525943467536","136.186080245332","131.921020414772","129.645418271275","121.1144874334","117.759577544938","99.8471420273964","",
"Naoero","NRU","Mobile cellular subscriptions (per 100 people)","IT.CEL.SETS.P2","0","","","","","0","","","","","0","","","","","0","0","0","0","0","0","0","0","0","0","0","0","0","0","0","0","0","0","1.466849208","4.37998832","4.84683986","5.799903335","7.2372865","8.191981496","9.631127805","11.801730920535","14.8075024679171","","","","","","","","","61.7345414716718","66.3497722321252","66.231615856628","","","85.81340149717","88.7892376681614","88.3080183680678","","86.3036161215155","85.8885167053165","85.404389785635","87.1705787645115","","","",
"New Zealand","NZL","Mobile cellular subscriptions (per 100 people)","IT.CEL.SETS.P2","0","","","","","0","","","","","0","","","","","0","0","0","0","0","0","0","0","0","0","0","0","0.072739396","0.301567973","0.866890338","1.592399808","2.07663203","2.836468263","4.023793547","6.606110652","9.934965444","13.21726033","14.99529113","20.73466868","36.38977914","39.9733096500547","58.7908510335421","61.9824409236978","64.6101786263861","74.120144665284","85.3686583843752","90.9216774989598","100.66159697258","108.404288867865","109.193030975507","108.331397475027","109.977867524585","111.567576585407","107.008519144444","112.757443483648","121.368981425995","129.380648472778","132.980049668049","128.936896010016","120.475335425902","123.000574962598","114.454714130458","115.984187800849","126.854978584281","130.093457083544","",
"OECD members","OED","Mobile cellular subscriptions (per 100 people)","IT.CEL.SETS.P2","0","","","","","0","","","","","0","","","","","0","0","0","0","0","0.00232738770623931","0.00802302497263679","0.0124116592099048","0.0189334745687367","0.0327543896236833","0.0756201585813685","0.132145259701665","0.228773937803474","0.385238173305541","0.644292301591426","0.960701099762339","1.36295900248025","1.89438662571492","2.696773742729","4.2620330385136","6.7506954215468","10.5479192599006","14.9249008347138","21.359081644029","31.3601644331137","44.010463313539","52.2350423210071","57.2868093366769","62.912773864967","70.187060353073","78.2699707143541","86.1289645644289","94.0661845604868","98.5550259938278","100.336488554697","101.847002441074","105.327654279507","108.02174226665","109.860365426311","111.134001241857","111.741218539477","113.057251683705","114.135901730199","115.711339697942","116.859199303601","116.846970739129","119.661730921855","122.304805090448","","","",
"Oman","OMN","Mobile cellular subscriptions (per 100 people)","IT.CEL.SETS.P2","0","","","","","0","","","","","0","","","","","0","0","0","0","0","0","0","0","0","0","0.003470327","0.047848269","0.071549261","0.101959943","0.12049466","0.150648866","0.193899147","0.238040615","0.271028867","0.314231069","0.365289843","0.670644633","2.355804747","4.351950207","5.366082104","7.14294217788307","14.0743071127104","19.8298997198117","24.8934902265811","32.9697156061479","53.0900734335198","70.445349777081","94.0854853192772","117.026255896571","138.049590673204","151.446094177944","147.926430004786","150.873277494269","149.208910100547","153.806036858807","155.756104259601","153.291455497041","148.821627766224","139.96741643208","138.232111508042","140.378600753095","135.076972756826","136.800571561762","122.291457994634","120.61105087402","",
"Other small states","OSS","Mobile cellular subscriptions (per 100 people)","IT.CEL.SETS.P2","0","","","","","0","","","","","0","","","","","0","0","0","0","0","0","0","0","0","0","0","0.0455532993029459","0.0918807622672163","0.127929649803366","0.182262355144664","0.258435989609872","0.420566524198958","0.597983452144038","0.85919858946997","1.29629703749381","2.33181953497385","3.64407922645874","5.50895050294605","8.17603932271043","12.5146739632091","18.8975209765223","25.7547886186989","32.2930616987683","35.0577733516119","44.4273679422635","51.3573094003636","59.4407603430946","69.3222469111689","79.9673526850011","84.4641371883346","90.0510637351942","96.8439407952832","103.94594950375","106.16248209414","115.21881398748","118.172675066158","124.52921788017","121.103732971592","118.780029723513","117.370650821352","116.366309924558","122.10410369102","124.936732236042","","","",
"Pakistan","PAK","Mobile cellular subscriptions (per 100 people)","IT.CEL.SETS.P2","0","","","","","0","","","","","0","","","","","0","0","0","0","0","0","0","0","0","0","0","0","0","0","0","0.001732891","0.007130659","0.011031649","0.01274427","0.019081569","0.030772819","0.0495778","0.095540045","0.134796019","0.177437426","0.197891740440918","0.466253388008897","1.04062582676613","1.43881062279316","2.93246850297164","7.27897930988006","19.204163183443","34.0699285601432","46.448630078812","48.5357095625545","49.7823320746962","53.4461944087116","57.8576108279055","60.5177801689984","63.3618438229803","57.9405984557576","62.0013242640944","64.7301783284032","67.8567658982797","71.6660323753765","74.7332166629945","78.8012296805749","79.1050539061512","76.5397606213172","76.8544559649986","",
"Panama","PAN","Mobile cellular subscriptions (per 100 people)","IT.CEL.SETS.P2","0","","","","","0","","","","","0","","","","","0","0","0","0","0","0","0","0","0","0","0","0","0","0","0","0","0","0","0","0","0","0.25256115","0.830058925","2.976698822","7.912963114","13.6329134401796","15.4792400287079","16.8036815383671","21.7068305386501","38.753858244224","52.7837692792028","64.4277196251049","87.5823638759676","111.843464410018","170.202988962179","183.168909766614","182.358735130993","165.287067441004","162.198754669206","177.438612204565","144.996925532224","127.61623852159","128.825871183278","137.297557979395","137.570004959029","142.283080390407","147.899862038176","152.062171804817","156.586507591014","","",
"Peru","PER","Mobile cellular subscriptions (per 100 people)","IT.CEL.SETS.P2","0","","","","","0","","","","","0","","","","","0","0","0","0","0","0","0","0","0","0","0","0","0","0","0","0.007462991","0.025240218","0.093503571","0.154376891","0.21765183","0.300800992","0.806879781","1.662951236","2.876425359","3.859914577","4.78923658781448","6.65051190633231","8.45398950030337","10.6246952102736","14.6938463366794","19.8687599595462","32.1982838102898","54.0373967003052","72.9545042955996","85.4778092987493","100.100151210105","110.774364366799","99.4508054485687","99.9174254916985","105.858105967274","112.404818501786","119.654538672257","124.232520236388","132.156626658621","122.790350843591","119.854099046125","129.993736857913","124.119322949561","121.975084691173","124.623544414599","",
"Philippines","PHL","Mobile cellular subscriptions (per 100 people)","IT.CEL.SETS.P2","0","","","","","0","","","","","0","","","","","0","0","0","0","0","0","0","0","0","0","0","0","0","0","0","0","0.054886004","0.086831328","0.154955895","0.254105367","0.713153303","1.351785776","1.847691816","2.327302138","3.737724571","8.10590495391816","14.9372736282167","18.5183661238084","26.5656467843521","38.1226507186152","39.5144178507076","47.8934159750173","62.9642592871402","73.4820194307183","80.083961042229","86.3116249317177","95.8688282360909","101.799674355545","100.732033524401","107.284498472686","111.893197374926","112.517998777897","110.962137119646","122.960456861544","151.006642923206","133.45620905917","144.424289981649","147.428926406785","117.275521687262","115.298749599352","",
"Palau","PLW","Mobile cellular subscriptions (per 100 people)","IT.CEL.SETS.P2","","","","","","","","","","","","","","","","","","","","","","","","","","","","","","","","","","","","","","","","","","","12.6031892529354","19.9603235159469","19.7981836528759","30.5313083404814","42.5968458122799","55.3880426898767","61.3761902256826","68.1169490619488","78.8867145031529","85.4353357672309","96.5437658316915","101.682910244787","107.897262207169","133.612830613393","","","","134.846611978874","134.892086330935","134.960355395603","135.142744523903","135.386698256896","","",
"Papua New Guinea","PNG","Mobile cellular subscriptions (per 100 people)","IT.CEL.SETS.P2","0","","","","","0","","","","","0","","","","","0","0","0","0","0","0","0","0","0","0","0","0","0","0","0","0","0","0","0","0","0","0.047744476","0.077755215","0.108156936","0.13265336","0.154594564917436","0.186787490824283","0.253207164142219","0.28576108054919","0.763443220421612","1.14750749896151","1.48198206208912","4.3082742561226","12.1676145990214","19.139375770107","25.0091340525207","30.5368920009375","33.5214610357872","36.1328329658624","39.4077931671023","40.7171432669286","42.2017296237172","43.775195523033","45.7713986877234","47.1952885885227","49.0843996981992","48.1179470954257","49.1906681149749","34.0588961979896","38.7651796406789","",
"Poland","POL","Mobile cellular subscriptions (per 100 people)","IT.CEL.SETS.P2","0","","","","","0","","","","","0","","","","","0","0","0","0","0","0","0","0","0","0","0","0","0","0","0","0","0","0.005738221","0.040968916","0.101476311","0.19530244","0.56482304","2.115317351","5.023560454","10.3154857","17.6354944816742","26.1577839221675","36.3554439556061","45.54873524233","60.5122720407785","76.5032553054831","96.5178030922982","108.859325887002","115.608164796298","117.905502990554","123.248926095995","131.279778766286","141.409735570098","148.912446350899","148.713283559361","142.520207198425","138.518696718641","131.901471911132","126.266191655563","126.597314882311","129.288487295019","132.987203939653","137.002148115476","135.146301442691","138.016156588197","",
"Pre-demographic dividend","PRE","Mobile cellular subscriptions (per 100 people)","IT.CEL.SETS.P2","0","","","","","0","","","","","0","","","","","0","0","0","0","0","0","0","0","0","0","0","0","0","0","0","0","0","0.000329813817174974","0.00298194546164078","0.00498594322638205","0.00864333998739816","0.0165216782583232","0.0307482078115487","0.0666018324336203","0.138120525036301","0.356814088010581","0.813604191248252","1.58672985958743","2.68589260594552","4.89966101450195","8.29321970533369","15.1493450214786","21.7435890983913","31.7892111676059","37.7857805479012","44.1600641926314","50.8485010353161","56.3206961353067","62.2634245845749","67.2061877134112","70.6630939187647","68.1425805185222","68.6060228997526","73.3848389949006","75.7454289641895","79.9650119592337","80.385516649546","86.7805674982389","","","",
"Puerto Rico (US)","PRI","Mobile cellular subscriptions (per 100 people)","IT.CEL.SETS.P2","0","","","","","0","","","","","0","","","","","0","0","0","0","0","0","0","0","0","0","0","","0.113145013","0.249428751","0.330133035","0.574782379","0.933644455","1.660840346","2.606297858","4.760934438","7.746401702","8.813733136","9.761889689","15.32268248","21.35893536","34.5969910752767","42.7001166793819","43.2184738131683","44.9039067609063","48.6468507159241","52.6200271089625","58.2288084762123","64.6148057127551","67.844762835518","72.616040363961","78.9802833826312","84.3815609806418","83.6353280009829","85.5376654285317","89.9998233000979","91.0041169159844","93.5606592389891","100.519829625899","101.222406345401","102.552928381388","106.682174305247","112.540413929626","120.215904630962","124.513459651582","126.426375391555","",
"Korea, Dem. People's Rep.","PRK","Mobile cellular subscriptions (per 100 people)","IT.CEL.SETS.P2","0","","","","","0","","","","","0","","","","","0","0","0","0","0","0","0","0","0","0","0","0","0","0","0","0","0","0","0","0","0","0","0","0","0","0","0","0","0","0","0","0","0","0","0.278398889443231","1.72855701093733","3.98440122856621","6.7428936247448","9.55409574412015","11.0014191044829","12.6684483301304","14.0320423984037","14.7573125097971","","16.3340506540687","22.9565670933221","22.8723614729709","24.1311041179361","","","",
"Portugal","PRT","Mobile cellular subscriptions (per 100 people)","IT.CEL.SETS.P2","0","","","","","0","","","","","0","","","","","0","0","0","0","0","0","0","0","0","0","0","0","0","0","0.027763601","0.064952286","0.126171404","0.373413728","1.013800598","1.731944488","3.391071437","6.578849672","14.87538336","30.20441744","45.64926761","64.8139529275117","77.0454568501568","83.2609561622903","95.6807976090095","100.855984531046","108.990950580377","116.175404689418","127.786457061722","132.990148409502","111.524037734675","115.42460954412","116.837494027689","113.358650832529","114.655300508744","114.312891767686","112.964237082806","111.846790353179","113.873619619075","114.858523480989","115.145564535894","114.276382888841","119.768700781718","122.80130896654","123.001507659381","124.129981203404","",
"Paraguay","PRY","Mobile cellular subscriptions (per 100 people)","IT.CEL.SETS.P2","0","","","","","0","","","","","0","","","","","0","0","0","0","0","0","0","0","0","0","0","0","0","0","0","0","0","0.035070893","0.077287822","0.170400158","0.343338075","0.697419336","1.748338466","4.702393647","8.667097358","16.091575002529","22.1678670406032","31.6843580175956","33.2369524387414","32.4608610522116","34.6359471940386","58.7239798094438","84.4402781170439","103.156367048871","99.0725654866065","103.187311333571","112.286723170157","115.205931550373","117.899905473431","120.354274622389","120.341971874801","119.848343592368","117.821037884979","115.749958536773","119.137051427631","119.099952314893","119.312639901188","128.088057269442","126.605481531224","","",
"West Bank and Gaza","PSE","Mobile cellular subscriptions (per 100 people)","IT.CEL.SETS.P2","","","","","","","","","","","","","","","","","","","","","","","","","","","","","","","0","","0","0","0","","","","","","0.224507129751224","5.42645079010636","7.57298116642246","7.77179398894078","12.5641945719599","15.9550188466243","22.5453595735201","27.3365124384114","34.3272897835254","45.903776503693","64.8154454810606","70.0930147126709","74.3645845516098","73.9290856335225","72.4102229180943","78.0924303863817","80.1510726160054","84.2593832303374","90.2055254286487","86.7372172316252","80.1297988122355","78.1621094563592","76.5666403406424","76.6918854204372","","",
"Pacific island small states","PSS","Mobile cellular subscriptions (per 100 people)","IT.CEL.SETS.P2","0","","","","","0","","","","","0","","","","","0","0","0","0","0","0","0","0","0","0","0","0","0","0","0","0","0","0","0.00819450476565519","0.109954852510803","0.192765353553351","0.287362978883286","0.423712545622257","0.60026781885315","1.45891137280013","3.03580011919588","4.27369867901655","5.06630129977047","7.17756918939943","9.67124807702072","13.8876801442142","19.272443863737","34.2380999316119","38.11040366351","45.8526566668153","52.8508394409988","60.6118982077145","66.9014779275342","69.5236648334447","72.2805965843785","77.2484130709622","83.781590361882","83.6290582383162","86.8609752052671","81.0742061939604","77.0756422471147","76.1797159429208","","","","",
"Post-demographic dividend","PST","Mobile cellular subscriptions (per 100 people)","IT.CEL.SETS.P2","0","","","","","0","","","","","0","","","","","0","0","0","0","0","0.00259568226639615","0.00928144939292733","0.014405531380289","0.0222328080276823","0.0375932927205357","0.0870422476855283","0.150560339033618","0.261750694058914","0.441776172826235","0.740667417586662","1.1040846977142","1.56273693611048","2.16508300956728","3.09228404694628","4.88893202138262","7.72433649001175","12.033988868736","16.9024654201737","23.9127933988242","34.4982405896016","47.7501588606733","56.0479656958126","61.054116228629","66.8564141915149","74.0082673061117","82.2579375580194","90.7729189218259","98.5898421898302","102.401180455108","104.363507161515","105.077941509801","108.610353256758","111.020343445871","112.76243350235","114.286565073617","114.828386879561","115.999792347336","117.106881888307","118.571319766921","120.325840291568","120.082259897927","122.464288181858","124.353057874527","","","",
"French Polynesia","PYF","Mobile cellular subscriptions (per 100 people)","IT.CEL.SETS.P2","0","","","","","0","","","","","0","","","","","0","0","0","0","0","0","0","0","0","0","0","0","0","0","0","0","0","0","0","0","0.496876161","1.156091484","2.270369317","4.553651567","8.884576272","16.6016884624506","27.5710066080288","21.0876803551609","23.8836101209282","37.5507521885048","46.2415272035051","57.745713710428","65.6238974920995","69.7319835009446","77.2822573762158","79.7878631088772","82.0039966584108","83.3446851518214","88.5949011385807","92.3064398832072","96.5695695047253","100.334195387889","102.767711461082","108.168968782946","113.964606463728","119.981805744084","115.413592954766","116.866159256432","118.777524029055","","",
"Qatar","QAT","Mobile cellular subscriptions (per 100 people)","IT.CEL.SETS.P2","0","","","","","0","","","","","0","","","","","0","0","0","0","0","0","0","","","","","","","","","0.862851644","0.888745767","0.898167382","0.882437659","2.303458083","3.585287683","5.43620788","7.896242401","11.31778649","13.75586579","18.7376838984851","26.2461186709444","37.50015818224","50.5631934167873","63.4052386297218","86.8374185857176","94.5460208402076","104.601293237189","100.178564170272","122.869392515999","127.920073904667","127.128026726304","136.39488295684","162.859698293993","149.020182367971","154.098019594361","140.517748133011","147.358360281803","142.911085340776","140.01721278049","135.497890935034","137.709548409191","162.248539735277","157.82063065065","153.612474384296","",
"Romania","ROU","Mobile cellular subscriptions (per 100 people)","IT.CEL.SETS.P2","0","","","","","0","","","","","0","","","","","0","0","0","0","0","0","0","0","0","0","0","0","0","0","0","0","0","0","0.00352087","0.012260979","0.04024296","0.075832364","0.901768476","2.901461931","6.150458594","11.3352549289308","17.5416540126498","23.4753652236468","32.6020066270096","47.7282830894066","62.9514625386572","76.018272147601","97.7446101992859","118.105626297195","121.98128515497","119.221396188263","115.471784331445","113.302350795587","114.190750190364","114.782653636732","116.350349219635","115.790771839543","113.76679260075","115.492130982384","116.252345583749","116.478206049988","119.123068432356","121.14194294167","123.252482585042","119.804862328273","",
"Russian Federation","RUS","Mobile cellular subscriptions (per 100 people)","IT.CEL.SETS.P2","0","","","","","0","","","","","0","","","","","0","0","0","0","0","0","0","0","0","0","0","0","0","0","0","0","0.000202709","0.00404671","0.006739744","0.018701789","0.059723075","0.150655806","0.328222391","0.507028324","0.932935006","2.22413393473919","5.30429993483865","12.0657916465385","24.7850242412544","50.7798407105349","82.9887662809782","104.559970556605","119.004783019107","138.738465483788","159.902264510778","165.137115700538","141.451225637367","144.198197519265","150.964167004451","152.512941154001","156.4185651494","157.173982310184","155.485765168167","156.682905991229","163.646302441755","163.101112466044","169.07261384221","168.475831268436","180.841776534047","186.103787309059","",
"Rwanda","RWA","Mobile cellular subscriptions (per 100 people)","IT.CEL.SETS.P2","0","","","","","0","","","","","0","","","","","0","0","0","0","0","0","0","0","0","0","0","0","0","0","0","0","0","0","0","0","0","0","0","0.063174027","0.137335421","0.474803111932642","0.784352150464324","0.980824220433372","1.52232331319601","1.55691764536154","2.46261318094107","3.37877931178506","6.650695873992","13.4904193265199","24.1465972832976","34.395374562166","42.049425685328","52.5466576287262","60.2988640030865","68.1670448387062","75.2543165296423","74.8502057565523","72.2764598764471","77.679469147812","75.5985451901883","81.2378724761376","81.6381635400584","80.5952224850433","91.4622704078141","93.201462876722","",
"South Asia","SAS","Mobile cellular subscriptions (per 100 people)","IT.CEL.SETS.P2","0","","","","","0","","","","","0","","","","","0","0","0","0","0","0","0","0","0","0","0","0","0","0","0","0.000263731408769899","0.000882997997327185","0.00137488522230143","0.0025580305889457","0.0044093944702563","0.0134702643590395","0.0362514508452175","0.0874085232305301","0.121395926439991","0.185814386759095","0.327706654002566","0.593067077477571","1.14862608034088","2.63223408158974","4.16208109336284","7.58727388098178","14.6325867593635","21.8458687959642","31.2158073477115","43.0204317955014","57.6291791693912","67.2807573132345","66.3926203399348","68.7336008576658","72.4889791719549","74.4","81.8","84.8","85.5","83.9","86.3","86.2","85","85.3","83.4","81.7",
"Saudi Arabia","SAU","Mobile cellular subscriptions (per 100 people)","IT.CEL.SETS.P2","","","","","","","","","","","","","","","","","","","","","","","","","","","","","","","0.092791133","0.092054437","0.091590067","0.089149328","0.086887032","0.084748378","0.982654552","1.665471568","3.064200995","3.982111086","8.50478825139905","14.8382201294882","27.9604163049225","38.5283109116113","46.6497538318247","68.8923141125755","91.8023570744481","126.96531919953","154.586869382726","185.254752586687","204.969243706992","206.851813084871","195.843368612361","189.475618447684","181.856566741136","176.134029034522","156.041476006361","130.629718239662","136.046169550913","135.526154774497","139.444194606554","145.003757775499","149.79788255308","157.775388696083","159.541370566589","",
"Sudan","SDN","Mobile cellular subscriptions (per 100 people)","IT.CEL.SETS.P2","0","","","","","0","","","","","0","","","","","0","0","0","0","0","0","0","0","0","0","0","0","0","0","0","0","0","0","0","0","0","0.00921958","0.015539144","0.034359945","0.050713575","0.0826840092181885","0.364157651795768","0.652707180849854","1.76355493295348","3.43152291268178","5.84707964610828","14.6382324446389","25.0825849667632","35.6634431735922","44.3745692867503","51.0900410875249","69.3293475524591","74.908489729676","73.1963836514564","71.597721245773","69.8036331859409","67.3954575547604","67.0598253428254","68.0533719238149","72.4818502607404","75.2207425678785","71.767230205952","70.2084038614961","","","",
"Senegal","SEN","Mobile cellular subscriptions (per 100 people)","IT.CEL.SETS.P2","0","","","","","0","","","","","0","","","","","0","0","0","0","0","0","0","0","0","0","0","0","0","0","0","0","0","0","0","0.001164311","0.001413234","0.01596667","0.076694149","0.296786944","0.92713411","2.51047825799086","2.9551817683876","5.28795799512603","7.29792142205295","10.2163287202352","15.3986054168441","25.9356401782455","30.8470508593462","44.7269593995631","55.9396481702895","66.0343828887904","72.1733338879073","86.1774562103062","95.7910921489982","101.608432443463","102.508995376039","101.010767153806","101.831108002442","104.055698143919","109.341890091569","113.638091206029","115.325093678501","118.150293497239","123.911572643075","123.894453697506","",
"Singapore","SGP","Mobile cellular subscriptions (per 100 people)","IT.CEL.SETS.P2","0","","","","","0","","","","","0","","","","","0","0","0","0","0","0","0","0","0","","","","","0.375871722","0.892659215","1.711595724","2.624670739","3.717206111","5.368715266","6.85247021","8.634616063","11.80233977","22.56524803","28.31395042","41.11452948","68.0850852922189","72.6792845575227","79.8911570400194","86.4376082131435","95.6367801029868","102.723197927824","108.657521639152","128.882425054634","133.454246858734","138.567088142902","145.451637517643","150.404101393239","152.410387392459","156.679270675737","148.478352479892","149.006215002154","151.681717052742","149.567868255938","152.07381696158","159.347378272364","150.259334715266","157.977675166643","173.005291258141","173.199932977376","170.78256295407","",
"Solomon Islands","SLB","Mobile cellular subscriptions (per 100 people)","IT.CEL.SETS.P2","0","","","","","0","","","","","0","","","","","0","0","0","0","0","0","0","0","0","0","0","0","0","0","0","0","0","0","0","0.039505739","0.061302437","0.087290096","0.165722201","0.171997697","0.260716697","0.261312373856049","0.21530754244364","0.218279069462562","0.227392664226843","0.632096601216575","1.24203030553946","1.42393926695607","2.17932005214373","5.89634230232512","9.64988294691985","21.6710946998694","49.7105498738573","52.6750068862599","54.3083814470245","61.0619411646469","66.42196382631","62.8902788282841","67.8649558389434","67.9774813460988","65.6620160489572","63.6670615636308","62.1565164026326","62.0734995506142","","","",
"Sierra Leone","SLE","Mobile cellular subscriptions (per 100 people)","IT.CEL.SETS.P2","0","","","","","0","","","","","0","","","","","0","0","0","0","0","0","0","0","0","0","0","0","0","0","0","0","0","0","0","0","0","0","0","0","0","0.269915234409174","0.573122260115464","1.34769940671054","2.18657481612929","","","","13.4971732466546","17.113614518208","19.1556771977754","32.1403169099528","33.4572729332228","33.7348956202641","59.5765507292095","69.1758823858757","80.3818885694169","87.1475941136892","89.7781754066341","84.1233437327877","87.0384355077496","87.0034823125467","101.636782141976","107.882000873042","","","",
"El Salvador","SLV","Mobile cellular subscriptions (per 100 people)","IT.CEL.SETS.P2","0","","","","","0","","","","","0","","","","","0","0","0","0","0","0","0","0","0","0","0","0","0","0","0","0","0","0","0.028982486","0.085507948","0.234421373","0.401404831","0.68741209","2.32985669","8.632305466","12.5118998224239","14.3728782887572","14.8467142872176","19.1676423111463","30.519224117358","40.1585492686965","64.1687154581421","102.122474801259","115.282146492369","125.097486408944","126.895517965726","136.551339569766","141.462796298644","146.475563213174","149.171006440904","150.947947466847","155.419607147465","152.538724748062","151.668612868534","167.088631599992","159.575329772708","176.973446325336","183.248955984561","179.705636976149","176.517423814642","",
"San Marino","SMR","Mobile cellular subscriptions (per 100 people)","IT.CEL.SETS.P2","","","","","","","","","","","","","","","","","","","","","","","","","","","","","","","0","","3.780241935","5.375899429","7.744039128","9.40287712","9.031107589","9.18112205","19.15605647","36.28238146","54.1176909586179","58.409166267546","60.9617693063184","60.6974823115325","60.5786618444846","60.0237995240095","60.0856886186165","59.694364851958","82.1588498703747","99.531405782652","99.8791797283177","110.245888899251","107.568649714644","109.399167162403","111.489992587102","108.032211439191","107.051901290946","110.535807784048","111.500477859191","111.822930193634","112.168886076677","115.700566932778","120.269873863303","","","",
"Somalia, Fed. Rep.","SOM","Mobile cellular subscriptions (per 100 people)","IT.CEL.SETS.P2","0","","","","","0","","","","","0","","","","","0","0","0","0","0","0","0","0","0","0","0","0","0","0","0","0","0","0","0","0","0","0","0","0","0","0.905109148809335","0.924064409246167","1.04711351118836","2.01833516211319","4.86334108809281","4.6973815292194","5.01116030956944","5.29914466505961","5.37593658761268","5.35899363283001","5.28635539640489","14.5762796961332","18.457350680033","40.2732207402969","41.2309585125849","42.2685278435236","46.366719307758","47.725260177752","49.5262671956948","51.3194116563494","53.1133178401473","51.2059481348129","49.6800986995936","53.9579646939598","","",
"Serbia","SRB","Mobile cellular subscriptions (per 100 people)","IT.CEL.SETS.P2","","","","","","","","","","","","","","","","","","","","","","","","","","","","","","","","","","","","","","","","","","","","","51.1718128306345","73.7200175354083","89.3758549177073","114.29611072521","130.694616797607","135.323308847551","136.015037810579","141.043436487447","127.199184289925","128.668140961621","131.35311754636","129.383588087229","129.17749484679","123.142754551775","121.074823902706","122.047741314232","120.216859464106","125.075587327252","129.813149647571","128.471147595832","123.822194984291","",
"Sub-Saharan Africa (excluding high income)","SSA","Mobile cellular subscriptions (per 100 people)","IT.CEL.SETS.P2","0","","","","","0","","","","","0","","","","","0","0","0","0","0","0","0","0","0","0","0","0","0","0","0.00079957086548209","0.00153954096169824","0.00182574290368838","0.00347027650684399","0.0114888245733919","0.0706500614449473","0.103025318707562","0.18045572767945","0.340419157313688","0.612413375452957","0.995480350695364","1.71707091930944","2.49152805011609","3.57418673957924","4.95157000317799","7.38214746159849","11.9840725477325","17.6710664603926","23.048731490492","31.6887777349967","37.4023670808913","44.0852495533227","52.1548276219036","58.5738313056111","64.7032947876451","69.3699946933716","74.5414315139413","72.6041910215201","71.9143725084297","81.1598032629882","78.6090423405444","85.7","86.4","91","93.4","91.9","92.7",
"South Sudan","SSD","Mobile cellular subscriptions (per 100 people)","IT.CEL.SETS.P2","","","","","","","","","","","","","","","","","","","","","","","","","","","","","","","","","","","","","","","","","","","","","","","","","","","15.3910038351303","17.4959266080871","21.3829367883201","25.5521917559795","25.599272919722","26.0993389998038","24.930513119821","27.1848244017002","18.9297575209348","21.3171365460584","","30.151042999214","48.4888320004297","46.6152369503945","","",
"Sub-Saharan Africa","SSF","Mobile cellular subscriptions (per 100 people)","IT.CEL.SETS.P2","0","","","","","0","","","","","0","","","","","0","0","0","0","0","0","0","0","0","0","0","0","0","0","0.000799457889997293","0.00153932726251514","0.00182549379155902","0.0034697755422743","0.0114871946982522","0.0706401704704249","0.103020696609934","0.18060689182626","0.340743407538495","0.613159873272705","0.997876917760792","1.72076740866635","2.49660398851137","3.58014716477979","4.9578340282572","7.38870510824264","11.9905095836555","17.6782496829208","23.0558320274898","31.6966758556946","37.4114164834","44.0939840180983","52.1634151225671","58.5825096571309","64.7110646670392","69.3784866915021","73.3","71.5","70.8","74.4","77.4","80.8","83","87.6","90","89.2","90.4",
"Small states","SST","Mobile cellular subscriptions (per 100 people)","IT.CEL.SETS.P2","0","","","","","0","","","","","0","","","","","0","0","0","0","0","0","0","0","0","0","0","0.0292011836962416","0.0591411334372306","0.0827355968191375","0.117690776483134","0.190538176225088","0.30692899669095","0.438187485424229","0.632759198899933","0.956157521106821","1.68810885535383","2.59791986144046","3.872500233543","5.74107669459841","9.02462999336559","14.2798076168429","20.2392854235018","25.9103864188081","30.9744016092641","39.5696746262134","46.5733758085214","55.0857191455198","66.5656625666859","76.9035454399225","82.4715996949295","86.8401357337238","92.3152995526394","97.4350187782237","100.503608519213","107.332880489191","109.5","115.4","113.3","111.8","111","111.5","114","117.2","131","143.1","161.6",
"Sao Tome and Principe","STP","Mobile cellular subscriptions (per 100 people)","IT.CEL.SETS.P2","0","","","","","0","","","","","0","","","","","0","0","0","0","0","0","0","0","0","0","0","0","0","0","0","0","0","0","0","0","0","0","0","0","0","0","0","1.3206867571137","3.13300479800278","4.91106813354047","7.39487376190152","11.1230514736957","17.736593989393","29.0869022342672","45.4470827031312","56.5065290810882","61.9653216553819","64.4914721889368","64.8875473729989","65.3056660923834","92.3511291071491","87.4112004084658","84.0522781079383","77.3644421396185","77.6791069955762","80.1172764274381","85.2577705092336","86.7784626941517","63.4540500972405","62.4367400312479","",
"Suriname","SUR","Mobile cellular subscriptions (per 100 people)","IT.CEL.SETS.P2","0","","","","","0","","","","","0","","","","","0","0","0","0","0","0","0","0","0","0","0","0","0","0","0","0","0","0","0.255223439","0.323996361","0.388271307","0.544347662","0.498580217","1.300923229","3.719779449","8.6118961151218","17.8806313712595","21.8231359920733","33.2775160244385","41.410678253357","44.8255676249198","60.952729253691","71.560932250629","122.310305354168","140.536602596179","94.7707224465971","95.9107913617333","101.14390730725","152.648413061052","161.251918320811","129.027366336157","137.281393501056","134.049784997128","125.480181413914","134.34912375695","146.874739718153","146.654129497521","149.052255906952","157.24614636039","142.122626416427","",
"Slovak Republic","SVK","Mobile cellular subscriptions (per 100 people)","IT.CEL.SETS.P2","0","","","","","0","","","","","0","","","","","0","0","0","0","0","0","0","0","0","0","0","0","0","0","0","0","0.002253691","0.028989651","0.058720083","0.111373113","0.230187088","0.534834907","3.729898959","8.664253744","12.35570143","23.1177738137126","39.9173928424108","54.3613352057613","68.4270811555234","79.5225777793981","84.445444645828","91.0056192794065","112.852224819086","102.619815137048","102.091819368094","109.888273989767","110.836202084841","112.758768895687","114.749126777911","117.780685215586","123.158867497202","128.792489910653","130.944551759663","133.040480361667","135.755672834643","133.632904273198","135.268252737261","136.029289645522","138.232946210214","139.967676092657","",
"Slovenia","SVN","Mobile cellular subscriptions (per 100 people)","IT.CEL.SETS.P2","0","","","","","0","","","","","0","","","","","0","0","0","0","0","0","0","0","0","0","0","0","0","0","0","0","0.026284088","0.175761045","0.326356829","0.820106365","1.371147493","2.069909231","4.70447697","8.127933756","31.78892401","61.183370780183","73.8855363101284","83.71447278833","87.285055382963","92.7311397535546","88.0975344957269","90.8371665317101","95.7428364606947","101.472234498799","103.184650482804","103.782526953769","105.844580545528","109.148058194505","111.044907196462","113.019086174171","114.271192414174","115.736307790972","118.461993493049","119.153401263409","120.568876746571","121.331428226248","123.362924143622","126.45918075971","129.227963043737","130.86090177123","",
"Sweden","SWE","Mobile cellular subscriptions (per 100 people)","IT.CEL.SETS.P2","0","","","","","0","","","","","0","","","","","0","0","0","0","0","0","0.244539035","0.326542435","0.434393001","0.691816912","0.870092455","1.338597214","2.050250332","2.869580405","4.103477233","5.395157881","6.611458698","7.592353574","8.919313209","15.83087445","22.92631064","28.36493884","35.97919088","46.54174661","57.92826117","71.8240245461588","80.6877500977403","89.0639567500317","98.2426498568778","97.6783137909993","100.822047425123","105.79670579871","110.587549083029","108.612891679953","112.273275734132","117.211932910169","121.218520944341","124.465204900222","125.141584605994","126.980024510044","128.974452830716","126.401633330915","124.472904877796","124.086284526267","125.456729050381","123.548656971054","124.96149481991","140.781664517726","140.265691285045","140.686673016562","",
"Eswatini","SWZ","Mobile cellular subscriptions (per 100 people)","IT.CEL.SETS.P2","0","","","","","0","","","","","0","","","","","0","0","0","0","0","0","0","0","0","0","0","0","0","0","0","0","0","0","0","0","0","0","0","0.46758818","1.374745917","3.16876861651562","5.23279267485139","6.41847917911427","7.96850098434424","13.511511341749","18.5353032653644","23.0534582031581","34.8398512888453","48.4152042043874","60.1212682768811","65.2905141006612","68.5737493883254","71.6279475345304","79.0272480287436","80.6829892484285","82.3406804087808","86.5588465316001","88.7130405501664","89.2003705956478","91.0519258836113","104.747264466614","118.627490794327","121.491701239707","128.399211381334","139.833459658744","",
"Sint Maarten (Dutch part)","SXM","Mobile cellular subscriptions (per 100 people)","IT.CEL.SETS.P2","","","","","","","","","","","","","","","","","","","","","","","","","","","","","","","","","","","","","","","","","","","","","","","","","","","","","196.556548553808","","","","","","","","","","205.372695128029","","","",
"Seychelles","SYC","Mobile cellular subscriptions (per 100 people)","IT.CEL.SETS.P2","0","","","","","0","","","","","0","","","","","0","0","0","0","0","0","0","0","0","0","0","0","0","0","0","0","0","0","0","0","0.066903057","1.380542687","2.936065124","6.68263288","20.69691627","31.1589332437168","43.3574450984564","52.0994211304844","56.5629524094032","61.6736240301284","65.8772657002666","77.8329810894847","84.4863777495955","101.003814278151","118.199683855257","123.813585199693","130.476995382586","137.106577057151","133.985679723389","144.60603512527","138.248624452112","138.276832299833","148.791660366282","155.551112656467","164.617084572886","152.5450781854","149.479213250181","163.429518331448","129.24400747161","125.616862703001","",
"Syrian Arab Republic","SYR","Mobile cellular subscriptions (per 100 people)","IT.CEL.SETS.P2","0","","","","","0","","","","","0","","","","","0","0","0","0","0","0","0","0","0","0","0","0","0","0","0","0","0","0","0","0","0","0","0","0","0.025155331","0.180311347209453","1.1729284822106","2.2898580127742","6.62407285339792","12.7938920890283","15.6797370651604","23.807072172145","29.8536903030412","32.6121929526333","45.6016523479648","52.0228671102636","56.4601130740851","57.0304708357464","56.7277291919289","69.2511845049776","73.6810937543276","69.5528574436978","80.032591460097","87.4952069545959","87.1297289207859","79.1482419784404","78.5558300193552","78.6567844526885","72.4405852977604","71.2231424453527","",
"Turks and Caicos Islands","TCA","Mobile cellular subscriptions (per 100 people)","IT.CEL.SETS.P2","0","","","","","0","","","","","0","","","","","0","0","0","0","0","0","0","0","0","0","0","0","0","0","0","0","0","0","0","0","0","0","","","","","","43.9481477885129","89.1103235605468","109.752362618131","","","","","","","","","","","","","","","","","","","","","",
"Chad","TCD","Mobile cellular subscriptions (per 100 people)","IT.CEL.SETS.P2","0","","","","","0","","","","","0","","","","","0","0","0","0","0","0","0","0","0","0","0","0","0","0","0","0","0","0","0","0","0","0","0","0","0","0.0646139556980874","0.249882895788383","0.375156644353256","0.685087943685349","1.2399148551477","2.03328940137249","4.35334898001424","8.28716997272972","13.9417805187318","19.1808238172742","23.3525805934177","28.7390189115685","33.3228572133612","33.3154384690936","37.0123277165075","37.3152541289811","36.9555838356879","40.7648866631048","43.2279057924006","45.9378876746208","50.434327397335","58.0323175441615","65.4377795535985","70.1873962423852","72.9289782617702","",
"East Asia & Pacific (IDA & IBRD countries)","TEA","Mobile cellular subscriptions (per 100 people)","IT.CEL.SETS.P2","0","","","","","0","","","","","0","","","","","0","0","0","0","0","0","0","0","0","0.000121823405632709","0.000140295990983021","0.00108694941045106","0.00200051563353079","0.00370061535377161","0.00650169619431804","0.0116487596387499","0.0221831860126453","0.0437933349075813","0.0934383826003796","0.18697920236832","0.391578578721572","0.686963183724535","1.14257418983634","1.76992058808844","3.04946249664452","5.83717736234857","9.95567168404756","14.3618897757779","18.8626449730796","24.026659013196","28.6845714190938","34.4267316663862","43.3479184862917","53.3166122088424","61.697463326788","71.0725019935395","81.1327438033427","89.9824899417363","96.9950982616019","102.093043213241","102.2","108.6","115.1","119.9","127.8","125","126.2","126.8","128.1","129.5","131",
"Europe & Central Asia (IDA & IBRD countries)","TEC","Mobile cellular subscriptions (per 100 people)","IT.CEL.SETS.P2","0","","","","","0","","","","","0","","","","","0","0","0","0","0","0","0","0","0","0","0","9.00158069159909E-05","0.00124561484623931","0.00238177759773306","0.00374316355558741","0.00763146208077961","0.0118683990106256","0.0178927912007257","0.0291461500447447","0.0659219694584531","0.163677847677076","0.335901009112562","0.817310779347505","1.75869179559755","3.84117709516312","7.60929247166759","11.6598194145568","17.2685197418913","25.5049023033631","41.2384702354248","62.1449170147877","81.4649389328274","95.7997878406211","108.538527350352","117.730406754684","122.284842739145","120.028710531338","122.918504822013","127.108381947864","128.02998454354","127.9","126.8","124.1","124.5","129","126.7","130.9","131.1","136.8","139.6","142.4",
"Togo","TGO","Mobile cellular subscriptions (per 100 people)","IT.CEL.SETS.P2","0","","","","","0","","","","","0","","","","","0","0","0","0","0","0","0","0","0","0","0","0","0","0","0","0","0","0","0","0","0","0","0.065214314","0.158619478","0.349223553","0.97275564358778","1.80013499117555","3.05061225424761","4.38771023998378","5.83805025815816","7.41937343863111","11.7790568369439","19.2348550759298","24.3301576494957","33.384906435038","38.6520343582485","38.9697843149559","46.6464180614517","58.5138554393817","60.4368580586019","63.3574638254671","70.0588130571426","75.3357270694068","74.3997114343066","73.7224727486533","75.164019137873","70.4496733018494","72.2147547047011","75.7906769713952","80.8035554767112","",
"Thailand","THA","Mobile cellular subscriptions (per 100 people)","IT.CEL.SETS.P2","0","","","","","0","","","","","0","","","","","0","0","0","0","0","0","0","0","0","0","0","0.001592873","0.011208254","0.032882761","0.073514463","0.114475503","0.220234042","0.440091874","0.715792739","1.257947235","2.183979176","3.063599772","3.613604252","3.201797801","3.746479249","4.85019199602462","11.8615312803269","27.1524154979994","33.3243736226487","41.1989375977806","46.1396976737352","60.2776989983143","78.9450134968359","91.4482689471417","96.8163056134753","104.588624052335","112.233203232914","122.431994954555","134.367308785551","138.28115031927","145.932577028654","168.88127084564","170.783699598766","175.266001933225","181.221874232713","162.327737376294","168.485285358167","176.22279253783","168.642808295144","160.639312286761","",
"Tajikistan","TJK","Mobile cellular subscriptions (per 100 people)","IT.CEL.SETS.P2","0","","","","","0","","","","","0","","","","","0","0","0","0","0","0","0","0","0","0","0","0","0","0","0","0","0","0","0","0","0","0.001689973","0.005231264","0.006821721","0.01009764","0.0184574210368456","0.0254394270853736","0.202092298308442","0.715122980517603","1.98805781036491","3.82686953407502","30.4637604522579","29.6445453922502","50.0588479537033","65.4185519002754","77.6363373335646","80.8201119902975","81.4565956633347","91.7287717099905","94.9385868130658","98.2086665185843","106.027422075203","109.003509375909","107.442164151643","115.372919483658","62.2826230779409","64.0874682499327","63.8442080716763","76.215892145748","","",
"Turkmenistan","TKM","Mobile cellular subscriptions (per 100 people)","IT.CEL.SETS.P2","0","","","","","0","","","","","0","","","","","0","0","0","0","0","0","0","0","0","0","0","0","0","0","0","0","0","0","0","0","0","0","0.057291199","0.067696893","0.088867561","0.163659799719684","0.174808236028121","0.171360938805505","0.18888270953244","1.01046914610113","2.07827907408511","4.21339762837556","7.27815888724088","21.2374900117474","39.1241677660397","57.4662009404143","93.2537591382086","101.574473198628","103.130970254107","118.613404511362","126.162969350539","134.826174862709","","87.7729687399519","88.2099411752948","88.7029504834018","88.1929367884543","","","","",
"Latin America & the Caribbean (IDA & IBRD countries)","TLA","Mobile cellular subscriptions (per 100 people)","IT.CEL.SETS.P2","0","","","","","0","","","","","0","","","","","0","0","0","0","0","0","0","0","0","0","0","0","0","0.000816935516259305","0.0047054771491769","0.0241802772724568","0.0602162142240876","0.131845668652166","0.229938021881822","0.452628482911911","0.777590379467091","1.32804382040787","2.55908256038033","4.20362340093857","7.87530935175632","12.3284277142754","16.1608368823173","19.1554128422761","23.5711692150151","32.2907843881023","44.0167732097791","55.4574652974779","68.4306798386611","81.538039521488","89.9574030186632","99.1116952270899","107.926713897609","112.534194535657","118.251030266306","117.662118244664","113.9","112.1","108.5","106.8","104.1","103.6","109.5","110.6","113.2","115.3","117.5",
"Timor-Leste","TLS","Mobile cellular subscriptions (per 100 people)","IT.CEL.SETS.P2","","","","","","","","","","","","","","","","","","","","","","","","","","","","","","","0","","","","","","","","","","","","","2.18764110383279","2.76856310692152","3.48746350089791","5.02766238274334","7.7834467289422","12.1075638131048","33.1410054194348","43.6092152609205","55.3186027470553","54.7192006238518","56.0975925502397","116.401176746315","114.23397124462","121.477605038459","124.360491266698","115.089356319443","109.555438546595","103.911005065408","102.668836319816","108.158358863503","112.647241971673","116.382391453038","",
"Middle East, North Africa, Afghanistan & Pakistan (IDA & IBRD)","TMN","Mobile cellular subscriptions (per 100 people)","IT.CEL.SETS.P2","0","","","","","0","","","","","0","","","","","0","0","0","0","0","0","0","0","0","0","0","0","0.001393790395604","0.00164217378753284","0.00224463339506351","0.00341956731178719","0.00577518181449238","0.00747953532916086","0.0111568281875528","0.0176531742461408","0.0787631533872729","0.138256232121304","0.318694154195762","0.472675847413921","0.825005702984421","2.17052949504321","4.24608019871189","5.818413666187","8.14040642404474","12.5871415152739","21.6460302476208","33.1103866091259","46.9567718993274","57.5618085377433","69.7757784126744","78.7211620411818","85.3937365970812","91.0179340883458","96.3030911371994","96.666101641677","94.9","94.8","96.3","95","101.8","90.7","93.8","96.5","97","99","101.1",
"Tonga","TON","Mobile cellular subscriptions (per 100 people)","IT.CEL.SETS.P2","0","","","","","0","","","","","0","","","","","0","0","0","0","0","0","0","0","0","0","0","0","0","0","0","0","0","0","0","0","0.300072017","0.301412246","0.119215562","0.128277237","0.137279128","0.175307030785862","0.228487336379831","3.22891195101758","10.7213968448461","15.6084933045274","28.2688722544501","28.2824955530667","43.5929389277215","47.1612782657447","49.4389149557382","50.5586592178771","51.1294970716743","52.1124139214591","53.6991725657932","63.7844834863848","69.2709364249022","75.8121375232175","102.450738448688","102.245967016208","58.772203768371","58.6543555589192","60.9801876955162","61.7257858761257","","","",
"South Asia (IDA & IBRD)","TSA","Mobile cellular subscriptions (per 100 people)","IT.CEL.SETS.P2","0","","","","","0","","","","","0","","","","","0","0","0","0","0","0","0","0","0","0","0","0","0","0","0","0.000263731408769899","0.000882997997327185","0.00137488522230143","0.0025580305889457","0.0044093944702563","0.0134702643590395","0.0362514508452175","0.0874085232305301","0.121395926439991","0.185814386759095","0.327706654002566","0.593067077477571","1.14862608034088","2.63223408158974","4.16208109336284","7.58727388098178","14.6325867593635","21.8458687959642","31.2158073477115","43.0204317955014","57.6291791693912","67.2807573132345","66.3926203399348","68.7336008576658","72.4889791719549","74.4","81.8","84.8","85.5","83.9","86.3","86.2","85","85.3","83.4","81.7",
"Sub-Saharan Africa (IDA & IBRD countries)","TSS","Mobile cellular subscriptions (per 100 people)","IT.CEL.SETS.P2","0","","","","","0","","","","","0","","","","","0","0","0","0","0","0","0","0","0","0","0","0","0","0","0.000799457889997293","0.00153932726251514","0.00182549379155902","0.0034697755422743","0.0114871946982522","0.0706401704704249","0.103020696609934","0.18060689182626","0.340743407538495","0.613159873272705","0.997876917760792","1.72076740866635","2.49660398851137","3.58014716477979","4.9578340282572","7.38870510824265","11.9905095836555","17.6782496829208","23.0558320274898","31.6966758556946","37.4114164834","44.0939840180983","52.1634151225671","58.5825096571309","64.7110646670392","69.3784866915021","73.3","71.5","70.8","74.4","77.4","80.8","83","87.6","90","89.2","90.4",
"Trinidad and Tobago","TTO","Mobile cellular subscriptions (per 100 people)","IT.CEL.SETS.P2","0","","","","","0","","","","","0","","","","","0","0","0","0","0","0","0","0","0","0","0","0","0","0","0","0","0.03337972","0.099338624","0.129755312","0.199709081","0.48576947","0.725883448","1.300286533","1.989078855","2.913126892","12.2642209954129","19.3204870066922","19.7274647131292","25.1251018705335","48.4018641573385","68.3488728833742","111.783486838135","110.577518150665","131.633340232814","133.884700838835","136.605093988839","130.911989608476","134.183710177097","137.604422317441","139.365477214979","148.572056300501","150.717314787624","140.503134035998","134.142866663312","145.715788467056","134.231180588566","134.221562299819","133.631989924602","134.230557337258","118.786668099235","",
"Tunisia","TUN","Mobile cellular subscriptions (per 100 people)","IT.CEL.SETS.P2","0","","","","","0","","","","","0","","","","","0","0","0","0","0","0","0","0","0","0","","","0.002844697","0.004969767","0.007703119","0.011291437","0.014368794","0.022425345","0.025275217","0.029628764","0.034269045","0.06892493","0.080100875","0.402990633","0.564544562","1.22033582404798","3.94347251688176","5.75974663829919","19.0389204053524","36.746361434496","55.3921457734954","70.9332705740445","75.1086269269129","81.5940606878641","91.9849726040992","103.234503500842","113.794012236779","116.660316175441","114.100647129197","126.692106854109","128.008569175385","123.883093580407","123.034053994945","125.532926143303","124.386924181822","124.041976750236","129.846077003661","131.875365428496","132.653682480562","117.606816067203","",
"Turkiye","TUR","Mobile cellular subscriptions (per 100 people)","IT.CEL.SETS.P2","0","","","","","0","","","","","0","","","","","0","0","0","0","0","0","0","0","0","0","0","0.000726746","0.009953141","0.018834687","0.029276675","0.058554077","0.086455146","0.109045788","0.146933448","0.29973978","0.737081845","1.337350088","2.627083259","5.633037995","12.85342716","24.659026406964","29.5461682857644","34.7852903247553","41.1128169663371","50.5995404724097","62.9009716591727","75.1837213345885","87.5975882376437","91.981497306586","86.6344934581247","84.215890954924","88.0166628392838","90.0040810031246","91.1758435342703","92.1219361989572","92.0327105332494","91.9286950751339","93.6407569517097","94.9085818111026","94.6498130829997","95.3960853737199","99.5415432248525","103.720593629066","105.684032912794","107.826875714392","",
"Tuvalu","TUV","Mobile cellular subscriptions (per 100 people)","IT.CEL.SETS.P2","0","","","","","0","","","","","0","","","","","0","0","0","0","0","0","0","0","0","0","0","0","0","0","0","0","0","0","0","0","0","0","0","0","0","0","0","0","0","5.09372453137734","13.0784708249497","15.9108989657916","17.6782557454331","","9.5593155530064","15.0744299981157","19.7588126159555","25.6081946222791","30.9062812471593","34.5957756737072","60.2024993158807","69.5333943275389","73.6038273990248","79.0624127988094","85.0581230507513","86.5467833445524","88.2872277810477","98.8590872698158","","","",
"Tanzania","TZA","Mobile cellular subscriptions (per 100 people)","IT.CEL.SETS.P2","0","","","","","0","","","","","0","","","","","0","0","0","0","0","0","0","0","0","0","0","0","0","0","0","0","0","0","0","0.001253449","0.011452853","0.02902308","0.063550298","0.116285848","0.152090587","0.322584797452223","0.782878740816424","1.68005839434811","3.49963756642537","5.09581977990467","7.56468340268647","13.9198750253816","19.9152842614808","30.5533722608643","40.036423904653","46.8823991552172","55.7610427273527","57.4558483868666","56.2075025692215","63.2804353521698","76.2492627491202","74.3983656514054","71.7911684370749","75.7301934140355","80.5835569684446","84.0050558283384","86.0162814148027","93.0159746238635","105.40028112088","126.559163217786","",
"Uganda","UGA","Mobile cellular subscriptions (per 100 people)","IT.CEL.SETS.P2","0","","","","","0","","","","","0","","","","","0","0","0","0","0","0","0","0","0","0","0","0","0","0","0","0","0","0","0","0","0.008447436","0.018823909","0.022855121","0.133110548","0.24209546","0.528800861661281","1.14573552163214","1.54040654262525","2.94537548472374","4.29039148738249","4.70366701141629","6.97651521394924","14.147698933985","28.0124073852685","29.8359001233373","39.6046507276973","50.0591238800663","47.6342672974029","51.1323160552035","55.9572451997482","53.8755501186925","58.8633638178484","62.0968142578109","58.8753608703264","59.0598078769828","62.2824129624858","65.6220730009172","70.1401117953081","76.2966796632588","83.165031466902","",
"Ukraine","UKR","Mobile cellular subscriptions (per 100 people)","IT.CEL.SETS.P2","0","","","","","0","","","","","0","","","","","0","0","0","0","0","0","0","0","0","0","0","0","0","0","0","0","0","0","0.000126662","0.00977526","0.027501844","0.059309101","0.113968483","0.232167426","0.439366038","1.67592702664619","4.59600703553104","7.69639725156479","13.657727308332","29.0897362980988","64.0053648197035","105.276792245749","119.08760668951","120.558086000585","119.456421121144","117.767819669863","121.941606633464","130.859020572585","138.441124320457","144.278847394403","142.003037907188","133.168953931474","131.356511508927","127.753861022152","130.629436256062","129.341230786476","135.025688989835","120.261144906234","133.38012811971","","",
"Upper middle income","UMC","Mobile cellular subscriptions (per 100 people)","IT.CEL.SETS.P2","0","","","","","0","","","","","0","","","","","0","0","0","0","0","0","0","0","0","9.28106934413856E-05","0.000106555058771422","0.000845935525645866","0.00178443188406512","0.00338649686771778","0.00644022647511722","0.0146737561556148","0.0278989110821976","0.0545445239927949","0.106659835004368","0.231038507564127","0.45291774813052","0.793373294492105","1.43625413345579","2.3304502678649","4.1930691621645","","","","","","","","","","","","","","","","105.5","109.5","114.3","116","121","119.7","122.9","124.1","127.5","129.9","132.4",
"Uruguay","URY","Mobile cellular subscriptions (per 100 people)","IT.CEL.SETS.P2","0","","","","","0","","","","","0","","","","","0","0","0","0","0","0","0","0","0","0","0","0","0","0","0","0","0","0.054284892","0.156664401","0.213953532","1.243773961","2.436006067","3.058024344","4.638544413","9.732680729","12.5768858424729","15.8812198576102","15.6617514525597","15.163114800563","18.2680768579424","35.1492237286165","70.8316385499829","91.1740061842348","106.227376666968","124.212899282829","133.706525080004","143.001961329496","149.770867131119","157.471339957678","163.782686705197","153.368406394623","151.414841550708","150.440084782428","131.363332934653","133.236724531865","133.90170192835","138.112989243956","139.828801269747","141.71948663565","145.501755749445","",
"United States","USA","Mobile cellular subscriptions (per 100 people)","IT.CEL.SETS.P2","0","","","","","0","","","","","0","","","","","0","0","0","0","0","0","","","","0.039352779","0.14468149","0.28706876","0.513170208","0.854125086","1.432490449","2.129545117","3.004111275","4.323596882","6.186519908","9.202002036","12.71760532","16.37381226","20.30588082","25.09083926","30.82116044","38.8931449211963","45.2019710071462","49.3931508029532","55.4096280855899","63.1242068595345","68.8835039746019","76.8586480652849","82.5922706237223","85.680465188068","89.0461412720864","91.6593077558393","94.682964660635","96.1284261999864","97.0595305732914","99.839569071329","101.831958781319","102.751864866695","102.380562632686","103.935307364","105.32074052965","103.855170008567","106.324514306135","108.785640656159","112.410910606372","113.190481805755","",
"Uzbekistan","UZB","Mobile cellular subscriptions (per 100 people)","IT.CEL.SETS.P2","0","","","","","0","","","","","0","","","","","0","0","0","0","0","0","0","0","0","0","0","0","0","0","0","0","0","0","0.002263886","0.003997388","0.016203277","0.040526847","0.072168997","0.110591783","0.164164855","0.214337694185037","0.510205484728889","0.735827351045158","1.24776075726202","2.09033264372718","2.73172471423598","9.47736216612708","21.020299595125","45.0095498148121","58.7627376005608","73.8123181598383","88.2684522563008","69.2849333824939","72.3319640163618","71.5984657244746","70.8415066778981","74.3669818295078","76.2604866788199","71.744368617656","101.259829415713","99.4063901870675","102.410090312681","105.471643327627","106.884847592051","110.492018573638","",
"St. Vincent and the Grenadines","VCT","Mobile cellular subscriptions (per 100 people)","IT.CEL.SETS.P2","0","","","","","0","","","","","0","","","","","0","0","0","0","0","0","0","0","0","0","0","0","0","0","0","0","","0.06182544","0.073049876","0.131643614","0.188309072","0.244990813","0.302775736","0.656949651","1.245679597","2.07935179884627","6.60082290023876","8.80658508826877","55.6040692587126","63.8099880356272","62.8012449977768","78.2348634992055","99.067523827456","117.175847533955","109.597495203967","119.85467310543","120.539739732416","116.789287816363","115.945808480141","106.957734691031","105.99382946896","105.923892091134","109.635350122559","107.164096601414","92.5177839430914","96.9437629194598","95.5173520288601","102.334241420536","101.631416361537","108.354536057883","",
"Venezuela, RB","VEN","Mobile cellular subscriptions (per 100 people)","IT.CEL.SETS.P2","0","","","","","0","","","","","0","","","","","0","0","0","0","0","0","0","0","0","0","0","0","0","0.009574076","0.019117739","0.037578645","0.082071711","0.379508456","0.862455779","1.474065254","1.826547139","2.577074097","4.652836296","8.550767856","15.79146876","22.2091444151412","25.9111457593823","25.7193686771621","27.0930423911324","31.9692942191133","46.6505354851398","69.0162817672167","86.1507478490553","97.7210881589364","98.8932952316626","96.7619972595105","98.6184338835709","103.435247267139","103.28923003251","100.905474597326","95.1577930404332","89.713138519105","80.1355411817503","69.5499623049054","63.8474442929871","58.1625657953324","60.2344883065715","66.4667731210739","70.2197325918151","71.0075917225029","",
"British Virgin Islands","VGB","Mobile cellular subscriptions (per 100 people)","IT.CEL.SETS.P2","0","","","","","0","","","","","0","","","","","0","0","0","0","0","0","0","0","0","0","0","","","","","0","","","","","","6.622516556","","","","","","37.3308446103593","","","","","81.6052984309706","87.492391965916","172.793739437137","171.721770551039","162.302333681644","160.497610809029","168.457243793963","166.142831138887","165.792219838831","117.152724481965","134.692192421787","115.28406959633","108.624811100426","94.6896458866299","99.5556613504721","92.8912549909966","90.8246761574965","93.1316662866408","",
"Virgin Islands (U.S.)","VIR","Mobile cellular subscriptions (per 100 people)","IT.CEL.SETS.P2","0","","","","","0","","","","","0","","","","","0","0","0","0","0","0","0","0","0","0","0","0","0","0","0","0","","","","","","","15.12501772","23.39334506","27.82234505","32.2345941664594","37.7793135222299","41.6443763950635","45.5764075067024","59.5354013075532","74.6240915934056","","","","","","","","","","","","","","89.5124925872467","91.2127880328822","91.7189273471447","91.4619626157421","","","",
"Viet Nam","VNM","Mobile cellular subscriptions (per 100 people)","IT.CEL.SETS.P2","0","","","","","0","","","","","0","","","","","0","0","0","0","0","0","0","0","0","0","0","0","0","0","0","0","0","0.001146317","0.005704137","0.017241121","0.031860471","0.091945652","0.210964958","0.288739207","0.420705811","1.02205833472481","1.60472650276049","2.41504924375374","3.44629189737938","6.17384058852335","11.8305581224757","22.9925319860626","53.8350245939495","87.903278335388","113.606245143275","127.574189111237","143.91372373164","147.104457946743","136.614018439735","148.504309214861","129.627056599416","128.297962650408","126.097912313395","146.137840768403","140.192561828615","141.655558720912","136.806313165021","137.852422819653","130.991428667547","127.606471743496","",
"Vanuatu","VUT","Mobile cellular subscriptions (per 100 people)","IT.CEL.SETS.P2","0","","","","","0","","","","","0","","","","","0","0","0","0","0","0","0","0","0","0","0","0","0","0","0","0","0","0","0","0.038424592","0.070921154","0.088144053","0.115725858","0.120160797","0.160058048","0.195940541440082","0.183216336615523","2.50174867126512","3.88550705867116","5.10619266835512","6.02201556272537","6.94692089309615","11.7500316347006","15.8662999788449","56.5812031916676","71.3269366374534","56.2507701027625","58.6958530715236","50.0011788653029","59.9642637565324","65.6961078688167","80.3430520385024","81.8708326900222","88.1402514907505","90.8330907409627","82.3909682859418","81.6914485987419","81.6202730589115","89.2943082123161","","",
"World","WLD","Mobile cellular subscriptions (per 100 people)","IT.CEL.SETS.P2","0","","","","","0","","","","","0","","","","","0","0","0","0","0","0.000532358559438635","0.00149080916855492","0.00233559509404133","0.00339190468402233","0.0068745853786207","0.0159033980583526","0.0296054334675087","0.0509862421679631","0.085113214682445","0.14208967899789","0.211594271247073","0.302299140293289","0.427741587995374","0.61917529433752","0.991495034555743","1.58624957062705","2.49966341127963","3.65525621935149","5.33358304332039","8.12312872482729","","","","","","33.9","41.7","50.6","59.7","68","76.6","84.2","88.5","93.1","96.7","96.1","99.3","101.4","103.1","105.9","104.8","106.7","108","109.8","110.4","111.5",
"Samoa","WSM","Mobile cellular subscriptions (per 100 people)","IT.CEL.SETS.P2","0","","","","","0","","","","","0","","","","","0","0","0","0","0","0","0","0","0","0","0","0","0","0","0","0","0","0","0","0","0","0","0.429028301","0.820467334","1.334716345","1.37600792580565","1.36488212877936","1.46364469211963","5.66251415628539","8.59065015114175","12.8357346853641","24.2396475395426","45.5621897400306","","","46.6265678183429","","51.0447943490519","50.3797889725019","53.2521483525548","59.7263383255196","74.2057700529241","60.4683202297787","48.1737337534083","40.0419487081705","32.5557694485336","32.2763227445165","62.398669522115","","","",
"Kosovo","XKX","Mobile cellular subscriptions (per 100 people)","IT.CEL.SETS.P2","","","","","","","","","","","","","","","","","","","","","","","","","","","","","","","","","","","","","","","","","","","","","","30.9070731001774","30.9969946152374","31.0996550262466","31.2073467202855","31.3147573301328","31.41871135205","","","","","","","","","","","","34.5402009143477","","","",
"Yemen, Rep.","YEM","Mobile cellular subscriptions (per 100 people)","IT.CEL.SETS.P2","0","","","","","0","","","","","0","","","","","0","0","0","0","0","0","0","0","0","0","0","0","0","0","0","0","0","0.010738704","0.034494156","0.052664502","0.051231611","0.053026527","0.071571853","0.091696258","0.152788763","0.163278484393279","0.730920229146955","2.3358050933891","3.14667260491624","6.68019390846876","9.99363977799995","12.6482202861877","17.8838117249543","25.6650810066812","32.0622049201079","41.4324574134328","42.3015755016596","48.8857444140036","57.4650413919417","56.5732322792042","48.2100525815999","51.1789525743709","46.4111228575355","44.8810541777362","43.3990001198471","42.0037568704771","47.8090200303014","46.4534353720531","50.8937810578557","","",
"South Africa","ZAF","Mobile cellular subscriptions (per 100 people)","IT.CEL.SETS.P2","0","","","","","0","","","","","0","","","","","0","0","0","0","0","0","0","0","0","0","0","0","0","0","0.010292566","0.014243596","0.017354763","0.029956355","0.094061343","0.785800456","1.216293771","2.133823992","4.054318326","7.27773689","11.18955156","17.6824632903347","22.6775818427979","28.5342918067619","34.762637167057","42.5360187041727","68.6197925954101","79.3267335992398","83.7149918944889","88.0374704690533","89.7686684071896","96.2325212467793","120.765642853915","127.16760060932","140.576037974212","142.60448245213","155.137526067883","143.92861725374","153.547950468153","157.691905248121","162.73854828041","158.447269436121","163.12806305125","160.728511675754","171.508619260428","179.336329840585","",
"Zambia","ZMB","Mobile cellular subscriptions (per 100 people)","IT.CEL.SETS.P2","0","","","","","0","","","","","0","","","","","0","0","0","0","0","0","0","0","0","0","0","0","0","0","0","0","0","0","0","0","0.017814096","0.0305661","0.049818486","0.088130826","0.292997637","0.986790190215631","1.17382884665021","1.30627973518656","2.19418141328044","4.095483250513","8.10285575705197","13.7130197625584","21.0028503587521","27.1785188664379","32.6653441943001","39.0029310604332","56.5498570557445","70.5708583739075","67.5095981900639","63.6342658198343","70.4778478853307","71.0460770668914","77.0500111230113","86.0723321005416","93.0147820773422","100.235122888213","103.28257957834","98.4372601156219","102.06156495632","108.704779873813","",
"Zimbabwe","ZWE","Mobile cellular subscriptions (per 100 people)","IT.CEL.SETS.P2","0","","","","","0","","","","","0","","","","","0","0","0","0","0","0","0","0","0","0","0","0","0","0","0","0","0","0","0","0","0","0","0.050464682","0.164525469","1.485090967","2.24049586047155","2.62282489639699","2.80268634448722","2.97286950320066","3.44289649532877","5.18375075059487","6.71981716376718","9.57238712914296","12.7687473922863","30.3664594808256","57.6496262357609","67.6698277302716","91.2870035773198","97.2838146490947","83.0460608477621","88.5991977366782","88.2100456333277","95.136682697741","85.8627371320218","86.4094297249598","84.9604118996672","90.2538486226365","88.9958314912836","91.6344110473757","94.2451753366358","",
