pais,iso3,anio,pct_usuarios_internet
Albania,ALB,2000,0.114097346552109
Algeria,DZA,2000,0.491705679141589
Andorra,AND,2000,10.53883560922
Angola,AGO,2000,0.105045562462262
Antigua and Barbuda,ATG,2000,6.48222573702907
Argentina,ARG,2000,7.0386830862178
Armenia,ARM,2000,1.30047002237784
Aruba,ABW,2000,15.4428229480349
Australia,AUS,2000,46.7561156116738
Austria,AUT,2000,33.7301329516915
Azerbaijan,AZE,2000,0.147757575623251
"Bahamas, The",BHS,2000,8.0
Bahrain,BHR,2000,6.15373254647607
Bangladesh,BGD,2000,0.0710394230507683
Barbados,BRB,2000,3.97367835457927
Belarus,BLR,2000,1.86039812615388
Belgium,BEL,2000,29.4316916924341
Belize,BLZ,2000,5.96383530272428
Benin,BEN,2000,0.225247851473369
Bermuda,BMU,2000,42.9498600152711
Bhutan,BTN,2000,0.40094444691941
Bolivia,BOL,2000,1.4427635847914
Bosnia and Herzegovina,BIH,2000,1.08296074971207
Botswana,BWA,2000,2.90266662177209
Brazil,BRA,2000,2.87068515854108
Brunei Darussalam,BRN,2000,8.99628453448726
Bulgaria,BGR,2000,5.37092346908696
Burkina Faso,BFA,2000,0.0770801689426014
Burundi,BDI,2000,0.077248447383456
Cabo Verde,CPV,2000,1.82244385164396
Cambodia,KHM,2000,0.047022640068885
Cameroon,CMR,2000,0.252120077733662
Canada,CAN,2000,51.3
Central African Republic,CAF,2000,0.0533941742150456
Chad,TCD,2000,0.03570707628555
Chile,CHL,2000,16.6
China,CHN,2000,1.77591320677415
Colombia,COL,2000,2.207532992624
Comoros,COM,2000,0.271740607285909
"Congo, Dem. Rep.",COD,2000,0.0059021136806903
"Congo, Rep.",COG,2000,0.0263547320580279
Costa Rica,CRI,2000,5.80025302331829
Cote d'Ivoire,CIV,2000,0.231461670612799
Croatia,HRV,2000,6.64488254374396
Cuba,CUB,2000,0.541182548811058
Cyprus,CYP,2000,15.2553943710137
Czechia,CZE,2000,9.78052788834393
Denmark,DNK,2000,39.1724308555053
Djibouti,DJI,2000,0.194500528399956
Dominica,DMA,2000,8.81484419762881
Dominican Republic,DOM,2000,3.70469235587688
Ecuador,ECU,2000,1.46218853556457
"Egypt, Arab Rep.",EGY,2000,0.641265037504813
El Salvador,SLV,2000,1.17739726914477
Equatorial Guinea,GNQ,2000,0.132354665123789
Eritrea,ERI,2000,0.136711941104496
Estonia,EST,2000,28.5769538105646
Eswatini,SWZ,2000,0.926191777269401
Ethiopia,ETH,2000,0.0152637672082567
Faroe Islands,FRO,2000,32.916392363397
Fiji,FJI,2000,1.4968547339902
Finland,FIN,2000,37.2484617371121
France,FRA,2000,14.3079239430677
French Polynesia,PYF,2000,6.3570635452072
Gabon,GAB,2000,1.21614061828589
"Gambia, The",GMB,2000,0.921794919066406
Georgia,GEO,2000,0.484746298540492
Germany,DEU,2000,30.2163466048889
Ghana,GHA,2000,0.153615297625799
Gibraltar,GIB,2000,19.1316381248919
Greece,GRC,2000,9.13883730776798
Greenland,GRL,2000,31.7478112321162
Grenada,GRD,2000,4.06390799146313
Guam,GUM,2000,16.1131270423389
Guatemala,GTM,2000,0.712332904508925
Guinea,GIN,2000,0.0954249236063846
Guinea-Bissau,GNB,2000,0.230103170591588
Guyana,GUY,2000,0.6
Haiti,HTI,2000,0.231270714628821
Honduras,HND,2000,1.20385599891878
"Hong Kong SAR, China",HKG,2000,27.8277606812581
Hungary,HUN,2000,6.99967635062916
Iceland,ISL,2000,44.470533824288
India,IND,2000,0.527532449930946
Indonesia,IDN,2000,0.925563864466858
"Iran, Islamic Rep.",IRN,2000,0.934190019959829
Ireland,IRL,2000,17.8504672405807
Israel,ISR,2000,20.8737899981674
Italy,ITA,2000,23.1108742441037
Jamaica,JAM,2000,3.11577802729967
Japan,JPN,2000,29.9907403589142
Jordan,JOR,2000,2.62327542156362
Kazakhstan,KAZ,2000,0.668594402621264
Kenya,KEN,2000,0.318059713612037
Kiribati,KIR,2000,1.78522547397736
"Korea, Dem. People's Rep.",PRK,2000,0.0
"Korea, Rep.",KOR,2000,44.7
Kuwait,KWT,2000,6.73139576837536
Kyrgyz Republic,KGZ,2000,1.04140114469361
Lao PDR,LAO,2000,0.111044032290124
Latvia,LVA,2000,6.31906208267861
Lebanon,LBN,2000,7.95274373635276
Lesotho,LSO,2000,0.211806070361977
Liberia,LBR,2000,0.0177027057169472
Libya,LBY,2000,0.187042622337565
Liechtenstein,LIE,2000,36.5152298938015
Lithuania,LTU,2000,6.42706749477765
Luxembourg,LUX,2000,22.8873279731211
"Macao SAR, China",MAC,2000,13.6085897418451
Madagascar,MDG,2000,0.196394691006341
Malawi,MWI,2000,0.126780944756387
Malaysia,MYS,2000,21.3847311644538
Maldives,MDV,2000,2.2038729393788
Mali,MLI,2000,0.142545755049184
Malta,MLT,2000,13.1137087111024
Marshall Islands,MHL,2000,1.53427179624871
Mauritania,MRT,2000,0.192031462434805
Mauritius,MUS,2000,7.28153511499385
Mexico,MEX,2000,5.08138415338066
"Micronesia, Fed. Sts.",FSM,2000,3.73486213690137
Moldova,MDA,2000,1.28284641670022
Monaco,MCO,2000,42.1848634460346
Mongolia,MNG,2000,1.25565200358112
Morocco,MAR,2000,0.693791244805455
Mozambique,MOZ,2000,0.109592530041641
Namibia,NAM,2000,1.64473954726899
Nepal,NPL,2000,0.204651683653029
Netherlands,NLD,2000,43.984351373138
New Caledonia,NCL,2000,13.9395488232698
New Zealand,NZL,2000,47.3795565432096
Nicaragua,NIC,2000,0.980216486692385
Niger,NER,2000,0.0362612938065891
Nigeria,NGA,2000,0.0640808079494101
North Macedonia,MKD,2000,2.48556631640066
Norway,NOR,2000,52.0
Oman,OMN,2000,3.52042141651097
Panama,PAN,2000,6.55479647729549
Papua New Guinea,PNG,2000,0.835249302427624
Paraguay,PRY,2000,0.747630711548184
Peru,PER,2000,3.07643061137675
Philippines,PHL,2000,1.98225319605827
Poland,POL,2000,7.2854287080601
Portugal,PRT,2000,16.4304676923534
Puerto Rico (US),PRI,2000,10.4746482089399
Qatar,QAT,2000,4.86367917875156
Romania,ROU,2000,3.61371729139783
Russian Federation,RUS,2000,1.97723010897647
Rwanda,RWA,2000,0.0628314595107164
Samoa,WSM,2000,0.566392532680849
San Marino,SMR,2000,48.7994953055999
Sao Tome and Principe,STP,2000,4.6385168164075
Saudi Arabia,SAU,2000,2.21069180908888
Senegal,SEN,2000,0.403967485868965
Seychelles,SYC,2000,7.39562918315276
Sierra Leone,SLE,2000,0.118254245682183
Singapore,SGP,2000,36.0
Slovak Republic,SVK,2000,9.42680320061637
Slovenia,SVN,2000,15.1102595640388
Solomon Islands,SLB,2000,0.481296806114395
"Somalia, Fed. Rep.",SOM,2000,0.02
South Africa,ZAF,2000,5.34855973203537
Spain,ESP,2000,13.6249608089899
Sri Lanka,LKA,2000,0.647410010940963
St. Kitts and Nevis,KNA,2000,5.86281024037522
St. Lucia,LCA,2000,5.09048334139327
St. Vincent and the Grenadines,VCT,2000,3.24503741064558
Sudan,SDN,2000,0.0257850324762484
Suriname,SUR,2000,2.50641105226881
Sweden,SWE,2000,45.6876522122282
Switzerland,CHE,2000,47.1
Syrian Arab Republic,SYR,2000,0.181698580104333
Tajikistan,TJK,2000,0.048599594582182
Tanzania,TZA,2000,0.11719444010825
Thailand,THA,2000,3.68904127944164
Togo,TGO,2000,0.8
Tonga,TON,2000,2.4343980443669
Trinidad and Tobago,TTO,2000,7.72141147401745
Tunisia,TUN,2000,2.75074029298135
Turkiye,TUR,2000,3.761685035075
Turkmenistan,TKM,2000,0.13328218259348
Tuvalu,TUV,2000,5.24163958486214
Uganda,UGA,2000,0.163714063074854
Ukraine,UKR,2000,0.716183762031043
United Arab Emirates,ARE,2000,23.6253008751553
United Kingdom,GBR,2000,26.8217543508578
United States,USA,2000,43.0791626375201
Uruguay,URY,2000,10.5390577480141
Uzbekistan,UZB,2000,0.484347307694947
Vanuatu,VUT,2000,2.10833689115184
"Venezuela, RB",VEN,2000,3.3595974645036
Viet Nam,VNM,2000,0.254248275754934
Virgin Islands (U.S.),VIR,2000,13.8150805419196
West Bank and Gaza,PSE,2000,1.11130620708969
"Yemen, Rep.",YEM,2000,0.0825003865143108
Zambia,ZMB,2000,0.191071642503428
Zimbabwe,ZWE,2000,0.401433535211582
Afghanistan,AFG,2001,0.0047225682421736
Albania,ALB,2001,0.325798377067964
Algeria,DZA,2001,0.646114016703792
Angola,AGO,2001,0.136013867429868
Antigua and Barbuda,ATG,2001,8.89928551450583
Argentina,ARG,2001,9.78080728532407
Armenia,ARM,2001,1.63109466677715
Aruba,ABW,2001,17.1
Australia,AUS,2001,52.6892664310395
Austria,AUT,2001,39.1854501811114
Azerbaijan,AZE,2001,0.305564637615618
"Bahamas, The",BHS,2001,11.8
Bahrain,BHR,2001,15.0386342513918
Bangladesh,BGD,2001,0.129807973947512
Barbados,BRB,2001,11.9364503383984
Belarus,BLR,2001,4.30061602151712
Belgium,BEL,2001,31.2883955056566
Benin,BEN,2001,0.363417890016082
Bermuda,BMU,2001,47.5096998970623
Bhutan,BTN,2001,0.864628564215099
Bolivia,BOL,2001,2.1204625341365
Bosnia and Herzegovina,BIH,2001,1.20052695129649
Botswana,BWA,2001,3.43088678702599
Brazil,BRA,2001,4.52849486902851
Brunei Darussalam,BRN,2001,12.9177690823013
Bulgaria,BGR,2001,7.6122977487982
Burkina Faso,BFA,2001,0.157732464653607
Burundi,BDI,2001,0.106001245363203
Cabo Verde,CPV,2001,2.68533271272311
Cambodia,KHM,2001,0.0769560555527296
Cameroon,CMR,2001,0.277051321848797
Canada,CAN,2001,60.2
Central African Republic,CAF,2001,0.0785434278394038
Chad,TCD,2001,0.0459341343557353
Chile,CHL,2001,19.1
China,CHN,2001,2.63965021485872
Colombia,COL,2001,2.85419997133433
Comoros,COM,2001,0.443068372538977
"Congo, Dem. Rep.",COD,2001,0.0114757819210493
"Congo, Rep.",COG,2001,0.0322236164306931
Costa Rica,CRI,2001,9.55948213497093
Cote d'Ivoire,CIV,2001,0.395747702246439
Croatia,HRV,2001,11.5585731811648
Cuba,CUB,2001,1.07975172188907
Cyprus,CYP,2001,18.8187590408455
Czechia,CZE,2001,14.6971721171129
Denmark,DNK,2001,42.9575247201878
Djibouti,DJI,2001,0.343526262964202
Dominica,DMA,2001,13.2452280386761
Dominican Republic,DOM,2001,4.42939069666645
Ecuador,ECU,2001,2.67044367376705
"Egypt, Arab Rep.",EGY,2001,0.838945611477604
El Salvador,SLV,2001,1.5
Equatorial Guinea,GNQ,2001,0.16526042288306
Eritrea,ERI,2001,0.157815289303043
Estonia,EST,2001,31.5274897673756
Eswatini,SWZ,2001,1.28159005046719
Ethiopia,ETH,2001,0.0371623810686744
Faroe Islands,FRO,2001,43.2469835228993
Fiji,FJI,2001,1.8579785936093
Finland,FIN,2001,43.1053633522263
France,FRA,2001,26.3259035521688
French Polynesia,PYF,2001,6.25158894552365
Gabon,GAB,2001,1.34762022159633
"Gambia, The",GMB,2001,1.33679116648397
Georgia,GEO,2001,0.992344436138154
Germany,DEU,2001,31.650939416316
Ghana,GHA,2001,0.200008060324831
Gibraltar,GIB,2001,21.171109436031
Greece,GRC,2001,10.9350258080278
Greenland,GRL,2001,35.4641368915684
Grenada,GRD,2001,5.12810398216998
Guam,GUM,2001,25.3802275337398
Guatemala,GTM,2001,1.7382017815873
Guinea,GIN,2001,0.175541868491054
Guinea-Bissau,GNB,2001,0.299569144677667
Guyana,GUY,2001,1.0
Haiti,HTI,2001,0.340832326173809
Honduras,HND,2001,1.41528193123711
"Hong Kong SAR, China",HKG,2001,38.6714032309569
Hungary,HUN,2001,14.5285543028277
Iceland,ISL,2001,49.3929953676426
India,IND,2001,0.660146377009928
Indonesia,IDN,2001,2.01861385948459
"Iran, Islamic Rep.",IRN,2001,1.48422133163363
Iraq,IRQ,2001,0.1
Ireland,IRL,2001,23.1388121904053
Israel,ISR,2001,17.3786238639049
Italy,ITA,2001,27.2221169788811
Jamaica,JAM,2001,3.8630203874764
Japan,JPN,2001,38.5320608612719
Jordan,JOR,2001,4.70571958094159
Kazakhstan,KAZ,2001,1.00612421099739
Kenya,KEN,2001,0.619782266151425
Kiribati,KIR,2001,2.33745894837722
"Korea, Dem. People's Rep.",PRK,2001,0.0
"Korea, Rep.",KOR,2001,56.6
Kuwait,KWT,2001,8.55179243431475
Kyrgyz Republic,KGZ,2001,3.00294132719239
Lao PDR,LAO,2001,0.181664460654566
Latvia,LVA,2001,7.21934580836289
Lebanon,LBN,2001,6.78321977527715
Lesotho,LSO,2001,0.261150063093855
Liberia,LBR,2001,0.033812227177592
Libya,LBY,2001,0.366533175284228
Liechtenstein,LIE,2001,45.1168526483592
Lithuania,LTU,2001,7.17935699381369
Luxembourg,LUX,2001,36.163422506306
"Macao SAR, China",MAC,2001,22.5212167700561
Madagascar,MDG,2001,0.222511586178292
Malawi,MWI,2001,0.164020725330811
Malaysia,MYS,2001,26.6959725007084
Maldives,MDV,2001,3.61729064930367
Mali,MLI,2001,0.185897413256084
Malta,MLT,2001,17.8778483243348
Marshall Islands,MHL,2001,1.7066140776699
Mauritania,MRT,2001,0.261448551967195
Mauritius,MUS,2001,8.78090401892036
Mexico,MEX,2001,7.0380231165045
"Micronesia, Fed. Sts.",FSM,2001,4.66052719883673
Moldova,MDA,2001,1.48781295215565
Monaco,MCO,2001,46.6461423640265
Mongolia,MNG,2001,1.65323823906982
Morocco,MAR,2001,1.37143810096418
Mozambique,MOZ,2001,0.160031946644069
Myanmar,MMR,2001,0.0002892773808485
Namibia,NAM,2001,2.41697944170998
Naoero,NRU,2001,2.98715523250025
Nepal,NPL,2001,0.240015303375743
Netherlands,NLD,2001,49.3730621073123
New Caledonia,NCL,2001,18.2371097828416
New Zealand,NZL,2001,53.2410152941279
Nicaragua,NIC,2001,1.44879942820716
Niger,NER,2001,0.10518543139701
Nigeria,NGA,2001,0.089901370457273
North Macedonia,MKD,2001,3.46818460849398
Norway,NOR,2001,64.0
Oman,OMN,2001,5.89384152148671
Pakistan,PAK,2001,1.31855077925626
Panama,PAN,2001,7.26839987788729
Papua New Guinea,PNG,2001,0.904103545170821
Paraguay,PRY,2001,1.09879383569333
Peru,PER,2001,7.57876295717419
Philippines,PHL,2001,2.52400566008269
Poland,POL,2001,9.9006697073534
Portugal,PRT,2001,18.0871365595338
Puerto Rico (US),PRI,2001,15.6300309162012
Qatar,QAT,2001,6.17026856093911
Romania,ROU,2001,4.53866902895312
Russian Federation,RUS,2001,2.94436778664985
Rwanda,RWA,2001,0.240672409832383
Samoa,WSM,2001,1.68990283058724
San Marino,SMR,2001,50.3416690898517
Sao Tome and Principe,STP,2001,6.31091788794615
Saudi Arabia,SAU,2001,4.6810531658103
Senegal,SEN,2001,0.983794058848003
Seychelles,SYC,2001,11.0151029300174
Sierra Leone,SLE,2001,0.160264445493032
Singapore,SGP,2001,41.6704251756041
Slovak Republic,SVK,2001,12.5283218484637
Slovenia,SVN,2001,30.1759104700854
Solomon Islands,SLB,2001,0.468551963584141
"Somalia, Fed. Rep.",SOM,2001,0.0790391786670095
South Africa,ZAF,2001,6.34661931839768
Spain,ESP,2001,18.1487226902932
Sri Lanka,LKA,2001,0.793821864362622
St. Kitts and Nevis,KNA,2001,7.71472655580319
St. Lucia,LCA,2001,8.18186395448366
St. Vincent and the Grenadines,VCT,2001,5.09480977832946
Sudan,SDN,2001,0.140185224494161
Suriname,SUR,2001,3.06444838873752
Sweden,SWE,2001,51.7656649372808
Switzerland,CHE,2001,55.1
Syrian Arab Republic,SYR,2001,0.353759130007247
Tajikistan,TJK,2001,0.0512591325352927
Tanzania,TZA,2001,0.171300350668948
Thailand,THA,2001,5.55632612097332
Togo,TGO,2001,0.9
Tonga,TON,2001,2.82537183911525
Trinidad and Tobago,TTO,2001,15.384627218944
Tunisia,TUN,2001,4.29796603474685
Turkiye,TUR,2001,5.18948146078506
Turkmenistan,TKM,2001,0.175209517731422
Tuvalu,TUV,2001,5.7
Uganda,UGA,2001,0.237945087191408
Ukraine,UKR,2001,1.23875954748114
United Arab Emirates,ARE,2001,26.2717542010006
United Kingdom,GBR,2001,33.4810948744147
United States,USA,2001,49.0808315896951
Uruguay,URY,2001,11.1214376832783
Uzbekistan,UZB,2001,0.597567993875805
Vanuatu,VUT,2001,2.83057223877678
"Venezuela, RB",VEN,2001,4.63600094778677
Viet Nam,VNM,2001,1.26565123612317
Virgin Islands (U.S.),VIR,2001,18.3757660397468
West Bank and Gaza,PSE,2001,1.83685483917877
"Yemen, Rep.",YEM,2001,0.0908024587169292
Zambia,ZMB,2001,0.233129556342332
Zimbabwe,ZWE,2001,0.799846045633137
Afghanistan,AFG,2002,0.0045613951702214
Albania,ALB,2002,0.39008127343332
Algeria,DZA,2002,1.59164126035832
Andorra,AND,2002,11.2604687170103
Angola,AGO,2002,0.270376745595134
Antigua and Barbuda,ATG,2002,12.5
Argentina,ARG,2002,10.8821243775325
Armenia,ARM,2002,1.9604050458212
Aruba,ABW,2002,18.8
Austria,AUT,2002,36.56
Azerbaijan,AZE,2002,4.99971367812957
"Bahamas, The",BHS,2002,18.0
Bahrain,BHR,2002,18.0507208881153
Bangladesh,BGD,2002,0.13992028850905
Barbados,BRB,2002,27.836322424146
Belarus,BLR,2002,8.95097131467325
Belgium,BEL,2002,46.33
Belize,BLZ,2002,5.68425121358763
Benin,BEN,2002,0.7029455951039
Bermuda,BMU,2002,52.0315973700393
Bhutan,BTN,2002,1.67580258375242
Bolivia,BOL,2002,3.11719294696997
Bosnia and Herzegovina,BIH,2002,2.64826791361244
Botswana,BWA,2002,3.38592235064273
Brazil,BRA,2002,9.14942508560748
British Virgin Islands,VGB,2002,18.8857412653447
Brunei Darussalam,BRN,2002,15.329879855735
Bulgaria,BGR,2002,9.08
Burkina Faso,BFA,2002,0.200992597925001
Burundi,BDI,2002,0.118228412267794
Cabo Verde,CPV,2002,3.5187571749658
Cambodia,KHM,2002,0.226983237666204
Cameroon,CMR,2002,0.360871584267755
Canada,CAN,2002,61.5932992681952
Central African Republic,CAF,2002,0.128537116506299
Chad,TCD,2002,0.166069664674347
Chile,CHL,2002,22.1
China,CHN,2002,4.59570433077551
Colombia,COL,2002,4.6
Comoros,COM,2002,0.554869674985088
"Congo, Dem. Rep.",COD,2002,0.0927907024606925
"Congo, Rep.",COG,2002,0.157249517243982
Costa Rica,CRI,2002,19.8948511346293
Cote d'Ivoire,CIV,2002,0.497929360753307
Croatia,HRV,2002,17.76
Cuba,CUB,2002,3.77058503769014
Cyprus,CYP,2002,28.32
Czechia,CZE,2002,23.93
Denmark,DNK,2002,64.25
Djibouti,DJI,2002,0.48697170451894
Dominica,DMA,2002,18.4248927671241
Dominican Republic,DOM,2002,6.8237257325842
Ecuador,ECU,2002,4.26079691519764
"Egypt, Arab Rep.",EGY,2002,2.71999971465421
El Salvador,SLV,2002,1.9
Equatorial Guinea,GNQ,2002,0.321197997152044
Eritrea,ERI,2002,0.227090137626716
Estonia,EST,2002,41.52
Eswatini,SWZ,2002,1.81620380712642
Ethiopia,ETH,2002,0.0724022618698295
Faroe Islands,FRO,2002,53.2992218313613
Fiji,FJI,2002,6.15264970011985
Finland,FIN,2002,62.43
France,FRA,2002,30.18
French Polynesia,PYF,2002,8.20021648571522
Gabon,GAB,2002,1.93953010616212
"Gambia, The",GMB,2002,1.79677988296495
Georgia,GEO,2002,1.58787562980332
Germany,DEU,2002,48.82
Ghana,GHA,2002,0.830284033818738
Gibraltar,GIB,2002,23.670239745714
Greece,GRC,2002,14.67
Greenland,GRL,2002,44.154789028418
Grenada,GRD,2002,14.7588405454867
Guam,GUM,2002,31.1922942556271
Guatemala,GTM,2002,3.39174627024502
Guinea,GIN,2002,0.402022748744397
Guinea-Bissau,GNB,2002,1.02299323436117
Guyana,GUY,2002,1.5
Haiti,HTI,2002,0.893432988337908
Honduras,HND,2002,2.5974025974026
"Hong Kong SAR, China",HKG,2002,43.0823830278909
Hungary,HUN,2002,16.67
Iceland,ISL,2002,79.12
India,IND,2002,1.53787558175083
Indonesia,IDN,2002,2.13413573295808
"Iran, Islamic Rep.",IRN,2002,4.62617511492205
Iraq,IRQ,2002,0.5
Ireland,IRL,2002,25.85
Israel,ISR,2002,17.7645990630493
Italy,ITA,2002,28.04
Jamaica,JAM,2002,6.1
Japan,JPN,2002,46.5942011179917
Jordan,JOR,2002,6.02553241191204
Kazakhstan,KAZ,2002,1.67477099516366
Kenya,KEN,2002,1.20777388492125
Kiribati,KIR,2002,2.5
"Korea, Dem. People's Rep.",PRK,2002,0.0
"Korea, Rep.",KOR,2002,59.4
Kuwait,KWT,2002,10.2489679289296
Kyrgyz Republic,KGZ,2002,2.99926518003089
Lao PDR,LAO,2002,0.267899241309349
Latvia,LVA,2002,21.94
Lebanon,LBN,2002,7.0
Lesotho,LSO,2002,1.08394313737534
Liberia,LBR,2002,0.0327133071190699
Libya,LBY,2002,2.24441822165946
Liechtenstein,LIE,2002,59.4707106749926
Lithuania,LTU,2002,17.69
Luxembourg,LUX,2002,39.84
"Macao SAR, China",MAC,2002,25.1718801643395
Madagascar,MDG,2002,0.339720154596142
Malawi,MWI,2002,0.21509472652259
Malaysia,MYS,2002,32.3382043389359
Maldives,MDV,2002,5.3477651689359
Mali,MLI,2002,0.2270455784917
Malta,MLT,2002,28.92
Marshall Islands,MHL,2002,2.33544457522934
Mauritania,MRT,2002,0.363229414608579
Mauritius,MUS,2002,10.252624671916
Mexico,MEX,2002,11.9
"Micronesia, Fed. Sts.",FSM,2002,5.57009970478472
Moldova,MDA,2002,3.78724279887342
Monaco,MCO,2002,48.0471171729696
Mongolia,MNG,2002,2.0395726034818
Morocco,MAR,2002,2.37325319241544
Mozambique,MOZ,2002,0.259612611253739
Myanmar,MMR,2002,0.0004264935063618
Namibia,NAM,2002,2.63369976876116
Nepal,NPL,2002,0.312956060108532
Netherlands,NLD,2002,61.29
New Caledonia,NCL,2002,22.389797417113
New Zealand,NZL,2002,59.0807532812931
Nicaragua,NIC,2002,1.71472958428668
Niger,NER,2002,0.127152468779619
Nigeria,NGA,2002,0.320461975542327
North Macedonia,MKD,2002,17.33
Norway,NOR,2002,72.84
Oman,OMN,2002,6.87339603918545
Pakistan,PAK,2002,2.57742673683831
Palau,PLW,2002,20.243939470621
Panama,PAN,2002,8.51807781515595
Papua New Guinea,PNG,2002,1.3216569348661
Paraguay,PRY,2002,1.79496959770244
Peru,PER,2002,8.96694917040028
Philippines,PHL,2002,4.33227574643007
Poland,POL,2002,21.15
Portugal,PRT,2002,19.37
Puerto Rico (US),PRI,2002,17.5476475654777
Qatar,QAT,2002,10.2261289281118
Romania,ROU,2002,6.58
Russian Federation,RUS,2002,4.12827181796644
Rwanda,RWA,2002,0.292784718792575
Samoa,WSM,2002,2.24483267578443
San Marino,SMR,2002,50.8348399446985
Sao Tome and Principe,STP,2002,7.580665168911
Saudi Arabia,SAU,2002,6.38470501955932
Senegal,SEN,2002,1.00645453672323
Seychelles,SYC,2002,14.3041708309972
Sierra Leone,SLE,2002,0.176198956814076
Singapore,SGP,2002,47.0
Slovak Republic,SVK,2002,40.14
Slovenia,SVN,2002,27.8388854180687
Solomon Islands,SLB,2002,0.501919843401009
"Somalia, Fed. Rep.",SOM,2002,0.115614213354469
South Africa,ZAF,2002,6.71032243705404
Spain,ESP,2002,20.39
Sri Lanka,LKA,2002,1.05042270585318
St. Kitts and Nevis,KNA,2002,21.152381758186
St. Lucia,LCA,2002,14.6418357746777
St. Vincent and the Grenadines,VCT,2002,5.54959487957379
Sudan,SDN,2002,0.439477639075583
Suriname,SUR,2002,4.1615687449541
Sweden,SWE,2002,70.57
Switzerland,CHE,2002,61.4
Syrian Arab Republic,SYR,2002,2.09310101861765
Tajikistan,TJK,2002,0.0554628269910006
Tanzania,TZA,2002,0.222484413923909
Thailand,THA,2002,7.53125033488567
Timor-Leste,TLS,2002,0.0
Togo,TGO,2002,1.0
Tonga,TON,2002,2.90729731626382
Trinidad and Tobago,TTO,2002,21.9986754804449
Tunisia,TUN,2002,5.25288729548421
Turkiye,TUR,2002,11.38
Turkmenistan,TKM,2002,0.302132016152841
Tuvalu,TUV,2002,6.3
Uganda,UGA,2002,0.384093504951945
Ukraine,UKR,2002,1.87388511643427
United Arab Emirates,ARE,2002,28.3164853110439
United Kingdom,GBR,2002,56.48
United States,USA,2002,58.7854038836952
Uruguay,URY,2002,11.4194701966853
Uzbekistan,UZB,2002,1.08193974248733
Vanuatu,VUT,2002,3.51003871071264
"Venezuela, RB",VEN,2002,4.91044632720325
Viet Nam,VNM,2002,1.85499923592581
Virgin Islands (U.S.),VIR,2002,27.4944323774436
West Bank and Gaza,PSE,2002,3.10009223512517
"Yemen, Rep.",YEM,2002,0.518796032123435
Zambia,ZMB,2002,0.477750906947484
Zimbabwe,ZWE,2002,1.1
Afghanistan,AFG,2003,0.0878912528559713
Albania,ALB,2003,0.971900415195857
Algeria,DZA,2003,2.19535973086144
Andorra,AND,2003,13.546412876439
Angola,AGO,2003,0.370682065225727
Antigua and Barbuda,ATG,2003,17.2286487816884
Argentina,ARG,2003,11.9136965509954
Armenia,ARM,2003,4.57521722477781
Aruba,ABW,2003,20.8
Austria,AUT,2003,42.7
"Bahamas, The",BHS,2003,20.0
Bahrain,BHR,2003,21.5549449917804
Bangladesh,BGD,2003,0.163877665498048
Barbados,BRB,2003,39.6896271159532
Belgium,BEL,2003,49.97
Benin,BEN,2003,0.951327114915695
Bermuda,BMU,2003,56.5220121836337
Bhutan,BTN,2003,2.43691239949767
Bolivia,BOL,2003,3.50859640072336
Bosnia and Herzegovina,BIH,2003,3.96503683387051
Botswana,BWA,2003,3.3451901740614
Brazil,BRA,2003,13.2075861035303
Brunei Darussalam,BRN,2003,19.5950032207342
Bulgaria,BGR,2003,12.04
Burkina Faso,BFA,2003,0.373440303233526
Burundi,BDI,2003,0.201273196735924
Cabo Verde,CPV,2003,4.32488539053715
Cambodia,KHM,2003,0.260570197574002
Cameroon,CMR,2003,0.587622611130454
Canada,CAN,2003,64.2
Central African Republic,CAF,2003,0.151563337940017
Chad,TCD,2003,0.320308555366775
Chile,CHL,2003,25.4737788864723
China,CHN,2003,6.2
Colombia,COL,2003,7.38892371052557
Comoros,COM,2003,0.848189370151537
"Congo, Dem. Rep.",COD,2003,0.134914837437335
"Congo, Rep.",COG,2003,0.460014186837522
Costa Rica,CRI,2003,20.3336148143541
Cote d'Ivoire,CIV,2003,0.758669629452205
Croatia,HRV,2003,22.75
Cuba,CUB,2003,5.2412690536929
Cyprus,CYP,2003,30.09
Czechia,CZE,2003,34.3
Denmark,DNK,2003,76.26
Djibouti,DJI,2003,0.625940229399888
Dominica,DMA,2003,23.6204198529629
Dominican Republic,DOM,2003,7.89839293716387
Ecuador,ECU,2003,4.46022834472698
"Egypt, Arab Rep.",EGY,2003,4.03788510706701
El Salvador,SLV,2003,2.5
Equatorial Guinea,GNQ,2003,0.520524272046806
Estonia,EST,2003,45.32
Eswatini,SWZ,2003,2.43707385055863
Ethiopia,ETH,2003,0.105811658802603
Faroe Islands,FRO,2003,58.9126409695337
Fiji,FJI,2003,6.72543473821551
Finland,FIN,2003,69.22
France,FRA,2003,36.14
French Polynesia,PYF,2003,14.1242937853107
Gabon,GAB,2003,2.65958659385985
"Gambia, The",GMB,2003,2.436781193062
Georgia,GEO,2003,2.55881648068489
Germany,DEU,2003,55.9
Ghana,GHA,2003,1.19305791098328
Gibraltar,GIB,2003,28.3257797920554
Greece,GRC,2003,17.8
Greenland,GRL,2003,54.5342598293605
Grenada,GRD,2003,18.6451821830564
Guam,GUM,2003,33.7166817880876
Guatemala,GTM,2003,4.54885490848324
Guinea,GIN,2003,0.450960370842751
Guinea-Bissau,GNB,2003,1.35419747762901
Guyana,GUY,2003,2.4
Haiti,HTI,2003,1.64735834557778
Honduras,HND,2003,4.8
"Hong Kong SAR, China",HKG,2003,52.2000433497404
Hungary,HUN,2003,21.63
Iceland,ISL,2003,83.14
India,IND,2003,1.68648997063625
Indonesia,IDN,2003,2.38701977959476
"Iran, Islamic Rep.",IRN,2003,6.93372195304053
Iraq,IRQ,2003,0.6
Ireland,IRL,2003,34.31
Israel,ISR,2003,19.5933936579649
Italy,ITA,2003,29.04
Jamaica,JAM,2003,7.8
Japan,JPN,2003,48.4352658899653
Jordan,JOR,2003,8.46600501623938
Kazakhstan,KAZ,2003,2.00041475265872
Kenya,KEN,2003,2.94190286101524
Kiribati,KIR,2003,3.0
"Korea, Dem. People's Rep.",PRK,2003,0.0
"Korea, Rep.",KOR,2003,65.5
Kuwait,KWT,2003,22.4029383804612
Kyrgyz Republic,KGZ,2003,3.90876626828521
Lao PDR,LAO,2003,0.333912466428616
Latvia,LVA,2003,26.98
Lebanon,LBN,2003,8.0
Lesotho,LSO,2003,1.53249659019509
Liberia,LBR,2003,0.0318689345450327
Libya,LBY,2003,2.81451798740855
Liechtenstein,LIE,2003,58.8096918372148
Lithuania,LTU,2003,25.91
Luxembourg,LUX,2003,54.55
"Macao SAR, China",MAC,2003,25.7421239826498
Madagascar,MDG,2003,0.423252419277809
Malawi,MWI,2003,0.278815116302304
Malaysia,MYS,2003,34.9711523397291
Maldives,MDV,2003,5.97659284988557
Mali,MLI,2003,0.310364443230575
Malta,MLT,2003,31.64
Marshall Islands,MHL,2003,2.5697503671072
Mauritania,MRT,2003,0.424004895843197
Mauritius,MUS,2003,12.1871062041308
Mexico,MEX,2003,12.9
"Micronesia, Fed. Sts.",FSM,2003,9.23250210039423
Moldova,MDA,2003,7.40754458415897
Monaco,MCO,2003,49.4911689195459
Morocco,MAR,2003,3.35336668122363
Mozambique,MOZ,2003,0.419538843913707
Myanmar,MMR,2003,0.0240641491408465
Namibia,NAM,2003,3.35983988553801
Nepal,NPL,2003,0.382810917017044
Netherlands,NLD,2003,64.35
New Caledonia,NCL,2003,26.4083344703588
New Zealand,NZL,2003,60.9625398663824
Nicaragua,NIC,2003,1.88041253242301
Niger,NER,2003,0.155698703668983
Nigeria,NGA,2003,0.558576244860521
North Macedonia,MKD,2003,19.07
Norway,NOR,2003,78.13
Oman,OMN,2003,7.25574294536556
Pakistan,PAK,2003,5.04115812592502
Palau,PLW,2003,21.6015271777354
Panama,PAN,2003,9.98742407723405
Papua New Guinea,PNG,2003,1.37440466802801
Paraguay,PRY,2003,2.11194208210034
Peru,PER,2003,11.6
Philippines,PHL,2003,4.85767226708512
Poland,POL,2003,24.87
Portugal,PRT,2003,29.67
Puerto Rico (US),PRI,2003,19.7070256578252
Qatar,QAT,2003,19.242336421002
Romania,ROU,2003,8.9
Russian Federation,RUS,2003,8.29886061553908
Rwanda,RWA,2003,0.356918467272361
Samoa,WSM,2003,2.79963044878076
San Marino,SMR,2003,50.003453038674
Sao Tome and Principe,STP,2003,10.1618443069961
Saudi Arabia,SAU,2003,8.00158289090878
Senegal,SEN,2003,2.10143642986685
Seychelles,SYC,2003,14.5925043169492
Sierra Leone,SLE,2003,0.190173281668183
Singapore,SGP,2003,53.8379432881911
Slovak Republic,SVK,2003,43.04
Slovenia,SVN,2003,31.8547930120441
Solomon Islands,SLB,2003,0.555609881855115
"Somalia, Fed. Rep.",SOM,2003,0.376198002539086
South Africa,ZAF,2003,7.00769172611251
Spain,ESP,2003,39.93
Sri Lanka,LKA,2003,1.45858022842408
St. Kitts and Nevis,KNA,2003,22.9697842928439
St. Lucia,LCA,2003,20.9824734633424
St. Vincent and the Grenadines,VCT,2003,6.46227416659743
Sudan,SDN,2003,0.538471703150458
Suriname,SUR,2003,4.71987539528956
Sweden,SWE,2003,79.13
Switzerland,CHE,2003,65.1
Syrian Arab Republic,SYR,2003,3.39797261356623
Tajikistan,TJK,2003,0.0645837771508553
Tanzania,TZA,2003,0.676962856510303
Thailand,THA,2003,9.29902723805965
Togo,TGO,2003,1.2
Tonga,TON,2003,2.98581736750435
Trinidad and Tobago,TTO,2003,25.9717641091609
Tunisia,TUN,2003,6.49084579532797
Turkiye,TUR,2003,12.33
Turkmenistan,TKM,2003,0.425182631884743
Tuvalu,TUV,2003,6.9
Uganda,UGA,2003,0.464849840113968
Ukraine,UKR,2003,3.14812758815439
United Arab Emirates,ARE,2003,29.4779534120864
United Kingdom,GBR,2003,64.82
United States,USA,2003,61.6971171244207
Uruguay,URY,2003,15.9371367159756
Uzbekistan,UZB,2003,1.91259517784997
Vanuatu,VUT,2003,3.90329584542948
"Venezuela, RB",VEN,2003,7.49996346522407
Viet Nam,VNM,2003,3.78028081370641
Virgin Islands (U.S.),VIR,2003,27.4290729887632
West Bank and Gaza,PSE,2003,4.13061635632919
"Yemen, Rep.",YEM,2003,0.604734100431821
Zambia,ZMB,2003,0.980483039426114
Zimbabwe,ZWE,2003,1.8
Afghanistan,AFG,2004,0.105809030021958
Albania,ALB,2004,2.42038779776014
Algeria,DZA,2004,4.63447508776537
Andorra,AND,2004,26.8379543894637
Angola,AGO,2004,0.464814617985909
Antigua and Barbuda,ATG,2004,24.2665437161785
Argentina,ARG,2004,16.0366841054923
Armenia,ARM,2004,4.8990085713054
Aruba,ABW,2004,23.0
Austria,AUT,2004,54.28
"Bahamas, The",BHS,2004,22.0
Bahrain,BHR,2004,21.4586805077435
Bangladesh,BGD,2004,0.199036333744363
Barbados,BRB,2004,49.8
Belgium,BEL,2004,53.86
Belize,BLZ,2004,9.8
Benin,BEN,2004,1.18254096518994
Bermuda,BMU,2004,60.9908670086326
Bhutan,BTN,2004,3.15698419613711
Bolivia,BOL,2004,4.43992460120042
Bosnia and Herzegovina,BIH,2004,15.4689716227665
Botswana,BWA,2004,3.30488925316113
Brazil,BRA,2004,19.073672274442
Brunei Darussalam,BRN,2004,29.7156041447864
Bulgaria,BGR,2004,18.13
Burkina Faso,BFA,2004,0.400295285492178
Burundi,BDI,2004,0.349060461879596
Cabo Verde,CPV,2004,5.31883206957883
Cambodia,KHM,2004,0.300436644360101
Cameroon,CMR,2004,0.976075415490902
Canada,CAN,2004,65.9559634648989
Central African Republic,CAF,2004,0.223401395464406
Chad,TCD,2004,0.360920107034467
Chile,CHL,2004,28.1779101232438
China,CHN,2004,7.3
Colombia,COL,2004,9.1186903029666
Comoros,COM,2004,1.32732717785355
"Congo, Dem. Rep.",COD,2004,0.196208375178039
"Congo, Rep.",COG,2004,1.07750492958505
Costa Rica,CRI,2004,20.7923067055542
Cote d'Ivoire,CIV,2004,0.849282414747704
Croatia,HRV,2004,30.91
Cuba,CUB,2004,8.40798475900703
Cyprus,CYP,2004,33.83
Czechia,CZE,2004,35.5
Denmark,DNK,2004,80.93
Djibouti,DJI,2004,0.781317175068661
Dominica,DMA,2004,30.3196130921568
Dominican Republic,DOM,2004,8.8655534607044
Ecuador,ECU,2004,4.83444263759525
"Egypt, Arab Rep.",EGY,2004,11.92
El Salvador,SLV,2004,3.2
Equatorial Guinea,GNQ,2004,0.843930284607049
Estonia,EST,2004,53.2
Eswatini,SWZ,2004,3.22868507316111
Ethiopia,ETH,2004,0.155334520794722
Faroe Islands,FRO,2004,66.5335994677312
Fiji,FJI,2004,7.4129434854202
Finland,FIN,2004,72.39
France,FRA,2004,39.15
French Polynesia,PYF,2004,17.8845374263753
Gabon,GAB,2004,2.97906980035019
"Gambia, The",GMB,2004,3.30800347812937
Georgia,GEO,2004,3.88622135350273
Germany,DEU,2004,64.73
Ghana,GHA,2004,1.71679770389504
Gibraltar,GIB,2004,32.8860826098395
Greece,GRC,2004,21.42
Greenland,GRL,2004,56.0990147610533
Grenada,GRD,2004,19.5706205843787
Guam,GUM,2004,36.1617878387908
Guatemala,GTM,2004,5.1
Guinea,GIN,2004,0.508819332302937
Guinea-Bissau,GNB,2004,1.80814220342991
Guyana,GUY,2004,3.7
Haiti,HTI,2004,5.401261907622
Honduras,HND,2004,5.6
"Hong Kong SAR, China",HKG,2004,56.3998803935333
Hungary,HUN,2004,27.74
Iceland,ISL,2004,83.88
India,IND,2004,1.97613649190559
Indonesia,IDN,2004,2.60028587633414
"Iran, Islamic Rep.",IRN,2004,7.49
Iraq,IRQ,2004,0.9
Ireland,IRL,2004,36.99
Israel,ISR,2004,22.7704855254035
Italy,ITA,2004,33.24
Jamaica,JAM,2004,10.0
Japan,JPN,2004,62.3939296327259
Jordan,JOR,2004,11.6587413706379
Kazakhstan,KAZ,2004,2.6503946570164
Kenya,KEN,2004,3.0235280420962
Kiribati,KIR,2004,3.5
"Korea, Dem. People's Rep.",PRK,2004,0.0
"Korea, Rep.",KOR,2004,72.7
Kuwait,KWT,2004,22.9271120360078
Kyrgyz Republic,KGZ,2004,5.09038530732863
Lao PDR,LAO,2004,0.361434490258043
Latvia,LVA,2004,38.58
Lebanon,LBN,2004,9.0
Lesotho,LSO,2004,2.17552433931097
Liberia,LBR,2004,0.0310111848040233
Libya,LBY,2004,3.53283816154549
Liechtenstein,LIE,2004,64.0074481394199
Lithuania,LTU,2004,31.23
Luxembourg,LUX,2004,65.88
"Macao SAR, China",MAC,2004,31.4840973824121
Madagascar,MDG,2004,0.525353654946669
Malawi,MWI,2004,0.347505334967577
Malaysia,MYS,2004,42.2522656295248
Maldives,MDV,2004,6.58825487530861
Mali,MLI,2004,0.432819639900985
Malta,MLT,2004,34.62
Marshall Islands,MHL,2004,3.59977681383754
Mauritania,MRT,2004,0.481470438230954
Mauritius,MUS,2004,13.6890885885342
Mexico,MEX,2004,14.1
"Micronesia, Fed. Sts.",FSM,2004,11.0178673081514
Moldova,MDA,2004,10.629390841654
Monaco,MCO,2004,52.4901966838546
Montenegro,MNE,2004,25.3500686036232
Morocco,MAR,2004,11.6079347729582
Mozambique,MOZ,2004,0.679447835392438
Myanmar,MMR,2004,0.024337392002823
Namibia,NAM,2004,3.8047156152631
Nepal,NPL,2004,0.449843651215974
Netherlands,NLD,2004,68.52
New Caledonia,NCL,2004,30.2980462088488
New Zealand,NZL,2004,61.8476278106481
Nicaragua,NIC,2004,2.32066460863941
Niger,NER,2004,0.189933733703092
Nigeria,NGA,2004,1.28613764134527
North Macedonia,MKD,2004,24.44
Norway,NOR,2004,77.69
Oman,OMN,2004,6.75885217024525
Pakistan,PAK,2004,6.16432098534156
Palau,PLW,2004,26.9703326341025
Panama,PAN,2004,11.1408625409415
Papua New Guinea,PNG,2004,1.5079127722725
Paraguay,PRY,2004,3.45243843137079
Peru,PER,2004,14.1
Philippines,PHL,2004,5.2436284521711
Poland,POL,2004,32.53
Portugal,PRT,2004,31.78
Puerto Rico (US),PRI,2004,22.1307382347014
Qatar,QAT,2004,20.701647851169
Romania,ROU,2004,15.0
Russian Federation,RUS,2004,12.8593889008473
Rwanda,RWA,2004,0.43085424337006
Samoa,WSM,2004,3.07552941044897
San Marino,SMR,2004,50.5663430420712
Sao Tome and Principe,STP,2004,13.3228526892178
Saudi Arabia,SAU,2004,10.2345329969583
Senegal,SEN,2004,4.38602398008563
Serbia,SRB,2004,23.5
Seychelles,SYC,2004,24.2721392249906
Sierra Leone,SLE,2004,0.203007680592588
Singapore,SGP,2004,62.0
Slovak Republic,SVK,2004,52.89
Slovenia,SVN,2004,40.81
Solomon Islands,SLB,2004,0.64967267325146
"Somalia, Fed. Rep.",SOM,2004,1.05345474358422
South Africa,ZAF,2004,8.4251186825406
Spain,ESP,2004,44.01
Sri Lanka,LKA,2004,1.44615998041486
St. Kitts and Nevis,KNA,2004,24.7376775443732
St. Lucia,LCA,2004,21.395212362765
St. Vincent and the Grenadines,VCT,2004,7.37116584201749
Sudan,SDN,2004,0.791561615446385
Suriname,SUR,2004,6.0760478144456
Sweden,SWE,2004,83.89
Switzerland,CHE,2004,67.8
Syrian Arab Republic,SYR,2004,4.32159377785571
Tajikistan,TJK,2004,0.0774799071356825
Tanzania,TZA,2004,0.87757497099259
Thailand,THA,2004,10.6773033237281
Togo,TGO,2004,1.5
Tonga,TON,2004,3.95237389457043
Trinidad and Tobago,TTO,2004,27.0242700782714
Tunisia,TUN,2004,8.52881775162591
Turkiye,TUR,2004,14.58
Turkmenistan,TKM,2004,0.754053982724623
Tuvalu,TUV,2004,7.6
Uganda,UGA,2004,0.719970679914031
Ukraine,UKR,2004,3.4894778812677
United Arab Emirates,ARE,2004,30.1312961695367
United Kingdom,GBR,2004,65.61
United States,USA,2004,64.7582564759896
Uruguay,URY,2004,17.0630983403661
Uzbekistan,UZB,2004,2.59372542084924
Vanuatu,VUT,2004,4.74660261917533
"Venezuela, RB",VEN,2004,8.40446959241215
Viet Nam,VNM,2004,7.64240852842363
Virgin Islands (U.S.),VIR,2004,27.3770087880198
West Bank and Gaza,PSE,2004,4.40090482603223
"Yemen, Rep.",YEM,2004,0.881222988679516
Zambia,ZMB,2004,1.1
Zimbabwe,ZWE,2004,2.1
Afghanistan,AFG,2005,1.22414808372471
Albania,ALB,2005,6.04389086404814
Algeria,DZA,2005,5.843900204
Andorra,AND,2005,37.6057662174867
Angola,AGO,2005,1.143399954
Antigua and Barbuda,ATG,2005,27.0
Argentina,ARG,2005,17.7205833696065
Armenia,ARM,2005,5.252999783
Aruba,ABW,2005,25.4
Australia,AUS,2005,63.0
Austria,AUT,2005,58.0
Azerbaijan,AZE,2005,8.030400276
"Bahamas, The",BHS,2005,25.0
Bahrain,BHR,2005,21.30369949
Bangladesh,BGD,2005,0.241600007
Barbados,BRB,2005,52.5
Belgium,BEL,2005,55.81999969
Belize,BLZ,2005,17.0
Benin,BEN,2005,1.271000028
Bermuda,BMU,2005,65.4470657898838
Bhutan,BTN,2005,3.847100019
Bolivia,BOL,2005,5.22758395663196
Bosnia and Herzegovina,BIH,2005,21.3267010007738
Botswana,BWA,2005,3.262599945
Brazil,BRA,2005,21.022747248827
Brunei Darussalam,BRN,2005,36.4663919475782
Bulgaria,BGR,2005,19.97
Burkina Faso,BFA,2005,0.469900012
Burundi,BDI,2005,0.542100012
Cabo Verde,CPV,2005,6.07408710659813
Cambodia,KHM,2005,0.317321781089656
Cameroon,CMR,2005,1.402699947
Canada,CAN,2005,71.66
Cayman Islands,CYM,2005,38.0343830823064
Central African Republic,CAF,2005,0.26820001
Chad,TCD,2005,0.399257700084004
Chile,CHL,2005,31.1753006
China,CHN,2005,8.52325700269541
Colombia,COL,2005,11.0072638904585
Comoros,COM,2005,2.0
"Congo, Dem. Rep.",COD,2005,0.238000005
"Congo, Rep.",COG,2005,1.463400006
Costa Rica,CRI,2005,22.07
Cote d'Ivoire,CIV,2005,1.039199948
Croatia,HRV,2005,33.13999939
Cuba,CUB,2005,9.73806220781346
Cyprus,CYP,2005,32.81
Czechia,CZE,2005,35.27
Denmark,DNK,2005,82.74
Djibouti,DJI,2005,0.953599989
Dominica,DMA,2005,38.54359818
Dominican Republic,DOM,2005,11.4831977789344
Ecuador,ECU,2005,5.994299889
"Egypt, Arab Rep.",EGY,2005,12.75
El Salvador,SLV,2005,4.199999809
Equatorial Guinea,GNQ,2005,1.149799943
Estonia,EST,2005,61.45
Eswatini,SWZ,2005,3.697000027
Ethiopia,ETH,2005,0.219659818999505
Faroe Islands,FRO,2005,67.9026317413939
Fiji,FJI,2005,8.45363663371359
Finland,FIN,2005,74.48
France,FRA,2005,42.87
French Polynesia,PYF,2005,21.5421854743002
Gabon,GAB,2005,4.89326474972412
"Gambia, The",GMB,2005,3.799000025
Georgia,GEO,2005,6.079500198
Germany,DEU,2005,68.71
Ghana,GHA,2005,1.83119746104616
Gibraltar,GIB,2005,39.0701308849385
Greece,GRC,2005,24.0
Greenland,GRL,2005,57.7034045008656
Grenada,GRD,2005,20.4878006
Guam,GUM,2005,38.559877557558
Guatemala,GTM,2005,5.699999809
Guinea,GIN,2005,0.542299986
Guinea-Bissau,GNB,2005,1.90139997
Guyana,GUY,2005,5.699999809
Haiti,HTI,2005,6.376200199
Honduras,HND,2005,6.5
"Hong Kong SAR, China",HKG,2005,56.9
Hungary,HUN,2005,38.97
Iceland,ISL,2005,87.0
India,IND,2005,2.388099909
Indonesia,IDN,2005,3.60202476259646
"Iran, Islamic Rep.",IRN,2005,8.100000381
Iraq,IRQ,2005,0.899999976
Ireland,IRL,2005,41.61
Israel,ISR,2005,25.19400024
Italy,ITA,2005,35.0
Jamaica,JAM,2005,12.80000019
Japan,JPN,2005,66.9210661042901
Jordan,JOR,2005,12.93290043
Kazakhstan,KAZ,2005,2.961699963
Kenya,KEN,2005,3.101900101
Kiribati,KIR,2005,4.0
"Korea, Rep.",KOR,2005,73.5
Kuwait,KWT,2005,25.92609978
Kyrgyz Republic,KGZ,2005,10.53380013
Lao PDR,LAO,2005,0.850399971
Latvia,LVA,2005,46.0
Lebanon,LBN,2005,10.14000034
Lesotho,LSO,2005,2.580199957
Liberia,LBR,2005,0.551400006
Libya,LBY,2005,3.91779995
Liechtenstein,LIE,2005,63.37139893
Lithuania,LTU,2005,36.22
Luxembourg,LUX,2005,70.0
"Macao SAR, China",MAC,2005,34.86289978
Madagascar,MDG,2005,0.567700028
Malawi,MWI,2005,0.384499997
Malaysia,MYS,2005,48.6291702459839
Maldives,MDV,2005,6.86960506696215
Mali,MLI,2005,0.507099986
Malta,MLT,2005,41.24
Marshall Islands,MHL,2005,3.8787023977433
Mauritania,MRT,2005,0.670000017
Mauritius,MUS,2005,15.1722002
Mexico,MEX,2005,17.20999908
"Micronesia, Fed. Sts.",FSM,2005,11.88140011
Moldova,MDA,2005,14.6302704551796
Monaco,MCO,2005,55.46480179
Mongolia,MNG,2005,9.0
Montenegro,MNE,2005,27.10000038
Morocco,MAR,2005,15.0844445240204
Mozambique,MOZ,2005,0.854399979
Myanmar,MMR,2005,0.065200001
Namibia,NAM,2005,4.010000229
Nepal,NPL,2005,0.82655126590551
Netherlands,NLD,2005,81.0
New Caledonia,NCL,2005,32.3590147531561
New Zealand,NZL,2005,62.72019958
Nicaragua,NIC,2005,2.566400051
Niger,NER,2005,0.221300006
Nigeria,NGA,2005,3.54915571796492
North Macedonia,MKD,2005,26.45000076
Norway,NOR,2005,81.99
Oman,OMN,2005,6.683599949
Pakistan,PAK,2005,6.332300186
Panama,PAN,2005,11.48400021
Papua New Guinea,PNG,2005,1.71619047556782
Paraguay,PRY,2005,7.90700786141285
Peru,PER,2005,17.10000038
Philippines,PHL,2005,5.397600174
Poland,POL,2005,38.81
Portugal,PRT,2005,34.99
Puerto Rico (US),PRI,2005,23.4000504486583
Qatar,QAT,2005,24.73349953
Romania,ROU,2005,21.5
Russian Federation,RUS,2005,15.22669983
Rwanda,RWA,2005,0.555999994
Samoa,WSM,2005,3.35259211246829
Sao Tome and Principe,STP,2005,13.75949955
Saudi Arabia,SAU,2005,12.7050359882849
Senegal,SEN,2005,4.78668408310535
Serbia,SRB,2005,26.29999924
Seychelles,SYC,2005,25.4132681462836
Sierra Leone,SLE,2005,0.215399995
Singapore,SGP,2005,61.0
Slovak Republic,SVK,2005,55.19
Slovenia,SVN,2005,46.81
Solomon Islands,SLB,2005,0.844299972
"Somalia, Fed. Rep.",SOM,2005,1.077299953
South Africa,ZAF,2005,7.48854252992921
Spain,ESP,2005,47.88
Sri Lanka,LKA,2005,1.792000055
St. Kitts and Nevis,KNA,2005,34.0
St. Lucia,LCA,2005,21.5675829464215
St. Vincent and the Grenadines,VCT,2005,9.19827808234299
Suriname,SUR,2005,6.40308628759062
Sweden,SWE,2005,84.83
Switzerland,CHE,2005,70.1
Syrian Arab Republic,SYR,2005,5.648099899
Tajikistan,TJK,2005,0.298690023682825
Tanzania,TZA,2005,1.100000024
Thailand,THA,2005,15.0260043588909
Timor-Leste,TLS,2005,0.0990317678179026
Togo,TGO,2005,1.799999952
Tonga,TON,2005,4.907800198
Trinidad and Tobago,TTO,2005,28.97669983
Tunisia,TUN,2005,9.655099869
Turkiye,TUR,2005,15.46
Turkmenistan,TKM,2005,0.997300029
Tuvalu,TUV,2005,8.300000191
Uganda,UGA,2005,1.742200017
Ukraine,UKR,2005,3.749799967
United Arab Emirates,ARE,2005,40.0
United Kingdom,GBR,2005,70.0
United States,USA,2005,67.9681015
Uruguay,URY,2005,20.0881895579305
Uzbekistan,UZB,2005,3.34350988825952
Vanuatu,VUT,2005,5.082300186
"Venezuela, RB",VEN,2005,12.5529979098299
Viet Nam,VNM,2005,12.7399292907031
Virgin Islands (U.S.),VIR,2005,27.3443196733265
West Bank and Gaza,PSE,2005,16.00499916
"Yemen, Rep.",YEM,2005,1.048599958
Zambia,ZMB,2005,1.299999952
Zimbabwe,ZWE,2005,2.400000095
Afghanistan,AFG,2006,2.10712364546412
Albania,ALB,2006,9.609999657
Algeria,DZA,2006,7.37598495634886
Andorra,AND,2006,48.9368469989479
Angola,AGO,2006,1.5
Antigua and Barbuda,ATG,2006,30.0
Argentina,ARG,2006,20.9272021035896
Armenia,ARM,2006,5.631800175
Aruba,ABW,2006,28.0
Australia,AUS,2006,66.0
Austria,AUT,2006,63.6
Azerbaijan,AZE,2006,11.9921999
"Bahamas, The",BHS,2006,26.0
Bahrain,BHR,2006,28.24399948
Bangladesh,BGD,2006,1.0
Barbados,BRB,2006,55.29999924
Belarus,BLR,2006,16.2
Belgium,BEL,2006,61.9818700222023
Belize,BLZ,2006,24.0
Benin,BEN,2006,1.537899971
Bermuda,BMU,2006,69.8996551617012
Bhutan,BTN,2006,4.518300056
Bolivia,BOL,2006,6.20067125473576
Bosnia and Herzegovina,BIH,2006,25.1223856852117
Botswana,BWA,2006,4.28993297515968
Brazil,BRA,2006,28.17840004
Brunei Darussalam,BRN,2006,42.1863491609307
Bulgaria,BGR,2006,27.09
Burkina Faso,BFA,2006,0.632700026
Burundi,BDI,2006,0.657599986
Cabo Verde,CPV,2006,6.80891100753313
Cambodia,KHM,2006,0.468400002
Cameroon,CMR,2006,2.028700113
Canada,CAN,2006,72.40000153
Cayman Islands,CYM,2006,44.5
Central African Republic,CAF,2006,0.311199993
Chad,TCD,2006,0.581045764229641
Chile,CHL,2006,34.4977511736017
China,CHN,2006,10.5231526193851
Colombia,COL,2006,15.3416745365682
Comoros,COM,2006,2.200000048
"Congo, Dem. Rep.",COD,2006,0.296099991
"Congo, Rep.",COG,2006,2.007999897
Costa Rica,CRI,2006,25.10000038
Cote d'Ivoire,CIV,2006,1.52489996
Croatia,HRV,2006,37.97999954
Cuba,CUB,2006,11.1596013147617
Cyprus,CYP,2006,35.83
Czechia,CZE,2006,47.93
Denmark,DNK,2006,86.65
Djibouti,DJI,2006,1.269999981
Dominica,DMA,2006,39.39820099
Dominican Republic,DOM,2006,14.8449283654589
Ecuador,ECU,2006,7.199999809
"Egypt, Arab Rep.",EGY,2006,13.66
El Salvador,SLV,2006,5.5
Equatorial Guinea,GNQ,2006,1.279199958
Estonia,EST,2006,63.51
Eswatini,SWZ,2006,3.69653878906882
Ethiopia,ETH,2006,0.310592656856176
Faroe Islands,FRO,2006,69.359445124439
Fiji,FJI,2006,9.6000384001536
Finland,FIN,2006,79.66
France,FRA,2006,46.87
French Polynesia,PYF,2006,25.1079642462589
Gabon,GAB,2006,5.48920080280135
"Gambia, The",GMB,2006,5.23769115841218
Georgia,GEO,2006,7.52687684487832
Germany,DEU,2006,72.16
Ghana,GHA,2006,2.72317597313987
Gibraltar,GIB,2006,45.29864751181
Greece,GRC,2006,32.25
Greenland,GRL,2006,59.361687268664
Grenada,GRD,2006,21.39599991
Guam,GUM,2006,43.8514430048178
Guatemala,GTM,2006,6.5
Guinea,GIN,2006,0.637499988
Guinea-Bissau,GNB,2006,2.057199955
Guyana,GUY,2006,8.899999619
Haiti,HTI,2006,6.796000004
Honduras,HND,2006,7.800000191
"Hong Kong SAR, China",HKG,2006,60.8
Hungary,HUN,2006,47.06
Iceland,ISL,2006,89.51
India,IND,2006,2.80549986534254
Indonesia,IDN,2006,4.76481313366657
"Iran, Islamic Rep.",IRN,2006,8.760000229
Iraq,IRQ,2006,0.95234424383919
Ireland,IRL,2006,54.82
Israel,ISR,2006,27.8810997
Italy,ITA,2006,37.99
Jamaica,JAM,2006,16.39999962
Japan,JPN,2006,68.6852703213795
Jordan,JOR,2006,13.86709976
Kazakhstan,KAZ,2006,3.268399954
Kenya,KEN,2006,3.599999905
Kiribati,KIR,2006,4.5
"Korea, Rep.",KOR,2006,78.1
Kuwait,KWT,2006,28.79120064
Kyrgyz Republic,KGZ,2006,12.30690002
Lao PDR,LAO,2006,1.16989994
Latvia,LVA,2006,53.63
Lebanon,LBN,2006,15.0
Lesotho,LSO,2006,2.97970818724486
Liberia,LBR,2006,0.529999971
Libya,LBY,2006,4.301099777
Liechtenstein,LIE,2006,64.21420288
Lithuania,LTU,2006,43.9
Luxembourg,LUX,2006,72.51
"Macao SAR, China",MAC,2006,46.4
Madagascar,MDG,2006,0.607599974
Malawi,MWI,2006,0.425099999
Malaysia,MYS,2006,51.6379889864403
Maldives,MDV,2006,11.0363527828647
Mali,MLI,2006,0.729600012
Malta,MLT,2006,40.41
Marshall Islands,MHL,2006,3.79559021427832
Mauritania,MRT,2006,0.979700029
Mauritius,MUS,2006,16.7
Mexico,MEX,2006,19.52000046
"Micronesia, Fed. Sts.",FSM,2006,12.75030041
Moldova,MDA,2006,19.6206477051634
Monaco,MCO,2006,61.47600174
Mongolia,MNG,2006,9.0
Montenegro,MNE,2006,28.89999962
Morocco,MAR,2006,19.7711915653115
Mozambique,MOZ,2006,0.842954488044236
Myanmar,MMR,2006,0.18204833106115
Namibia,NAM,2006,4.39887064732726
Nepal,NPL,2006,1.14138916388191
Netherlands,NLD,2006,83.7
New Caledonia,NCL,2006,33.5157146807209
New Zealand,NZL,2006,69.0
Nicaragua,NIC,2006,2.8055730627337
Niger,NER,2006,0.294
Nigeria,NGA,2006,5.54503608300536
North Macedonia,MKD,2006,28.62
Norway,NOR,2006,82.55
Oman,OMN,2006,8.299699783
Pakistan,PAK,2006,6.5
Panama,PAN,2006,17.34959984
Papua New Guinea,PNG,2006,1.754487260668
Paraguay,PRY,2006,7.962100029
Peru,PER,2006,20.70000076
Philippines,PHL,2006,5.74058632534702
Poland,POL,2006,44.58
Portugal,PRT,2006,38.01
Puerto Rico (US),PRI,2006,25.4424182102582
Qatar,QAT,2006,28.97410011
Romania,ROU,2006,24.66
Russian Federation,RUS,2006,18.02330017
Samoa,WSM,2006,4.46917387320954
San Marino,SMR,2006,50.2086593635889
Sao Tome and Principe,STP,2006,14.18200016
Saudi Arabia,SAU,2006,19.4595543513634
Senegal,SEN,2006,5.61173865217952
Serbia,SRB,2006,27.2
Seychelles,SYC,2006,34.95197117065
Sierra Leone,SLE,2006,0.227699995
Singapore,SGP,2006,59.0
Slovak Republic,SVK,2006,56.08
Slovenia,SVN,2006,54.01
Solomon Islands,SLB,2006,1.646299958
"Somalia, Fed. Rep.",SOM,2006,1.100200057
South Africa,ZAF,2006,7.60713967477381
Spain,ESP,2006,50.37
Sri Lanka,LKA,2006,2.53756612897332
St. Kitts and Nevis,KNA,2006,38.5
St. Lucia,LCA,2006,24.5
St. Vincent and the Grenadines,VCT,2006,12.0
Suriname,SUR,2006,9.49960041
Sweden,SWE,2006,87.76
Switzerland,CHE,2006,75.7
Syrian Arab Republic,SYR,2006,7.832600117
Tajikistan,TJK,2006,3.77240620666448
Tanzania,TZA,2006,1.299999952
Thailand,THA,2006,17.1607147169285
Timor-Leste,TLS,2006,0.5
Togo,TGO,2006,2.0
Tonga,TON,2006,5.853899956
Trinidad and Tobago,TTO,2006,30.00370026
Tunisia,TUN,2006,12.98639965
Turkiye,TUR,2006,18.24
Turkmenistan,TKM,2006,1.3195731180963
Tuvalu,TUV,2006,9.100000381
Uganda,UGA,2006,2.52940011
Ukraine,UKR,2006,4.50612456357379
United Arab Emirates,ARE,2006,52.0
United Kingdom,GBR,2006,68.82
United States,USA,2006,68.93119812
Uruguay,URY,2006,29.39999962
Uzbekistan,UZB,2006,6.38832196706805
Vanuatu,VUT,2006,5.850599766
"Venezuela, RB",VEN,2006,15.2247114771787
Viet Nam,VNM,2006,17.2545617186662
Virgin Islands (U.S.),VIR,2006,27.3326105376325
West Bank and Gaza,PSE,2006,18.41
"Yemen, Rep.",YEM,2006,1.24782404904485
Zambia,ZMB,2006,1.600000024
Zimbabwe,ZWE,2006,2.400000095
Afghanistan,AFG,2007,1.899999976
Albania,ALB,2007,15.03610039
Algeria,DZA,2007,9.45119062555304
Andorra,AND,2007,70.87
Angola,AGO,2007,1.700000048
Antigua and Barbuda,ATG,2007,34.0
Argentina,ARG,2007,25.9466329403819
Armenia,ARM,2007,6.021299839
Aruba,ABW,2007,30.9
Australia,AUS,2007,69.45
Austria,AUT,2007,69.37
Azerbaijan,AZE,2007,14.53999996
"Bahamas, The",BHS,2007,27.0
Bahrain,BHR,2007,32.91
Bangladesh,BGD,2007,1.799999952
Barbados,BRB,2007,58.20000076
Belarus,BLR,2007,19.7
Belgium,BEL,2007,66.7604202433135
Belize,BLZ,2007,24.60000038
Benin,BEN,2007,1.79
Bermuda,BMU,2007,74.3505940302669
Bhutan,BTN,2007,5.92
Bolivia,BOL,2007,10.49919987
Bosnia and Herzegovina,BIH,2007,27.92
Botswana,BWA,2007,5.28
Brazil,BRA,2007,30.87999916
Brunei Darussalam,BRN,2007,44.68
Bulgaria,BGR,2007,33.64
Burkina Faso,BFA,2007,0.75
Burundi,BDI,2007,0.7
Cabo Verde,CPV,2007,8.28321981953034
Cambodia,KHM,2007,0.49
Cameroon,CMR,2007,2.93
Canada,CAN,2007,73.2
Cayman Islands,CYM,2007,52.0
Central African Republic,CAF,2007,0.375815961044797
Chad,TCD,2007,0.847224520710968
Chile,CHL,2007,35.90000153
China,CHN,2007,16.0
Colombia,COL,2007,21.79999924
Comoros,COM,2007,2.5
"Congo, Dem. Rep.",COD,2007,0.370000005
"Congo, Rep.",COG,2007,2.75970437370903
Costa Rica,CRI,2007,28.39999962
Cote d'Ivoire,CIV,2007,1.799999952
Croatia,HRV,2007,41.44
Cuba,CUB,2007,11.69
Cyprus,CYP,2007,40.77
Czechia,CZE,2007,51.93
Denmark,DNK,2007,85.03
Djibouti,DJI,2007,1.62
Dominica,DMA,2007,40.2745018
Dominican Republic,DOM,2007,17.66
Ecuador,ECU,2007,10.80000019
"Egypt, Arab Rep.",EGY,2007,16.03
El Salvador,SLV,2007,6.11
Equatorial Guinea,GNQ,2007,1.557100058
Eritrea,ERI,2007,0.409999996
Estonia,EST,2007,66.19
Eswatini,SWZ,2007,4.1
Ethiopia,ETH,2007,0.37
Faroe Islands,FRO,2007,75.98
Fiji,FJI,2007,10.89780045
Finland,FIN,2007,80.78
France,FRA,2007,66.09
French Polynesia,PYF,2007,28.59
Gabon,GAB,2007,5.767000198
"Gambia, The",GMB,2007,6.20503741852418
Georgia,GEO,2007,8.26
Germany,DEU,2007,75.16
Ghana,GHA,2007,3.85
Gibraltar,GIB,2007,51.61
Greece,GRC,2007,35.88
Greenland,GRL,2007,61.07
Grenada,GRD,2007,22.29
Guam,GUM,2007,46.1504736192355
Guatemala,GTM,2007,7.300000191
Guinea,GIN,2007,0.780025279059244
Guinea-Bissau,GNB,2007,2.20630002
Guyana,GUY,2007,13.80000019
Haiti,HTI,2007,7.199999809
Honduras,HND,2007,9.399999619
"Hong Kong SAR, China",HKG,2007,64.8
Hungary,HUN,2007,53.3
Iceland,ISL,2007,90.6
India,IND,2007,3.95
Indonesia,IDN,2007,5.78627472934199
"Iran, Islamic Rep.",IRN,2007,9.470000267
Iraq,IRQ,2007,0.93
Ireland,IRL,2007,61.158324551
Israel,ISR,2007,48.1280621948445
Italy,ITA,2007,40.79
Jamaica,JAM,2007,21.10000038
Japan,JPN,2007,74.3
Jordan,JOR,2007,20.0
Kazakhstan,KAZ,2007,4.02
Kenya,KEN,2007,4.400000095
Kiribati,KIR,2007,6.0
"Korea, Rep.",KOR,2007,78.8
Kuwait,KWT,2007,34.79999924
Kyrgyz Republic,KGZ,2007,14.03
Lao PDR,LAO,2007,1.64
Latvia,LVA,2007,59.17
Lebanon,LBN,2007,18.74
Lesotho,LSO,2007,3.44543125970873
Liberia,LBR,2007,0.551400006
Libya,LBY,2007,4.72199937850513
Liechtenstein,LIE,2007,65.0802002
Lithuania,LTU,2007,49.9
Luxembourg,LUX,2007,78.92
"Macao SAR, China",MAC,2007,47.32699966
Madagascar,MDG,2007,0.649999976
Malawi,MWI,2007,0.965864736553132
Malaysia,MYS,2007,55.7
Maldives,MDV,2007,16.3
Mali,MLI,2007,0.81
Malta,MLT,2007,46.9
Marshall Islands,MHL,2007,3.950000048
Mauritania,MRT,2007,1.433599949
Mauritius,MUS,2007,20.22
Mexico,MEX,2007,20.81
"Micronesia, Fed. Sts.",FSM,2007,13.62110043
Moldova,MDA,2007,20.45
Monaco,MCO,2007,64.37770081
Mongolia,MNG,2007,9.0
Montenegro,MNE,2007,30.79999924
Morocco,MAR,2007,21.5
Mozambique,MOZ,2007,0.91
Myanmar,MMR,2007,0.217128445069958
Namibia,NAM,2007,4.83561077833704
Nepal,NPL,2007,1.41
Netherlands,NLD,2007,85.82
New Caledonia,NCL,2007,35.05
New Zealand,NZL,2007,69.76000214
Nicaragua,NIC,2007,3.900000095
Niger,NER,2007,0.390399992
Nigeria,NGA,2007,6.769999981
North Macedonia,MKD,2007,36.29999924
Norway,NOR,2007,86.93
Oman,OMN,2007,16.68
Pakistan,PAK,2007,6.800000191
Panama,PAN,2007,22.29
Papua New Guinea,PNG,2007,1.790599942
Paraguay,PRY,2007,11.21
Peru,PER,2007,25.20000076
Philippines,PHL,2007,5.97
Poland,POL,2007,48.6
Portugal,PRT,2007,42.09
Puerto Rico (US),PRI,2007,27.86
Qatar,QAT,2007,37.0
Romania,ROU,2007,28.3
Russian Federation,RUS,2007,24.66
Rwanda,RWA,2007,2.115400076
Samoa,WSM,2007,4.75
San Marino,SMR,2007,50.3648221088655
Sao Tome and Principe,STP,2007,14.5904831987414
Saudi Arabia,SAU,2007,30.0
Senegal,SEN,2007,6.889999866
Serbia,SRB,2007,33.15
Seychelles,SYC,2007,38.38
Sierra Leone,SLE,2007,0.239800006
Singapore,SGP,2007,69.9
Slovak Republic,SVK,2007,61.8
Slovenia,SVN,2007,56.74
Solomon Islands,SLB,2007,2.0
"Somalia, Fed. Rep.",SOM,2007,1.122200012
South Africa,ZAF,2007,8.06537517355504
Spain,ESP,2007,55.11
Sri Lanka,LKA,2007,3.88
St. Kitts and Nevis,KNA,2007,43.5
St. Lucia,LCA,2007,27.89999962
St. Vincent and the Grenadines,VCT,2007,16.0
Sudan,SDN,2007,8.66
Suriname,SUR,2007,14.11
Sweden,SWE,2007,82.01
Switzerland,CHE,2007,77.2
Syrian Arab Republic,SYR,2007,11.5
Tajikistan,TJK,2007,7.19761951797855
Tanzania,TZA,2007,1.6
Thailand,THA,2007,20.03
Timor-Leste,TLS,2007,1.0
Togo,TGO,2007,2.200000048
Tonga,TON,2007,7.179900169
Trinidad and Tobago,TTO,2007,32.3
Tunisia,TUN,2007,17.1
Turkiye,TUR,2007,28.63
Turkmenistan,TKM,2007,1.40636068812023
Tuvalu,TUV,2007,10.0
Uganda,UGA,2007,3.67196535074744
Ukraine,UKR,2007,6.55
United Arab Emirates,ARE,2007,61.0
United Kingdom,GBR,2007,75.09
United States,USA,2007,75.0
Uruguay,URY,2007,34.0
Uzbekistan,UZB,2007,7.49060468138629
Vanuatu,VUT,2007,6.800000191
"Venezuela, RB",VEN,2007,20.83
Viet Nam,VNM,2007,20.7554447679753
Virgin Islands (U.S.),VIR,2007,27.3393358364014
West Bank and Gaza,PSE,2007,21.1760006
"Yemen, Rep.",YEM,2007,5.01
Zambia,ZMB,2007,1.899999976
Zimbabwe,ZWE,2007,3.0
Afghanistan,AFG,2008,1.84
Albania,ALB,2008,23.86
Algeria,DZA,2008,10.18
Andorra,AND,2008,70.04
Angola,AGO,2008,1.899999976
Antigua and Barbuda,ATG,2008,38.0
Argentina,ARG,2008,28.1126234799907
Armenia,ARM,2008,6.21
Aruba,ABW,2008,52.0
Australia,AUS,2008,71.67
Austria,AUT,2008,72.87
Azerbaijan,AZE,2008,17.08
"Bahamas, The",BHS,2008,31.54
Bahrain,BHR,2008,51.95
Bangladesh,BGD,2008,2.5
Barbados,BRB,2008,61.40000153
Belarus,BLR,2008,23.0
Belgium,BEL,2008,68.8573221425131
Belize,BLZ,2008,26.29999924
Benin,BEN,2008,1.85
Bermuda,BMU,2008,82.3
Bhutan,BTN,2008,6.55
Bolivia,BOL,2008,12.5
Bosnia and Herzegovina,BIH,2008,34.66
Botswana,BWA,2008,6.25
Brazil,BRA,2008,33.83
Brunei Darussalam,BRN,2008,46.0
Bulgaria,BGR,2008,39.67
Burkina Faso,BFA,2008,0.920000017
Burundi,BDI,2008,0.81
Cabo Verde,CPV,2008,14.0
Cambodia,KHM,2008,0.51
Cameroon,CMR,2008,3.400000095
Canada,CAN,2008,76.69999695
Cayman Islands,CYM,2008,61.0
Central African Republic,CAF,2008,1.0
Chad,TCD,2008,1.19
Chile,CHL,2008,37.29999924
China,CHN,2008,22.6
Colombia,COL,2008,25.6
Comoros,COM,2008,3.0
"Congo, Dem. Rep.",COD,2008,0.439999998
"Congo, Rep.",COG,2008,4.28750990276481
Costa Rica,CRI,2008,32.29
Cote d'Ivoire,CIV,2008,1.899999976
Croatia,HRV,2008,44.24
Cuba,CUB,2008,12.94
Cyprus,CYP,2008,42.31
Czechia,CZE,2008,62.97
Denmark,DNK,2008,85.02
Djibouti,DJI,2008,2.26
Dominica,DMA,2008,41.15999985
Dominican Republic,DOM,2008,20.82
Ecuador,ECU,2008,18.8
"Egypt, Arab Rep.",EGY,2008,18.01
El Salvador,SLV,2008,10.08
Equatorial Guinea,GNQ,2008,1.820000052
Eritrea,ERI,2008,0.469999999
Estonia,EST,2008,70.58
Eswatini,SWZ,2008,6.85
Ethiopia,ETH,2008,0.449999988
Faroe Islands,FRO,2008,75.57
Fiji,FJI,2008,13.0
Finland,FIN,2008,83.67
France,FRA,2008,70.68
French Polynesia,PYF,2008,33.87
Gabon,GAB,2008,7.5
"Gambia, The",GMB,2008,6.880000114
Georgia,GEO,2008,10.01000023
Germany,DEU,2008,78.0
Ghana,GHA,2008,4.27
Gibraltar,GIB,2008,58.0
Greece,GRC,2008,38.2
Greenland,GRL,2008,62.82
Grenada,GRD,2008,23.18000031
Guam,GUM,2008,48.4187021509296
Guatemala,GTM,2008,8.300000191
Guinea,GIN,2008,0.92
Guinea-Bissau,GNB,2008,2.35488871087933
Guyana,GUY,2008,18.2
Haiti,HTI,2008,7.599999905
Honduras,HND,2008,9.6
"Hong Kong SAR, China",HKG,2008,66.7
Hungary,HUN,2008,61.0
Iceland,ISL,2008,91.0
India,IND,2008,4.38
Indonesia,IDN,2008,7.917500019
"Iran, Islamic Rep.",IRN,2008,12.02
Iraq,IRQ,2008,1.0
Ireland,IRL,2008,65.34
Israel,ISR,2008,59.39
Italy,ITA,2008,44.53
Jamaica,JAM,2008,23.6
Japan,JPN,2008,75.4
Jordan,JOR,2008,23.0
Kazakhstan,KAZ,2008,11.0
Kenya,KEN,2008,5.199999809
Kiribati,KIR,2008,7.0
"Korea, Rep.",KOR,2008,81.0
Kuwait,KWT,2008,42.0
Kyrgyz Republic,KGZ,2008,15.69999981
Lao PDR,LAO,2008,3.55
Latvia,LVA,2008,63.41
Lebanon,LBN,2008,22.53
Lesotho,LSO,2008,3.58
Liberia,LBR,2008,0.529999971
Libya,LBY,2008,9.0
Liechtenstein,LIE,2008,70.0
Lithuania,LTU,2008,55.22
Luxembourg,LUX,2008,82.23
"Macao SAR, China",MAC,2008,49.24
Madagascar,MDG,2008,1.649999976
Malawi,MWI,2008,0.7
Malaysia,MYS,2008,55.8
Maldives,MDV,2008,23.2
Mali,MLI,2008,1.57
Malta,MLT,2008,50.08
Marshall Islands,MHL,2008,4.599999905
Mauritania,MRT,2008,1.870000005
Mauritius,MUS,2008,21.81
Mexico,MEX,2008,21.71
"Micronesia, Fed. Sts.",FSM,2008,14.49
Moldova,MDA,2008,23.39
Monaco,MCO,2008,67.25
Mongolia,MNG,2008,9.800000191
Montenegro,MNE,2008,32.90000153
Morocco,MAR,2008,33.1
Mozambique,MOZ,2008,1.56
Myanmar,MMR,2008,0.22
Namibia,NAM,2008,5.32900377208954
Nepal,NPL,2008,1.73
Netherlands,NLD,2008,87.42
New Caledonia,NCL,2008,34.51
New Zealand,NZL,2008,72.02999878
Nicaragua,NIC,2008,5.300000191
Niger,NER,2008,0.7
Nigeria,NGA,2008,8.0
North Macedonia,MKD,2008,46.04
Norway,NOR,2008,90.57
Oman,OMN,2008,20.0
Pakistan,PAK,2008,7.0
Panama,PAN,2008,33.82
Papua New Guinea,PNG,2008,1.15
Paraguay,PRY,2008,14.27
Peru,PER,2008,30.57
Philippines,PHL,2008,6.22
Poland,POL,2008,53.13
Portugal,PRT,2008,44.13
Puerto Rico (US),PRI,2008,38.0
Qatar,QAT,2008,44.29999924
Romania,ROU,2008,32.42
Russian Federation,RUS,2008,32.0
Rwanda,RWA,2008,4.5
Samoa,WSM,2008,5.031599998
San Marino,SMR,2008,54.52
Sao Tome and Principe,STP,2008,15.47999954
Saudi Arabia,SAU,2008,36.0
Senegal,SEN,2008,7.119999886
Serbia,SRB,2008,35.6
Seychelles,SYC,2008,40.44
Sierra Leone,SLE,2008,0.25
Singapore,SGP,2008,69.0
Slovak Republic,SVK,2008,66.05
Slovenia,SVN,2008,58.0
Solomon Islands,SLB,2008,3.0
"Somalia, Fed. Rep.",SOM,2008,1.142699957
South Africa,ZAF,2008,8.43
Spain,ESP,2008,59.6
Sri Lanka,LKA,2008,4.824500084
St. Kitts and Nevis,KNA,2008,49.20000076
St. Lucia,LCA,2008,30.0
St. Vincent and the Grenadines,VCT,2008,21.0
Suriname,SUR,2008,21.05999947
Sweden,SWE,2008,90.0
Switzerland,CHE,2008,79.2
Syrian Arab Republic,SYR,2008,14.0
Tajikistan,TJK,2008,8.78
Tanzania,TZA,2008,1.899999976
Thailand,THA,2008,18.2
Timor-Leste,TLS,2008,1.5
Togo,TGO,2008,2.400000095
Tonga,TON,2008,8.11076994380395
Trinidad and Tobago,TTO,2008,34.8
Tunisia,TUN,2008,27.53
Turkiye,TUR,2008,34.37
Turkmenistan,TKM,2008,1.75
Tuvalu,TUV,2008,11.19999981
Uganda,UGA,2008,3.880000114
Ukraine,UKR,2008,11.0
United Arab Emirates,ARE,2008,63.0
United Kingdom,GBR,2008,78.39
United States,USA,2008,74.0
Uruguay,URY,2008,39.3
Uzbekistan,UZB,2008,9.0801145234501
Vanuatu,VUT,2008,7.26911992337492
"Venezuela, RB",VEN,2008,25.88
Viet Nam,VNM,2008,23.92
Virgin Islands (U.S.),VIR,2008,27.3617774210613
West Bank and Gaza,PSE,2008,24.3579998
"Yemen, Rep.",YEM,2008,6.89
Zambia,ZMB,2008,2.200000048
Zimbabwe,ZWE,2008,3.5
Afghanistan,AFG,2009,3.55
Albania,ALB,2009,41.2
Algeria,DZA,2009,11.23
Andorra,AND,2009,78.53
Angola,AGO,2009,2.299999952
Antigua and Barbuda,ATG,2009,42.0
Argentina,ARG,2009,34.0
Armenia,ARM,2009,15.30000019
Aruba,ABW,2009,58.0
Australia,AUS,2009,74.25
Austria,AUT,2009,73.45
Azerbaijan,AZE,2009,27.4
"Bahamas, The",BHS,2009,33.88
Bahrain,BHR,2009,53.0
Bangladesh,BGD,2009,3.099999905
Barbados,BRB,2009,64.69999695
Belarus,BLR,2009,27.43
Belgium,BEL,2009,74.5441455527336
Belize,BLZ,2009,27.20000076
Benin,BEN,2009,2.24
Bermuda,BMU,2009,83.25
Bhutan,BTN,2009,7.17
Bolivia,BOL,2009,16.79999924
Bosnia and Herzegovina,BIH,2009,37.74
Botswana,BWA,2009,6.150000095
Brazil,BRA,2009,39.22
British Virgin Islands,VGB,2009,36.0
Brunei Darussalam,BRN,2009,49.0
Bulgaria,BGR,2009,45.0
Burkina Faso,BFA,2009,1.129999995
Burundi,BDI,2009,0.899999976
Cabo Verde,CPV,2009,21.0
Cambodia,KHM,2009,0.53
Cameroon,CMR,2009,3.84
Canada,CAN,2009,80.3
Cayman Islands,CYM,2009,64.5
Central African Republic,CAF,2009,1.799999952
Chad,TCD,2009,1.5
Chile,CHL,2009,41.56
China,CHN,2009,28.9
Colombia,COL,2009,30.0
Comoros,COM,2009,3.5
"Congo, Dem. Rep.",COD,2009,0.560000002
"Congo, Rep.",COG,2009,4.5
Costa Rica,CRI,2009,34.33
Cote d'Ivoire,CIV,2009,2.0
Croatia,HRV,2009,50.58
Cuba,CUB,2009,14.33
Cyprus,CYP,2009,49.81
Czechia,CZE,2009,64.43
Denmark,DNK,2009,86.84
Djibouti,DJI,2009,4.0
Dominica,DMA,2009,42.02000046
Dominican Republic,DOM,2009,27.72
Ecuador,ECU,2009,24.6
"Egypt, Arab Rep.",EGY,2009,20.0
El Salvador,SLV,2009,12.11
Equatorial Guinea,GNQ,2009,2.130000114
Eritrea,ERI,2009,0.540000021
Estonia,EST,2009,72.5
Eswatini,SWZ,2009,8.94
Ethiopia,ETH,2009,0.540000021
Faroe Islands,FRO,2009,75.18
Fiji,FJI,2009,17.0
Finland,FIN,2009,82.49
France,FRA,2009,71.58
French Polynesia,PYF,2009,44.6
Gabon,GAB,2009,9.5
"Gambia, The",GMB,2009,7.630000114
Georgia,GEO,2009,20.06999969
Germany,DEU,2009,79.0
Ghana,GHA,2009,5.44
Gibraltar,GIB,2009,65.07
Greece,GRC,2009,42.4
Greenland,GRL,2009,62.83
Grenada,GRD,2009,24.04999924
Guam,GUM,2009,50.6420283820435
Guatemala,GTM,2009,9.300000191
Guinea,GIN,2009,0.94
Guinea-Bissau,GNB,2009,2.30328059172582
Guyana,GUY,2009,23.9
Haiti,HTI,2009,8.100000381
Honduras,HND,2009,9.800000191
"Hong Kong SAR, China",HKG,2009,69.4
Hungary,HUN,2009,62.0
Iceland,ISL,2009,93.0
India,IND,2009,5.12
Indonesia,IDN,2009,6.92
"Iran, Islamic Rep.",IRN,2009,13.80000019
Iraq,IRQ,2009,1.06
Ireland,IRL,2009,67.38
Israel,ISR,2009,63.12
Italy,ITA,2009,48.83
Jamaica,JAM,2009,24.3
Japan,JPN,2009,78.0
Jordan,JOR,2009,26.0
Kazakhstan,KAZ,2009,18.2
Kenya,KEN,2009,6.1
Kiribati,KIR,2009,8.97
"Korea, Rep.",KOR,2009,81.6
Kuwait,KWT,2009,50.79999924
Kyrgyz Republic,KGZ,2009,16.0
Lao PDR,LAO,2009,6.0
Latvia,LVA,2009,66.84
Lebanon,LBN,2009,30.13999939
Lesotho,LSO,2009,3.72
Liberia,LBR,2009,2.0
Libya,LBY,2009,10.80000019
Liechtenstein,LIE,2009,75.0
Lithuania,LTU,2009,59.76
Luxembourg,LUX,2009,87.31
"Macao SAR, China",MAC,2009,54.0
Madagascar,MDG,2009,1.629999995
Malawi,MWI,2009,1.07
Malaysia,MYS,2009,55.9
Maldives,MDV,2009,24.8
Mali,MLI,2009,1.799999952
Malta,MLT,2009,58.86
Marshall Islands,MHL,2009,5.599999905
Mauritania,MRT,2009,2.279999971
Mauritius,MUS,2009,22.51
Mexico,MEX,2009,26.34
"Micronesia, Fed. Sts.",FSM,2009,15.35
Moldova,MDA,2009,27.5
Monaco,MCO,2009,70.1
Mongolia,MNG,2009,10.0
Montenegro,MNE,2009,35.09999847
Morocco,MAR,2009,41.3
Mozambique,MOZ,2009,2.68
Myanmar,MMR,2009,0.219999999
Namibia,NAM,2009,6.5
Nepal,NPL,2009,1.97
Netherlands,NLD,2009,89.63
New Caledonia,NCL,2009,33.99
New Zealand,NZL,2009,79.7
Nicaragua,NIC,2009,7.300000191
Niger,NER,2009,0.76
Nigeria,NGA,2009,9.300000191
North Macedonia,MKD,2009,51.77
Norway,NOR,2009,92.08
Oman,OMN,2009,26.79999924
Pakistan,PAK,2009,7.5
Panama,PAN,2009,39.08
Papua New Guinea,PNG,2009,1.61
Paraguay,PRY,2009,18.9
Peru,PER,2009,31.4
Philippines,PHL,2009,9.0
Poland,POL,2009,58.97
Portugal,PRT,2009,48.27
Puerto Rico (US),PRI,2009,41.5
Qatar,QAT,2009,53.09999847
Romania,ROU,2009,36.6
Russian Federation,RUS,2009,42.55
Rwanda,RWA,2009,7.7
Samoa,WSM,2009,6.0
San Marino,SMR,2009,54.21
Sao Tome and Principe,STP,2009,16.40999985
Saudi Arabia,SAU,2009,38.0
Senegal,SEN,2009,7.5
Serbia,SRB,2009,38.1
Sierra Leone,SLE,2009,0.25999999
Singapore,SGP,2009,69.0
Slovak Republic,SVK,2009,70.0
Slovenia,SVN,2009,64.0
Solomon Islands,SLB,2009,4.0
"Somalia, Fed. Rep.",SOM,2009,1.160599947
South Africa,ZAF,2009,10.0
Spain,ESP,2009,62.4
Sri Lanka,LKA,2009,5.868500233
St. Kitts and Nevis,KNA,2009,55.70000076
St. Lucia,LCA,2009,31.0
St. Vincent and the Grenadines,VCT,2009,31.0
Suriname,SUR,2009,31.36
Sweden,SWE,2009,91.0
Switzerland,CHE,2009,81.3
Syrian Arab Republic,SYR,2009,17.3
Tajikistan,TJK,2009,10.07
Tanzania,TZA,2009,2.400000095
Thailand,THA,2009,20.1
Timor-Leste,TLS,2009,2.0
Togo,TGO,2009,2.599999905
Tonga,TON,2009,10.0
Trinidad and Tobago,TTO,2009,44.3
Tunisia,TUN,2009,34.07
Turkiye,TUR,2009,36.4
Turkmenistan,TKM,2009,1.950000048
Tuvalu,TUV,2009,12.80000019
Uganda,UGA,2009,4.099999905
Ukraine,UKR,2009,17.9
United Arab Emirates,ARE,2009,64.0
United Kingdom,GBR,2009,83.56
United States,USA,2009,71.0
Uruguay,URY,2009,41.8
Uzbekistan,UZB,2009,11.9
Vanuatu,VUT,2009,7.5
"Venezuela, RB",VEN,2009,32.7
Viet Nam,VNM,2009,26.55
Virgin Islands (U.S.),VIR,2009,27.3965096846662
West Bank and Gaza,PSE,2009,32.23
"Yemen, Rep.",YEM,2009,9.96
Zambia,ZMB,2009,2.5
Zimbabwe,ZWE,2009,4.0
Afghanistan,AFG,2010,4.0
Albania,ALB,2010,45.0
Algeria,DZA,2010,12.5
Andorra,AND,2010,81.0
Angola,AGO,2010,2.799999952
Antigua and Barbuda,ATG,2010,47.0
Argentina,ARG,2010,45.0
Armenia,ARM,2010,25.0
Aruba,ABW,2010,62.0
Australia,AUS,2010,76.0
Austria,AUT,2010,75.17
Azerbaijan,AZE,2010,46.0
"Bahamas, The",BHS,2010,43.0
Bahrain,BHR,2010,55.0
Bangladesh,BGD,2010,3.700000048
Barbados,BRB,2010,65.09999847
Belarus,BLR,2010,31.8
Belgium,BEL,2010,77.6397855126946
Belize,BLZ,2010,28.2
Benin,BEN,2010,3.13
Bermuda,BMU,2010,84.21
Bhutan,BTN,2010,13.6
Bolivia,BOL,2010,22.39999962
Bosnia and Herzegovina,BIH,2010,42.75
Botswana,BWA,2010,6.0
Brazil,BRA,2010,40.65
British Virgin Islands,VGB,2010,37.0
Brunei Darussalam,BRN,2010,53.0
Bulgaria,BGR,2010,46.23
Burkina Faso,BFA,2010,2.400000095
Burundi,BDI,2010,1.0
Cabo Verde,CPV,2010,30.0
Cambodia,KHM,2010,1.26
Cameroon,CMR,2010,4.300000191
Canada,CAN,2010,80.3
Cayman Islands,CYM,2010,66.0
Central African Republic,CAF,2010,2.0
Chad,TCD,2010,1.700000048
Chile,CHL,2010,45.0
China,CHN,2010,34.3
Colombia,COL,2010,36.5
Comoros,COM,2010,5.099999905
"Congo, Dem. Rep.",COD,2010,0.72
"Congo, Rep.",COG,2010,5.0
Costa Rica,CRI,2010,36.5
Cote d'Ivoire,CIV,2010,2.700000048
Croatia,HRV,2010,56.55
Cuba,CUB,2010,15.9
Cyprus,CYP,2010,52.99
Czechia,CZE,2010,68.82
Denmark,DNK,2010,88.72
Djibouti,DJI,2010,6.5
Dominica,DMA,2010,47.45
Dominican Republic,DOM,2010,31.39999962
Ecuador,ECU,2010,29.03
"Egypt, Arab Rep.",EGY,2010,21.6
El Salvador,SLV,2010,15.9
Equatorial Guinea,GNQ,2010,6.0
Eritrea,ERI,2010,0.610000014
Estonia,EST,2010,74.1
Eswatini,SWZ,2010,11.04
Ethiopia,ETH,2010,0.75
Faroe Islands,FRO,2010,75.2
Fiji,FJI,2010,20.0
Finland,FIN,2010,86.89
France,FRA,2010,77.28
French Polynesia,PYF,2010,49.0
Gabon,GAB,2010,13.0
"Gambia, The",GMB,2010,9.2
Georgia,GEO,2010,26.9
Germany,DEU,2010,82.0
Ghana,GHA,2010,7.8
Gibraltar,GIB,2010,65.0
Greece,GRC,2010,44.4
Greenland,GRL,2010,63.0
Grenada,GRD,2010,27.0
Guam,GUM,2010,54.04
Guatemala,GTM,2010,10.5
Guinea,GIN,2010,1.0
Guinea-Bissau,GNB,2010,2.450000048
Guyana,GUY,2010,29.9
Haiti,HTI,2010,8.369999886
Honduras,HND,2010,11.09
"Hong Kong SAR, China",HKG,2010,72.0
Hungary,HUN,2010,65.0
Iceland,ISL,2010,93.39
India,IND,2010,7.5
Indonesia,IDN,2010,10.92
"Iran, Islamic Rep.",IRN,2010,15.9
Iraq,IRQ,2010,2.5
Ireland,IRL,2010,69.85
Israel,ISR,2010,67.5
Italy,ITA,2010,53.68
Jamaica,JAM,2010,27.67
Japan,JPN,2010,78.21
Jordan,JOR,2010,27.2
Kazakhstan,KAZ,2010,31.6
Kenya,KEN,2010,7.2
Kiribati,KIR,2010,9.07
"Korea, Rep.",KOR,2010,83.7
Kuwait,KWT,2010,61.40000153
Kyrgyz Republic,KGZ,2010,16.29999924
Lao PDR,LAO,2010,7.0
Latvia,LVA,2010,68.42
Lebanon,LBN,2010,43.68000031
Lesotho,LSO,2010,3.859999895
Liberia,LBR,2010,2.3
Libya,LBY,2010,14.0
Liechtenstein,LIE,2010,80.0
Lithuania,LTU,2010,62.12
Luxembourg,LUX,2010,90.62
"Macao SAR, China",MAC,2010,55.198
Madagascar,MDG,2010,1.700000048
Malawi,MWI,2010,2.26
Malaysia,MYS,2010,56.3
Maldives,MDV,2010,26.53
Mali,MLI,2010,2.0
Malta,MLT,2010,63.0
Marshall Islands,MHL,2010,7.0
Mauritania,MRT,2010,4.0
Mauritius,MUS,2010,28.33
Mexico,MEX,2010,31.05
"Micronesia, Fed. Sts.",FSM,2010,20.0
Moldova,MDA,2010,29.68000031
Monaco,MCO,2010,75.0
Mongolia,MNG,2010,10.2
Montenegro,MNE,2010,37.5
Morocco,MAR,2010,52.0
Mozambique,MOZ,2010,4.17
Myanmar,MMR,2010,0.25
Namibia,NAM,2010,11.6
Nepal,NPL,2010,7.93
Netherlands,NLD,2010,90.72
New Caledonia,NCL,2010,42.0
New Zealand,NZL,2010,80.45999908
Nicaragua,NIC,2010,10.0
Niger,NER,2010,0.829999983
Nigeria,NGA,2010,11.5
North Macedonia,MKD,2010,51.9
Norway,NOR,2010,93.39
Oman,OMN,2010,35.8278
Pakistan,PAK,2010,8.0
Panama,PAN,2010,40.1
Papua New Guinea,PNG,2010,1.28
Paraguay,PRY,2010,19.8
Peru,PER,2010,34.77
Philippines,PHL,2010,25.0
Poland,POL,2010,62.32
Portugal,PRT,2010,53.3
Puerto Rico (US),PRI,2010,45.3
Qatar,QAT,2010,69.0
Romania,ROU,2010,39.93
Russian Federation,RUS,2010,49.0
Rwanda,RWA,2010,8.0
Samoa,WSM,2010,7.0
Sao Tome and Principe,STP,2010,18.75
Saudi Arabia,SAU,2010,41.0
Senegal,SEN,2010,8.0
Serbia,SRB,2010,40.9
Seychelles,SYC,2010,41.0
Sierra Leone,SLE,2010,0.579999983
Singapore,SGP,2010,71.0
Slovak Republic,SVK,2010,75.71
Slovenia,SVN,2010,70.0
Solomon Islands,SLB,2010,5.0
South Africa,ZAF,2010,24.0
Spain,ESP,2010,65.8
Sri Lanka,LKA,2010,6.912399769
St. Kitts and Nevis,KNA,2010,63.0
St. Lucia,LCA,2010,32.5
St. Vincent and the Grenadines,VCT,2010,33.70000076
Suriname,SUR,2010,31.59
Sweden,SWE,2010,90.0
Switzerland,CHE,2010,83.9
Syrian Arab Republic,SYR,2010,20.7
Tajikistan,TJK,2010,11.55000019
Tanzania,TZA,2010,2.900000095
Thailand,THA,2010,22.4
Timor-Leste,TLS,2010,3.0
Togo,TGO,2010,3.0
Tonga,TON,2010,16.0
Trinidad and Tobago,TTO,2010,48.5
Tunisia,TUN,2010,36.8
Turkiye,TUR,2010,39.82
Turkmenistan,TKM,2010,3.0
Tuvalu,TUV,2010,14.60000038
Uganda,UGA,2010,4.300000191
Ukraine,UKR,2010,23.3
United Arab Emirates,ARE,2010,68.0
United Kingdom,GBR,2010,85.0
United States,USA,2010,71.69
Uruguay,URY,2010,46.4
Uzbekistan,UZB,2010,15.89999962
Vanuatu,VUT,2010,8.0
"Venezuela, RB",VEN,2010,37.37
Viet Nam,VNM,2010,30.65
Virgin Islands (U.S.),VIR,2010,31.22
West Bank and Gaza,PSE,2010,37.40000153
"Yemen, Rep.",YEM,2010,12.35
Zambia,ZMB,2010,3.0
Zimbabwe,ZWE,2010,6.400000095
Afghanistan,AFG,2011,5.0
Albania,ALB,2011,47.0
Algeria,DZA,2011,14.89999962
Andorra,AND,2011,81.0
Angola,AGO,2011,4.699999809
Antigua and Barbuda,ATG,2011,52.0
Argentina,ARG,2011,51.0
Armenia,ARM,2011,32.0
Aruba,ABW,2011,69.0
Australia,AUS,2011,79.4876977139029
Austria,AUT,2011,78.7399930986888
Azerbaijan,AZE,2011,50.0
"Bahamas, The",BHS,2011,65.0
Bahrain,BHR,2011,76.9999665032303
Bangladesh,BGD,2011,4.5
Barbados,BRB,2011,66.5
Belarus,BLR,2011,39.6488956598961
Belgium,BEL,2011,81.6099959955952
Belize,BLZ,2011,30.70000076
Benin,BEN,2011,4.14832306562512
Bermuda,BMU,2011,88.336
Bhutan,BTN,2011,14.39999962
Bolivia,BOL,2011,30.0
Bosnia and Herzegovina,BIH,2011,43.88769913
Botswana,BWA,2011,9.0
Brazil,BRA,2011,45.69
British Virgin Islands,VGB,2011,37.4
Brunei Darussalam,BRN,2011,56.0
Bulgaria,BGR,2011,47.9799930506026
Burkina Faso,BFA,2011,3.0
Burundi,BDI,2011,1.110000014
Cabo Verde,CPV,2011,32.0
Cambodia,KHM,2011,3.099999905
Cameroon,CMR,2011,5.0
Canada,CAN,2011,83.0
Cayman Islands,CYM,2011,69.46594499
Central African Republic,CAF,2011,2.200000048
Chad,TCD,2011,1.899999976
Chile,CHL,2011,52.2496072877744
China,CHN,2011,38.3
Colombia,COL,2011,40.3509157546318
Comoros,COM,2011,5.5
"Congo, Dem. Rep.",COD,2011,1.200000048
"Congo, Rep.",COG,2011,5.6
Costa Rica,CRI,2011,39.2121959961842
Cote d'Ivoire,CIV,2011,2.900000095
Croatia,HRV,2011,57.7899789891444
Cuba,CUB,2011,16.0172907996413
Cyprus,CYP,2011,56.8598923503507
Czechia,CZE,2011,70.49
Denmark,DNK,2011,89.8100133895232
Djibouti,DJI,2011,7.0
Dominica,DMA,2011,48.59999847
Dominican Republic,DOM,2011,38.0
Ecuador,ECU,2011,31.3668083587433
"Egypt, Arab Rep.",EGY,2011,25.6
El Salvador,SLV,2011,18.89999962
Equatorial Guinea,GNQ,2011,11.5
Eritrea,ERI,2011,0.699999988
Estonia,EST,2011,76.5
Eswatini,SWZ,2011,18.13
Ethiopia,ETH,2011,1.100000024
Faroe Islands,FRO,2011,80.7321728
Fiji,FJI,2011,28.0
Finland,FIN,2011,88.70999491353
France,FRA,2011,77.8199989926706
French Polynesia,PYF,2011,49.0
Gabon,GAB,2011,18.0
"Gambia, The",GMB,2011,10.87030029
Georgia,GEO,2011,31.52000046
Germany,DEU,2011,81.26999953602
Ghana,GHA,2011,9.0
Gibraltar,GIB,2011,65.0
Greece,GRC,2011,51.6499951676815
Greenland,GRL,2011,64.0
Grenada,GRD,2011,30.0
Guam,GUM,2011,57.7
Guatemala,GTM,2011,12.30000019
Guinea,GIN,2011,2.0
Guinea-Bissau,GNB,2011,2.671999931
Guyana,GUY,2011,30.0
Haiti,HTI,2011,9.0
Honduras,HND,2011,15.9
"Hong Kong SAR, China",HKG,2011,72.19999695
Hungary,HUN,2011,68.0199878861296
Iceland,ISL,2011,94.8196868008949
India,IND,2011,10.07
Indonesia,IDN,2011,12.28
"Iran, Islamic Rep.",IRN,2011,19.0
Iraq,IRQ,2011,5.0
Ireland,IRL,2011,74.8899729670944
Israel,ISR,2011,68.8738779907441
Italy,ITA,2011,54.3899983018814
Jamaica,JAM,2011,37.438613414848
Japan,JPN,2011,79.0541135244739
Jordan,JOR,2011,34.9
Kazakhstan,KAZ,2011,50.6
Kenya,KEN,2011,8.800000191
Kiribati,KIR,2011,10.0
"Korea, Rep.",KOR,2011,83.7591201534472
Kuwait,KWT,2011,65.7690706867398
Kyrgyz Republic,KGZ,2011,17.5
Lao PDR,LAO,2011,9.0
Latvia,LVA,2011,69.7499545592245
Lebanon,LBN,2011,52.0
Lesotho,LSO,2011,7.0
Liberia,LBR,2011,2.5
Libya,LBY,2011,14.0
Liechtenstein,LIE,2011,85.0
Lithuania,LTU,2011,63.6399774002179
Luxembourg,LUX,2011,90.0298585646936
"Macao SAR, China",MAC,2011,60.2036967182195
Madagascar,MDG,2011,1.899999976
Malawi,MWI,2011,3.33
Malaysia,MYS,2011,61.0
Maldives,MDV,2011,34.0
Mali,MLI,2011,2.2
Malta,MLT,2011,68.0198237885462
Marshall Islands,MHL,2011,10.0
Mauritania,MRT,2011,4.5
Mauritius,MUS,2011,34.95000076
Mexico,MEX,2011,37.1762954125184
"Micronesia, Fed. Sts.",FSM,2011,22.79999924
Moldova,MDA,2011,32.06999969
Monaco,MCO,2011,80.30000305
Mongolia,MNG,2011,12.4999911084745
Montenegro,MNE,2011,35.6115412460109
Morocco,MAR,2011,46.107482597
Mozambique,MOZ,2011,4.599999905
Myanmar,MMR,2011,0.98
Namibia,NAM,2011,12.0
Naoero,NRU,2011,54.0
Nepal,NPL,2011,9.0
Netherlands,NLD,2011,91.4199957622284
New Caledonia,NCL,2011,50.0
New Zealand,NZL,2011,81.23000336
Nicaragua,NIC,2011,10.6
Niger,NER,2011,0.9
Nigeria,NGA,2011,13.80000019
North Macedonia,MKD,2011,56.7
Norway,NOR,2011,93.4899826515194
Oman,OMN,2011,48.0
Pakistan,PAK,2011,8.0
Panama,PAN,2011,42.7
Papua New Guinea,PNG,2011,2.0
Paraguay,PRY,2011,24.7635158793993
Peru,PER,2011,36.01
Philippines,PHL,2011,29.0
Poland,POL,2011,61.94999896898
Portugal,PRT,2011,55.2499968797194
Puerto Rico (US),PRI,2011,48.0
Qatar,QAT,2011,69.0
Romania,ROU,2011,40.0099967810008
Russian Federation,RUS,2011,58.0
Rwanda,RWA,2011,7.0
Samoa,WSM,2011,11.0
San Marino,SMR,2011,49.6
Sao Tome and Principe,STP,2011,20.16119957
Saudi Arabia,SAU,2011,47.5
Senegal,SEN,2011,9.800000191
Serbia,SRB,2011,42.2
Seychelles,SYC,2011,43.16400146
Sierra Leone,SLE,2011,0.899999976
Singapore,SGP,2011,71.0
Slovak Republic,SVK,2011,74.4399971746757
Slovenia,SVN,2011,67.3399948092396
Solomon Islands,SLB,2011,6.0
"Somalia, Fed. Rep.",SOM,2011,1.25
South Africa,ZAF,2011,33.97
Spain,ESP,2011,67.0899993926581
Sri Lanka,LKA,2011,7.956399918
St. Kitts and Nevis,KNA,2011,63.20000076
St. Lucia,LCA,2011,34.0
St. Vincent and the Grenadines,VCT,2011,36.70000076
Suriname,SUR,2011,32.0
Sweden,SWE,2011,92.7699860554046
Switzerland,CHE,2011,85.1930281804854
Syrian Arab Republic,SYR,2011,22.5
Tajikistan,TJK,2011,13.02999973
Tanzania,TZA,2011,3.200000048
Thailand,THA,2011,23.669925618731
Timor-Leste,TLS,2011,4.0
Togo,TGO,2011,3.5
Tonga,TON,2011,25.0
Trinidad and Tobago,TTO,2011,55.2
Tunisia,TUN,2011,39.1
Turkiye,TUR,2011,43.065710430925
Turkmenistan,TKM,2011,5.0
Tuvalu,TUV,2011,16.5
Uganda,UGA,2011,4.599999905
Ukraine,UKR,2011,28.7082628400713
United Arab Emirates,ARE,2011,78.0
United Kingdom,GBR,2011,85.3799985496322
United States,USA,2011,69.7294607619268
Uruguay,URY,2011,51.4046610563616
Uzbekistan,UZB,2011,18.6
Vanuatu,VUT,2011,9.199999809
"Venezuela, RB",VEN,2011,40.22
Viet Nam,VNM,2011,35.07
Virgin Islands (U.S.),VIR,2011,35.6
West Bank and Gaza,PSE,2011,41.08000183
"Yemen, Rep.",YEM,2011,14.90499973
Zambia,ZMB,2011,3.5
Zimbabwe,ZWE,2011,8.399999619
Afghanistan,AFG,2012,5.454500198
Albania,ALB,2012,49.40000153
Algeria,DZA,2012,18.20000076
Andorra,AND,2012,82.69999695
Angola,AGO,2012,7.699999809
Antigua and Barbuda,ATG,2012,58.0
Argentina,ARG,2012,55.79999924
Armenia,ARM,2012,37.5
Aruba,ABW,2012,74.0
Australia,AUS,2012,79.0
Austria,AUT,2012,80.0299939169903
Azerbaijan,AZE,2012,54.20000076
"Bahamas, The",BHS,2012,71.74819946
Bahrain,BHR,2012,88.0
Bangladesh,BGD,2012,5.0
Barbados,BRB,2012,71.19999695
Belarus,BLR,2012,46.91
Belgium,BEL,2012,80.7199905482042
Belize,BLZ,2012,31.0
Benin,BEN,2012,4.5
Bermuda,BMU,2012,91.2993045243401
Bhutan,BTN,2012,15.60000038
Bolivia,BOL,2012,35.34
Bosnia and Herzegovina,BIH,2012,45.0644989
Botswana,BWA,2012,16.0
Brazil,BRA,2012,48.56
British Virgin Islands,VGB,2012,37.6
Brunei Darussalam,BRN,2012,60.27310181
Bulgaria,BGR,2012,51.8999876658503
Burkina Faso,BFA,2012,3.724999905
Burundi,BDI,2012,1.220000029
Cabo Verde,CPV,2012,34.74
Cambodia,KHM,2012,4.94
Cameroon,CMR,2012,7.5
Canada,CAN,2012,83.0
Cayman Islands,CYM,2012,69.7
Central African Republic,CAF,2012,2.400000095
Chad,TCD,2012,2.099999905
Chile,CHL,2012,55.04999924
China,CHN,2012,42.30009842
Colombia,COL,2012,48.98
Comoros,COM,2012,5.975299835
"Congo, Dem. Rep.",COD,2012,1.679999948
"Congo, Rep.",COG,2012,6.106699944
Costa Rica,CRI,2012,47.5
Cote d'Ivoire,CIV,2012,4.400000095
Croatia,HRV,2012,61.9399731527956
Cuba,CUB,2012,21.20000076
Cyprus,CYP,2012,60.6898684001903
Czechia,CZE,2012,73.4300078241036
Denmark,DNK,2012,92.2600117153012
Djibouti,DJI,2012,9.399999619
Dominica,DMA,2012,49.79999924
Dominican Republic,DOM,2012,42.32
Ecuador,ECU,2012,35.1351464545516
"Egypt, Arab Rep.",EGY,2012,26.4
El Salvador,SLV,2012,20.3213877242007
Equatorial Guinea,GNQ,2012,13.94320011
Eritrea,ERI,2012,0.800000012
Estonia,EST,2012,78.3899259259259
Eswatini,SWZ,2012,20.78179932
Ethiopia,ETH,2012,2.900000095
Faroe Islands,FRO,2012,85.3351892392109
Fiji,FJI,2012,33.74240112
Finland,FIN,2012,89.879997974222
France,FRA,2012,81.44
French Polynesia,PYF,2012,52.8766305867993
Gabon,GAB,2012,24.0
"Gambia, The",GMB,2012,12.44919968
Georgia,GEO,2012,36.93999863
Germany,DEU,2012,82.3499984738392
Ghana,GHA,2012,10.6
Gibraltar,GIB,2012,65.017
Greece,GRC,2012,55.0699934418411
Greenland,GRL,2012,64.8960100995989
Grenada,GRD,2012,32.0
Guam,GUM,2012,61.5341593079002
Guatemala,GTM,2012,16.0
Guinea,GIN,2012,3.099999905
Guinea-Bissau,GNB,2012,2.894000053
Guyana,GUY,2012,30.5
Haiti,HTI,2012,9.800000191
Honduras,HND,2012,18.12
"Hong Kong SAR, China",HKG,2012,72.9
Hungary,HUN,2012,70.579998153838
Iceland,ISL,2012,96.2097995545657
India,IND,2012,11.10000038
Indonesia,IDN,2012,14.52
"Iran, Islamic Rep.",IRN,2012,22.73
Iraq,IRQ,2012,7.099999905
Ireland,IRL,2012,76.919992540097
Israel,ISR,2012,70.8
Italy,ITA,2012,55.829997993283
Jamaica,JAM,2012,33.79
Japan,JPN,2012,79.4964
Jordan,JOR,2012,37.0
Kazakhstan,KAZ,2012,61.9066274652008
Kenya,KEN,2012,10.5
Kiribati,KIR,2012,10.74680042
"Korea, Rep.",KOR,2012,84.07
Kuwait,KWT,2012,70.44999695
Kyrgyz Republic,KGZ,2012,19.79999924
Lao PDR,LAO,2012,10.74769974
Latvia,LVA,2012,73.1199437663748
Lebanon,LBN,2012,61.24980164
Lesotho,LSO,2012,10.0
Liberia,LBR,2012,2.599999905
Libya,LBY,2012,15.19999981
Liechtenstein,LIE,2012,89.40769958
Lithuania,LTU,2012,67.2299893276414
Luxembourg,LUX,2012,91.9499237417387
"Macao SAR, China",MAC,2012,61.31
Madagascar,MDG,2012,2.299999952
Malawi,MWI,2012,4.350599766
Malaysia,MYS,2012,65.8
Maldives,MDV,2012,38.93009949
Mali,MLI,2012,2.799999952
Malta,MLT,2012,68.1998742928975
Marshall Islands,MHL,2012,12.5
Mauritania,MRT,2012,5.0
Mauritius,MUS,2012,35.42
Mexico,MEX,2012,39.75
"Micronesia, Fed. Sts.",FSM,2012,25.97439957
Moldova,MDA,2012,34.65000153
Monaco,MCO,2012,87.0
Mongolia,MNG,2012,16.4
Montenegro,MNE,2012,56.8387825490631
Morocco,MAR,2012,55.4160531914894
Mozambique,MOZ,2012,5.0
Myanmar,MMR,2012,1.399999976
Namibia,NAM,2012,12.94139957
Nepal,NPL,2012,11.14929962
Netherlands,NLD,2012,92.859992359525
New Caledonia,NCL,2012,58.0
New Zealand,NZL,2012,81.644470179502
Nicaragua,NIC,2012,13.5
Niger,NER,2012,1.049999952
Nigeria,NGA,2012,16.10000038
North Macedonia,MKD,2012,57.449947312961
Norway,NOR,2012,94.6499780533304
Oman,OMN,2012,60.0
Pakistan,PAK,2012,8.100000381
Panama,PAN,2012,40.3018952210488
Papua New Guinea,PNG,2012,3.5
Paraguay,PRY,2012,29.34
Peru,PER,2012,38.2
Philippines,PHL,2012,30.79999924
Poland,POL,2012,62.3099972714691
Portugal,PRT,2012,60.3399974868057
Puerto Rico (US),PRI,2012,68.9999826014151
Qatar,QAT,2012,69.3
Romania,ROU,2012,45.8799942529424
Russian Federation,RUS,2012,66.0
Rwanda,RWA,2012,8.023900032
Samoa,WSM,2012,12.92249966
Sao Tome and Principe,STP,2012,21.57239914
Saudi Arabia,SAU,2012,54.0
Senegal,SEN,2012,10.80000019
Serbia,SRB,2012,48.09999847
Seychelles,SYC,2012,47.07600021
Sierra Leone,SLE,2012,2.5
Singapore,SGP,2012,72.0
Slovak Republic,SVK,2012,76.7099901181121
Slovenia,SVN,2012,68.3499745287825
Solomon Islands,SLB,2012,6.997399807
"Somalia, Fed. Rep.",SOM,2012,1.376700044
South Africa,ZAF,2012,41.0
South Sudan,SSD,2012,1.5
Spain,ESP,2012,69.8099999420024
Sri Lanka,LKA,2012,9.00039959
St. Kitts and Nevis,KNA,2012,64.0
St. Lucia,LCA,2012,45.865
St. Vincent and the Grenadines,VCT,2012,40.0
Suriname,SUR,2012,34.68119812
Sweden,SWE,2012,93.1799880065108
Switzerland,CHE,2012,85.2
Syrian Arab Republic,SYR,2012,24.30010033
Tajikistan,TJK,2012,14.51000023
Tanzania,TZA,2012,3.950000048
Thailand,THA,2012,26.46
Timor-Leste,TLS,2012,7.0
Togo,TGO,2012,4.0
Tonga,TON,2012,30.0
Trinidad and Tobago,TTO,2012,57.5
Tunisia,TUN,2012,41.4416008
Turkiye,TUR,2012,45.13
Turkmenistan,TKM,2012,7.195799828
Tuvalu,TUV,2012,18.70000076
Uganda,UGA,2012,4.800000191
Ukraine,UKR,2012,35.27
United Arab Emirates,ARE,2012,84.9999915049492
United Kingdom,GBR,2012,87.4799984242111
United States,USA,2012,74.7
Uruguay,URY,2012,54.453768680746
Uzbekistan,UZB,2012,23.60000038
Vanuatu,VUT,2012,10.59799957
"Venezuela, RB",VEN,2012,49.0500830729861
Viet Nam,VNM,2012,36.79999924
Virgin Islands (U.S.),VIR,2012,40.5479
West Bank and Gaza,PSE,2012,43.4
"Yemen, Rep.",YEM,2012,17.44650078
Zambia,ZMB,2012,4.099999905
Zimbabwe,ZWE,2012,12.0
Afghanistan,AFG,2013,5.900000095
Albania,ALB,2013,51.79999924
Algeria,DZA,2013,22.5
Andorra,AND,2013,84.40000153
Angola,AGO,2013,13.0
Antigua and Barbuda,ATG,2013,63.40000153
Argentina,ARG,2013,59.90000153
Armenia,ARM,2013,41.9
Aruba,ABW,2013,78.9
Australia,AUS,2013,83.453497167
Austria,AUT,2013,80.6188
Azerbaijan,AZE,2013,73.000001372
"Bahamas, The",BHS,2013,72.0
Bahrain,BHR,2013,90.0000397
Bangladesh,BGD,2013,6.63
Barbados,BRB,2013,71.80000305
Belarus,BLR,2013,54.17
Belgium,BEL,2013,82.1702
Belize,BLZ,2013,33.59999847
Benin,BEN,2013,4.900000095
Bermuda,BMU,2013,95.3
Bhutan,BTN,2013,22.39999962
Bolivia,BOL,2013,36.99
Bosnia and Herzegovina,BIH,2013,48.52130127
Botswana,BWA,2013,30.0
Brazil,BRA,2013,51.04
Brunei Darussalam,BRN,2013,64.5
Bulgaria,BGR,2013,53.0615
Burkina Faso,BFA,2013,5.0
Burundi,BDI,2013,1.2642181112
Cabo Verde,CPV,2013,37.5
Cambodia,KHM,2013,6.0
Cameroon,CMR,2013,10.0
Canada,CAN,2013,85.80000305
Cayman Islands,CYM,2013,71.4
Central African Republic,CAF,2013,2.5
Chad,TCD,2013,2.5
Chile,CHL,2013,58.0
China,CHN,2013,45.79999924
Colombia,COL,2013,51.7
Comoros,COM,2013,6.5
"Congo, Dem. Rep.",COD,2013,2.200000048
"Congo, Rep.",COG,2013,6.599999905
Costa Rica,CRI,2013,45.96
Cote d'Ivoire,CIV,2013,6.599999905
Croatia,HRV,2013,66.7476
Cuba,CUB,2013,27.93
Cyprus,CYP,2013,65.4548
Czechia,CZE,2013,74.1104
Denmark,DNK,2013,94.6297
Djibouti,DJI,2013,12.69999981
Dominica,DMA,2013,51.0
Dominican Republic,DOM,2013,45.9
Ecuador,ECU,2013,40.279121941
"Egypt, Arab Rep.",EGY,2013,29.4
El Salvador,SLV,2013,23.1093
Equatorial Guinea,GNQ,2013,16.39999962
Eritrea,ERI,2013,0.899999976
Estonia,EST,2013,80.0043
Eswatini,SWZ,2013,24.70000076
Ethiopia,ETH,2013,4.599999905
Faroe Islands,FRO,2013,90.0
Fiji,FJI,2013,35.20000076
Finland,FIN,2013,91.5144
France,FRA,2013,81.9198
French Polynesia,PYF,2013,56.8
Gabon,GAB,2013,30.53800011
"Gambia, The",GMB,2013,14.0
Georgia,GEO,2013,43.3
Germany,DEU,2013,84.17
Ghana,GHA,2013,15.0
Greece,GRC,2013,59.8663
Greenland,GRL,2013,65.8
Grenada,GRD,2013,35.0
Guam,GUM,2013,65.4
Guatemala,GTM,2013,19.70000076
Guinea,GIN,2013,4.5
Guinea-Bissau,GNB,2013,3.099999905
Guyana,GUY,2013,31.0
Haiti,HTI,2013,10.60000038
Honduras,HND,2013,17.8
"Hong Kong SAR, China",HKG,2013,74.2
Hungary,HUN,2013,72.6439
Iceland,ISL,2013,96.5468
India,IND,2013,12.30000019
Indonesia,IDN,2013,14.94
"Iran, Islamic Rep.",IRN,2013,29.95
Iraq,IRQ,2013,9.199999809
Ireland,IRL,2013,78.2477
Israel,ISR,2013,70.250311945
Italy,ITA,2013,58.4593
Jamaica,JAM,2013,37.1
Japan,JPN,2013,88.219428911
Jordan,JOR,2013,41.4
Kazakhstan,KAZ,2013,63.30422443
Kenya,KEN,2013,13.0
Kiribati,KIR,2013,11.5
"Korea, Rep.",KOR,2013,84.77
Kuwait,KWT,2013,75.45999908
Kyrgyz Republic,KGZ,2013,23.0
Lao PDR,LAO,2013,12.5
Latvia,LVA,2013,75.2344
Lebanon,LBN,2013,70.5
Lesotho,LSO,2013,15.0
Liberia,LBR,2013,3.200000048
Libya,LBY,2013,16.5
Liechtenstein,LIE,2013,93.80000305
Lithuania,LTU,2013,68.4529
Luxembourg,LUX,2013,93.7765
"Macao SAR, China",MAC,2013,65.8
Madagascar,MDG,2013,3.0
Malawi,MWI,2013,5.050000191
Malaysia,MYS,2013,57.05751226
Maldives,MDV,2013,44.09999847
Mali,MLI,2013,3.5
Malta,MLT,2013,68.9138
Marshall Islands,MHL,2013,14.0
Mauritania,MRT,2013,6.199999809
Mauritius,MUS,2013,40.116825135
Mexico,MEX,2013,43.46
"Micronesia, Fed. Sts.",FSM,2013,27.79999924
Moldova,MDA,2013,37.43999863
Monaco,MCO,2013,90.69999695
Mongolia,MNG,2013,17.699984237
Montenegro,MNE,2013,60.31
Morocco,MAR,2013,56.0
Mozambique,MOZ,2013,5.5
Myanmar,MMR,2013,1.799999952
Namibia,NAM,2013,13.89999962
Nepal,NPL,2013,13.30000019
Netherlands,NLD,2013,93.9564
New Caledonia,NCL,2013,66.0
New Zealand,NZL,2013,82.77999878
Nicaragua,NIC,2013,15.5
Niger,NER,2013,1.149999976
Nigeria,NGA,2013,19.10000038
North Macedonia,MKD,2013,65.24
Norway,NOR,2013,95.0534
Oman,OMN,2013,66.45
Pakistan,PAK,2013,9.0
Panama,PAN,2013,44.03
Papua New Guinea,PNG,2013,5.099999905
Paraguay,PRY,2013,36.9
Peru,PER,2013,39.2
Philippines,PHL,2013,32.70000076
Poland,POL,2013,62.8492
Portugal,PRT,2013,62.0956
Puerto Rico (US),PRI,2013,68.999990004
Qatar,QAT,2013,85.3
Romania,ROU,2013,49.7645
Russian Federation,RUS,2013,67.97
Rwanda,RWA,2013,9.0
Samoa,WSM,2013,15.30000019
Sao Tome and Principe,STP,2013,23.0
Saudi Arabia,SAU,2013,60.5
Senegal,SEN,2013,13.10000038
Serbia,SRB,2013,53.450364175
Seychelles,SYC,2013,50.40000153
Sierra Leone,SLE,2013,4.0
Singapore,SGP,2013,80.90209961
Slovak Republic,SVK,2013,77.8826
Slovenia,SVN,2013,72.6756
Solomon Islands,SLB,2013,8.0
"Somalia, Fed. Rep.",SOM,2013,1.5
South Africa,ZAF,2013,46.5
South Sudan,SSD,2013,2.200000048
Spain,ESP,2013,71.635
Sri Lanka,LKA,2013,10.04440022
St. Kitts and Nevis,KNA,2013,64.59999847
St. Lucia,LCA,2013,49.3871994
St. Vincent and the Grenadines,VCT,2013,43.5
Suriname,SUR,2013,37.40000153
Sweden,SWE,2013,94.7836
Switzerland,CHE,2013,86.34
Syrian Arab Republic,SYR,2013,26.20000076
Tajikistan,TJK,2013,16.0
Tanzania,TZA,2013,4.400000095
Thailand,THA,2013,28.94
Timor-Leste,TLS,2013,11.0
Togo,TGO,2013,4.5
Tonga,TON,2013,32.75400162
Trinidad and Tobago,TTO,2013,59.90000153
Tunisia,TUN,2013,43.79999924
Turkiye,TUR,2013,46.25
Turkmenistan,TKM,2013,9.600000381
Tuvalu,TUV,2013,21.20000076
Uganda,UGA,2013,5.099999905
Ukraine,UKR,2013,40.954128997
United Arab Emirates,ARE,2013,88.0
United Kingdom,GBR,2013,89.8441
United States,USA,2013,71.4
Uruguay,URY,2013,57.69
Uzbekistan,UZB,2013,26.79999924
Vanuatu,VUT,2013,11.30000019
"Venezuela, RB",VEN,2013,54.90000153
Viet Nam,VNM,2013,38.5
Virgin Islands (U.S.),VIR,2013,45.3
West Bank and Gaza,PSE,2013,46.59999847
"Yemen, Rep.",YEM,2013,20.0
Zambia,ZMB,2013,4.8
Zimbabwe,ZWE,2013,15.5
Afghanistan,AFG,2014,7.0
Albania,ALB,2014,54.29999924
Algeria,DZA,2014,29.5
Andorra,AND,2014,86.09999847
Angola,AGO,2014,21.3623407584103
Antigua and Barbuda,ATG,2014,67.77999878
Argentina,ARG,2014,64.69999695
Armenia,ARM,2014,54.6228058583362
Aruba,ABW,2014,83.78
Australia,AUS,2014,84.0
Austria,AUT,2014,80.9958249574764
Azerbaijan,AZE,2014,75.0000156363396
"Bahamas, The",BHS,2014,76.91999817
Bahrain,BHR,2014,90.5031334814656
Bangladesh,BGD,2014,9.052900314
Barbados,BRB,2014,71.92459869
Belarus,BLR,2014,59.0163187101542
Belgium,BEL,2014,85.0012379539925
Belize,BLZ,2014,38.70000076
Benin,BEN,2014,6.0
Bermuda,BMU,2014,96.8
Bhutan,BTN,2014,30.29999924
Bolivia,BOL,2014,34.6016202324676
Bosnia and Herzegovina,BIH,2014,49.91770172
Botswana,BWA,2014,36.74474744423
Brazil,BRA,2014,54.5510018796392
Brunei Darussalam,BRN,2014,68.76999664
Bulgaria,BGR,2014,55.4903766299262
Burkina Faso,BFA,2014,6.0
Burundi,BDI,2014,1.04239212643994
Cabo Verde,CPV,2014,40.25999832
Cambodia,KHM,2014,14.0
Cameroon,CMR,2014,16.2148722257524
Canada,CAN,2014,87.12000275
Cayman Islands,CYM,2014,74.1
Central African Republic,CAF,2014,2.700000048
Chad,TCD,2014,2.900000095
Chile,CHL,2014,61.11000061
China,CHN,2014,47.90000153
Colombia,COL,2014,52.568136539247
Comoros,COM,2014,6.980000019
"Congo, Dem. Rep.",COD,2014,3.0
"Congo, Rep.",COG,2014,7.110000134
Costa Rica,CRI,2014,53.0
Cote d'Ivoire,CIV,2014,10.0
Croatia,HRV,2014,68.5678992528467
Cuba,CUB,2014,29.0701843656523
Cyprus,CYP,2014,69.3286967086473
Czechia,CZE,2014,74.2317116367383
Denmark,DNK,2014,95.9935053764454
Djibouti,DJI,2014,17.0
Dominica,DMA,2014,57.5
Dominican Republic,DOM,2014,49.58000183
Ecuador,ECU,2014,45.5903906666095
"Egypt, Arab Rep.",EGY,2014,33.8946039115275
El Salvador,SLV,2014,24.7617121459061
Equatorial Guinea,GNQ,2014,18.86000061
Eritrea,ERI,2014,0.99000001
Estonia,EST,2014,84.2415280294352
Eswatini,SWZ,2014,25.0
Ethiopia,ETH,2014,7.699999809
Faroe Islands,FRO,2014,93.3
Fiji,FJI,2014,37.40000153
Finland,FIN,2014,86.5303927529377
France,FRA,2014,83.7510996681821
French Polynesia,PYF,2014,60.68
Gabon,GAB,2014,38.07120132
"Gambia, The",GMB,2014,15.56000042
Georgia,GEO,2014,49.1024547144647
Germany,DEU,2014,86.1937006578756
Ghana,GHA,2014,19.0
Greece,GRC,2014,63.2073404784561
Greenland,GRL,2014,66.7
Grenada,GRD,2014,51.6
Guam,GUM,2014,69.27
Guatemala,GTM,2014,23.39999962
Guinea,GIN,2014,6.400000095
Guinea-Bissau,GNB,2014,3.319999933
Guyana,GUY,2014,32.0
Haiti,HTI,2014,11.39999962
Honduras,HND,2014,23.0
"Hong Kong SAR, China",HKG,2014,79.8662704309064
Hungary,HUN,2014,75.6531974544103
Iceland,ISL,2014,98.1580233097118
India,IND,2014,13.5
Indonesia,IDN,2014,17.1431598350566
"Iran, Islamic Rep.",IRN,2014,39.353614505223
Iraq,IRQ,2014,11.6453267304545
Ireland,IRL,2014,83.4917223351728
Israel,ISR,2014,75.0177531628076
Italy,ITA,2014,55.6384602242293
Jamaica,JAM,2014,40.4027351046672
Japan,JPN,2014,89.1068330166075
Jordan,JOR,2014,46.2
Kazakhstan,KAZ,2014,66.0
Kenya,KEN,2014,16.5
Kiribati,KIR,2014,12.25
"Korea, Rep.",KOR,2014,87.5568264944747
Kuwait,KWT,2014,78.69999695
Kyrgyz Republic,KGZ,2014,28.29999924
Lao PDR,LAO,2014,14.26000023
Latvia,LVA,2014,75.8261041383556
Lebanon,LBN,2014,73.0
Lesotho,LSO,2014,22.0
Liberia,LBR,2014,5.409999847
Libya,LBY,2014,17.76000023
Liechtenstein,LIE,2014,95.20999908
Lithuania,LTU,2014,72.1335378644566
Luxembourg,LUX,2014,94.6702052774766
"Macao SAR, China",MAC,2014,69.7809492200465
Madagascar,MDG,2014,3.700000048
Malawi,MWI,2014,5.829999924
Malaysia,MYS,2014,63.6654258813225
Maldives,MDV,2014,49.27999878
Mali,MLI,2014,7.0
Malta,MLT,2014,73.1141157845193
Marshall Islands,MHL,2014,16.79999924
Mauritania,MRT,2014,11.80000019
Mauritius,MUS,2014,44.8032753683379
Mexico,MEX,2014,44.3856962723411
"Micronesia, Fed. Sts.",FSM,2014,29.64999962
Moldova,MDA,2014,66.9999982002077
Monaco,MCO,2014,92.40000153
Mongolia,MNG,2014,19.9424474349209
Montenegro,MNE,2014,63.8868840056697
Morocco,MAR,2014,56.7746379160074
Mozambique,MOZ,2014,6.0
Myanmar,MMR,2014,7.400000095
Namibia,NAM,2014,14.84000015
Nepal,NPL,2014,15.43999958
Netherlands,NLD,2014,91.6666666666667
New Caledonia,NCL,2014,70.0
New Zealand,NZL,2014,84.0
Nicaragua,NIC,2014,17.60000038
Niger,NER,2014,1.24867568902241
Nigeria,NGA,2014,21.0
North Macedonia,MKD,2014,68.0584815397496
Norway,NOR,2014,96.3005098242892
Oman,OMN,2014,70.22000122
Pakistan,PAK,2014,10.0
Panama,PAN,2014,44.9238152577893
Papua New Guinea,PNG,2014,6.5
Paraguay,PRY,2014,43.0073750122614
Peru,PER,2014,40.2446560091704
Philippines,PHL,2014,34.70000076
Poland,POL,2014,66.5987360557248
Portugal,PRT,2014,64.5924200648949
Puerto Rico (US),PRI,2014,76.1338597201667
Qatar,QAT,2014,91.48999786
Romania,ROU,2014,54.0783206550943
Russian Federation,RUS,2014,70.5175682574413
Rwanda,RWA,2014,10.60000038
Samoa,WSM,2014,21.20000076
Sao Tome and Principe,STP,2014,24.40999985
Saudi Arabia,SAU,2014,64.713657369019
Senegal,SEN,2014,17.70000076
Serbia,SRB,2014,62.0750804639377
Seychelles,SYC,2014,51.25469971
Sierra Leone,SLE,2014,6.057300091
Singapore,SGP,2014,79.0292358633435
Slovak Republic,SVK,2014,79.9843017656729
Slovenia,SVN,2014,71.5862515855601
Solomon Islands,SLB,2014,9.0
"Somalia, Fed. Rep.",SOM,2014,1.629999995
South Africa,ZAF,2014,49.0
South Sudan,SSD,2014,2.599999905
Spain,ESP,2014,76.1867089778712
Sri Lanka,LKA,2014,10.5000026214106
St. Kitts and Nevis,KNA,2014,65.38179779
St. Lucia,LCA,2014,53.17969894
St. Vincent and the Grenadines,VCT,2014,47.4
Suriname,SUR,2014,40.08000183
Sweden,SWE,2014,92.5236065037579
Switzerland,CHE,2014,83.6172512621702
Syrian Arab Republic,SYR,2014,28.09000015
Tajikistan,TJK,2014,17.48999977
Tanzania,TZA,2014,7.0
Thailand,THA,2014,34.8860535783465
Timor-Leste,TLS,2014,17.5
Togo,TGO,2014,5.699999809
Tonga,TON,2014,35.95439911
Trinidad and Tobago,TTO,2014,62.40000153
Tunisia,TUN,2014,46.15999985
Turkiye,TUR,2014,51.0373665521645
Turkmenistan,TKM,2014,12.19999981
Tuvalu,TUV,2014,24.10000038
Uganda,UGA,2014,5.400000095
Ukraine,UKR,2014,46.2359754571651
United Arab Emirates,ARE,2014,90.4000107121939
United Kingdom,GBR,2014,91.6133009176453
United States,USA,2014,73.0
Uruguay,URY,2014,61.4624951684405
Uzbekistan,UZB,2014,35.5
Vanuatu,VUT,2014,18.79999924
"Venezuela, RB",VEN,2014,57.0
Viet Nam,VNM,2014,41.0
Virgin Islands (U.S.),VIR,2014,50.07
West Bank and Gaza,PSE,2014,53.6651997924171
"Yemen, Rep.",YEM,2014,22.54999924
Zambia,ZMB,2014,6.5
Zimbabwe,ZWE,2014,16.3647399572904
Afghanistan,AFG,2015,8.260000229
Albania,ALB,2015,56.90000153
Algeria,DZA,2015,38.20000076
Andorra,AND,2015,87.90000153
Angola,AGO,2015,22.0
Antigua and Barbuda,ATG,2015,70.0
Argentina,ARG,2015,68.0430641088122
Armenia,ARM,2015,59.1008337674937
Aruba,ABW,2015,88.661226932496
Australia,AUS,2015,84.5605149091408
Austria,AUT,2015,83.9401419315026
Azerbaijan,AZE,2015,77.0
"Bahamas, The",BHS,2015,78.0
Bahrain,BHR,2015,93.4783007986129
Bangladesh,BGD,2015,12.36880016
Barbados,BRB,2015,72.04940033
Belarus,BLR,2015,62.230360906803
Belgium,BEL,2015,85.0529417508701
Belize,BLZ,2015,41.59000015
Benin,BEN,2015,11.25500011
Bermuda,BMU,2015,98.3236096537251
Bhutan,BTN,2015,39.79999924
Bolivia,BOL,2015,37.4868176324391
Bosnia and Herzegovina,BIH,2015,52.59999847
Botswana,BWA,2015,38.89379883
Brazil,BRA,2015,58.3279517340924
Brunei Darussalam,BRN,2015,71.19999695
Bulgaria,BGR,2015,56.6562516053086
Burkina Faso,BFA,2015,6.545700073
Burundi,BDI,2015,2.0
Cabo Verde,CPV,2015,42.6830141582781
Cambodia,KHM,2015,6.43319107021405
Cameroon,CMR,2015,18.29999924
Canada,CAN,2015,90.0
Cayman Islands,CYM,2015,77.0
Central African Republic,CAF,2015,2.900000095
Chad,TCD,2015,3.5
Chile,CHL,2015,76.6295919508796
China,CHN,2015,50.29999924
Colombia,COL,2015,55.9049725142924
Comoros,COM,2015,7.459199905
"Congo, Dem. Rep.",COD,2015,3.799999952
"Congo, Rep.",COG,2015,7.616000175
Costa Rica,CRI,2015,59.7629501371681
Cote d'Ivoire,CIV,2015,38.4400001654616
Croatia,HRV,2015,69.8450359238281
Cuba,CUB,2015,37.3050974155373
Cyprus,CYP,2015,71.7157409175171
Czechia,CZE,2015,75.668838699279
Denmark,DNK,2015,96.3305016195436
Djibouti,DJI,2015,22.89999962
Dominica,DMA,2015,65.0
Dominican Republic,DOM,2015,54.2157663369785
Ecuador,ECU,2015,48.9404337892669
"Egypt, Arab Rep.",EGY,2015,37.8193834276939
El Salvador,SLV,2015,26.8026049600572
Equatorial Guinea,GNQ,2015,21.31999969
Eritrea,ERI,2015,1.083699942
Estonia,EST,2015,88.4097035040431
Eswatini,SWZ,2015,25.64299965
Ethiopia,ETH,2015,13.8551755555556
Faroe Islands,FRO,2015,94.2
Fiji,FJI,2015,42.5
Finland,FIN,2015,86.4221333325445
France,FRA,2015,78.0060377071902
French Polynesia,PYF,2015,64.560209747212
Gabon,GAB,2015,45.78450012
"Gambia, The",GMB,2015,17.59950066
Georgia,GEO,2015,47.5697596438736
Germany,DEU,2015,87.5897993525767
Ghana,GHA,2015,23.0
Greece,GRC,2015,66.8349594911035
Greenland,GRL,2015,67.600443481006
Grenada,GRD,2015,52.5
Guam,GUM,2015,73.139999947043
Guatemala,GTM,2015,28.80590057
Guinea,GIN,2015,9.199999809
Guinea-Bissau,GNB,2015,6.099999905
Guyana,GUY,2015,34.0
Haiti,HTI,2015,14.19999981
Honduras,HND,2015,27.1395454833776
"Hong Kong SAR, China",HKG,2015,84.9483529634062
Hungary,HUN,2015,72.8347370323805
Iceland,ISL,2015,98.19999695
India,IND,2015,14.89999962
Indonesia,IDN,2015,22.062742603379
"Iran, Islamic Rep.",IRN,2015,45.3349761533285
Iraq,IRQ,2015,15.21440029
Ireland,IRL,2015,83.4947916666667
Israel,ISR,2015,77.3520896572253
Italy,ITA,2015,58.1417349568747
Jamaica,JAM,2015,42.2212211907441
Japan,JPN,2015,91.0580283929962
Jordan,JOR,2015,54.22000122
Kazakhstan,KAZ,2015,70.82993359566
Kenya,KEN,2015,16.5878548475992
Kiribati,KIR,2015,14.89999962
"Korea, Rep.",KOR,2015,89.8962557995106
Kuwait,KWT,2015,82.0
Kyrgyz Republic,KGZ,2015,30.24699974
Lao PDR,LAO,2015,18.20000076
Latvia,LVA,2015,79.2005829239344
Lebanon,LBN,2015,74.0
Lesotho,LSO,2015,25.0
Liberia,LBR,2015,10.0
Libya,LBY,2015,25.0
Liechtenstein,LIE,2015,96.6411972
Lithuania,LTU,2015,71.3780590101754
Luxembourg,LUX,2015,96.3767141704759
"Macao SAR, China",MAC,2015,77.6001318608868
Madagascar,MDG,2015,4.173999786
Malawi,MWI,2015,6.0
Malaysia,MYS,2015,71.0640678111957
Maldives,MDV,2015,54.4620018
Mali,MLI,2015,10.32999992
Malta,MLT,2015,75.9600189752747
Marshall Islands,MHL,2015,19.28240013
Mauritania,MRT,2015,17.60000038
Mauritius,MUS,2015,50.1393184766711
Mexico,MEX,2015,57.4310429923633
"Micronesia, Fed. Sts.",FSM,2015,31.50110054
Moldova,MDA,2015,69.0000044661932
Monaco,MCO,2015,93.36329651
Mongolia,MNG,2015,22.5000041337688
Montenegro,MNE,2015,68.1197860085679
Morocco,MAR,2015,57.0799993486116
Mozambique,MOZ,2015,6.5
Myanmar,MMR,2015,10.89999962
Namibia,NAM,2015,25.68790054
Nepal,NPL,2015,17.58160019
Netherlands,NLD,2015,91.7241379310345
New Caledonia,NCL,2015,74.00175279141
New Zealand,NZL,2015,85.19999695
Nicaragua,NIC,2015,19.70429993
Niger,NER,2015,2.476200104
Nigeria,NGA,2015,22.51420021
North Macedonia,MKD,2015,70.3802030766689
Norway,NOR,2015,96.810325691365
Oman,OMN,2015,73.52999878
Pakistan,PAK,2015,11.0
Panama,PAN,2015,51.2054249948687
Papua New Guinea,PNG,2015,7.900000095
Paraguay,PRY,2015,49.716304663966
Peru,PER,2015,40.8526009090468
Philippines,PHL,2015,36.90000153
Poland,POL,2015,67.9969871556415
Portugal,PRT,2015,68.6328614804299
Puerto Rico (US),PRI,2015,63.4663353848474
Qatar,QAT,2015,92.8848264535481
Romania,ROU,2015,55.7631556336233
Russian Federation,RUS,2015,70.0992412263947
Rwanda,RWA,2015,12.45600033
Sao Tome and Principe,STP,2015,25.81999969
Saudi Arabia,SAU,2015,69.6162358014004
Senegal,SEN,2015,21.70000076
Serbia,SRB,2015,65.3170254003801
Seychelles,SYC,2015,54.25960159
Sierra Leone,SLE,2015,6.344399929
Singapore,SGP,2015,79.0129570025584
Slovak Republic,SVK,2015,77.6346820339875
Slovenia,SVN,2015,73.0986599745829
Solomon Islands,SLB,2015,10.00049973
"Somalia, Fed. Rep.",SOM,2015,1.75999999
South Africa,ZAF,2015,51.91910172
South Sudan,SSD,2015,3.0
Spain,ESP,2015,78.6896318703515
Sri Lanka,LKA,2015,15.26249981
St. Kitts and Nevis,KNA,2015,66.17310333
St. Lucia,LCA,2015,57.26330185
St. Vincent and the Grenadines,VCT,2015,49.40000153
Sudan,SDN,2015,12.0
Suriname,SUR,2015,42.76380157
Sweden,SWE,2015,90.6101966398616
Switzerland,CHE,2015,87.4790555978675
Syrian Arab Republic,SYR,2015,29.97979927
Tajikistan,TJK,2015,18.97999954
Tanzania,TZA,2015,10.0
Thailand,THA,2015,39.3161267365004
Timor-Leste,TLS,2015,18.60000038
Togo,TGO,2015,7.119999886
Tonga,TON,2015,38.65129852
Trinidad and Tobago,TTO,2015,65.09999847
Tunisia,TUN,2015,46.4999943435776
Turkiye,TUR,2015,53.7449791423583
Turkmenistan,TKM,2015,14.99680042
Tuvalu,TUV,2015,27.29999924
Uganda,UGA,2015,5.699999809
Ukraine,UKR,2015,48.8846436813218
United Arab Emirates,ARE,2015,90.5
United Kingdom,GBR,2015,92.0002998740234
United States,USA,2015,74.5542024462761
Uruguay,URY,2015,64.5707870971624
Uzbekistan,UZB,2015,42.79999924
Vanuatu,VUT,2015,22.35140038
"Venezuela, RB",VEN,2015,58.0
Viet Nam,VNM,2015,45.0
Virgin Islands (U.S.),VIR,2015,54.839137296
West Bank and Gaza,PSE,2015,56.70000076
"Yemen, Rep.",YEM,2015,24.08539963
Zambia,ZMB,2015,8.8
Zimbabwe,ZWE,2015,22.74279976
Afghanistan,AFG,2016,11.0
Albania,ALB,2016,59.59999847
Algeria,DZA,2016,42.94549942
Andorra,AND,2016,89.69999695
Angola,AGO,2016,23.20000076
Antigua and Barbuda,ATG,2016,70.27159882
Argentina,ARG,2016,70.9689808206024
Armenia,ARM,2016,64.3460297653742
Aruba,ABW,2016,93.542453865048
Australia,AUS,2016,86.54000092
Austria,AUT,2016,84.3237425711653
Azerbaijan,AZE,2016,78.2
"Bahamas, The",BHS,2016,80.0
Bahrain,BHR,2016,97.9999807024146
Bangladesh,BGD,2016,16.89909935
Barbados,BRB,2016,71.57299805
Belarus,BLR,2016,71.1130457603832
Belgium,BEL,2016,86.5164766644457
Belize,BLZ,2016,44.57569885
Benin,BEN,2016,14.5
Bermuda,BMU,2016,98.0
Bhutan,BTN,2016,46.50320053
Bolivia,BOL,2016,39.69749832
Bosnia and Herzegovina,BIH,2016,60.2565354318987
Botswana,BWA,2016,41.16859818
Brazil,BRA,2016,60.8725400681261
British Virgin Islands,VGB,2016,77.7014296797074
Brunei Darussalam,BRN,2016,90.0
Bulgaria,BGR,2016,59.825547661014
Burkina Faso,BFA,2016,7.140999794
Burundi,BDI,2016,2.200000048
Cabo Verde,CPV,2016,50.3228178676892
Cambodia,KHM,2016,32.3984517141849
Cameroon,CMR,2016,20.60000038
Canada,CAN,2016,91.16000366
Cayman Islands,CYM,2016,79.0
Central African Republic,CAF,2016,3.099999905
Chad,TCD,2016,5.800000191
Chile,CHL,2016,83.5585860244169
China,CHN,2016,53.2
Colombia,COL,2016,58.1364935728703
Comoros,COM,2016,7.938300133
"Congo, Dem. Rep.",COD,2016,10.1
"Congo, Rep.",COG,2016,8.121899605
Costa Rica,CRI,2016,65.8804491942718
Cote d'Ivoire,CIV,2016,41.2078149304414
Croatia,HRV,2016,72.6972696701463
Cuba,CUB,2016,42.9786751910106
Curacao,CUW,2016,61.855510740634
Cyprus,CYP,2016,75.9002054030125
Czechia,CZE,2016,76.4811986951838
Denmark,DNK,2016,96.9677852516645
Djibouti,DJI,2016,30.79999924
Dominica,DMA,2016,67.02999878
Dominican Republic,DOM,2016,63.8708647408206
Ecuador,ECU,2016,54.0629247288864
"Egypt, Arab Rep.",EGY,2016,41.2480670885772
El Salvador,SLV,2016,28.99710083
Equatorial Guinea,GNQ,2016,23.78000069
Eritrea,ERI,2016,1.177099943
Estonia,EST,2016,87.2402327514547
Eswatini,SWZ,2016,28.56999969
Ethiopia,ETH,2016,15.3669238595896
Faroe Islands,FRO,2016,95.1086816720257
Fiji,FJI,2016,49.41999817
Finland,FIN,2016,87.7036499599455
France,FRA,2016,79.2698113207547
French Polynesia,PYF,2016,68.440419493378
Gabon,GAB,2016,48.0522995
"Gambia, The",GMB,2016,19.90640068
Georgia,GEO,2016,58.4592896118725
Germany,DEU,2016,84.1652066441212
Ghana,GHA,2016,28.0
Gibraltar,GIB,2016,94.4444715818151
Greece,GRC,2016,69.0879154723892
Greenland,GRL,2016,68.500873675421
Grenada,GRD,2016,53.29999924
Guam,GUM,2016,77.009999893206
Guatemala,GTM,2016,34.50930023
Guinea,GIN,2016,13.10000038
Guinea-Bissau,GNB,2016,13.80000019
Guyana,GUY,2016,35.65999985
Haiti,HTI,2016,22.79999924
Honduras,HND,2016,29.5282180796457
"Hong Kong SAR, China",HKG,2016,87.47941467087
Hungary,HUN,2016,79.2594121273057
Iceland,ISL,2016,98.23999786
India,IND,2016,16.5
Indonesia,IDN,2016,25.447353701827
"Iran, Islamic Rep.",IRN,2016,53.2267716709857
Iraq,IRQ,2016,19.87719917
Ireland,IRL,2016,83.5
Israel,ISR,2016,79.6531241815281
Italy,ITA,2016,61.3242527666303
Jamaica,JAM,2016,44.3668563671334
Japan,JPN,2016,93.1827212821617
Jordan,JOR,2016,56.15000153
Kazakhstan,KAZ,2016,74.5877264735738
Kenya,KEN,2016,16.6
Kiribati,KIR,2016,19.41939926
"Korea, Rep.",KOR,2016,92.8430256796075
Kuwait,KWT,2016,85.59999847
Kyrgyz Republic,KGZ,2016,40.52619934
Lao PDR,LAO,2016,21.87000084
Latvia,LVA,2016,79.8420977843089
Lebanon,LBN,2016,76.11000061
Lesotho,LSO,2016,32.4538569477365
Liberia,LBR,2016,15.69999981
Libya,LBY,2016,35.0
Liechtenstein,LIE,2016,98.09390259
Lithuania,LTU,2016,74.3766455618662
Luxembourg,LUX,2016,98.1366986657616
"Macao SAR, China",MAC,2016,81.6429854646415
Madagascar,MDG,2016,4.713699818
Malawi,MWI,2016,6.300000191
Malaysia,MYS,2016,78.7883099275229
Maldives,MDV,2016,59.47750092
Mali,MLI,2016,14.0
Malta,MLT,2016,78.0751488032182
Marshall Islands,MHL,2016,29.78779984
Mauritania,MRT,2016,19.23279953
Mauritius,MUS,2016,52.19129944
Mexico,MEX,2016,59.5404459967255
"Micronesia, Fed. Sts.",FSM,2016,33.35219955
Moldova,MDA,2016,70.9999991066624
Monaco,MCO,2016,95.20819855
Mongolia,MNG,2016,22.2657705007562
Montenegro,MNE,2016,69.8816468416779
Morocco,MAR,2016,58.271236420398
Mozambique,MOZ,2016,7.0
Myanmar,MMR,2016,16.0
Namibia,NAM,2016,31.0333004
Nepal,NPL,2016,20.70000076
Netherlands,NLD,2016,90.4109589041096
New Zealand,NZL,2016,86.5
Nicaragua,NIC,2016,24.57180023
Niger,NER,2016,4.322800159
Nigeria,NGA,2016,24.13750076
North Macedonia,MKD,2016,72.1568144676058
Norway,NOR,2016,97.2982036675068
Oman,OMN,2016,76.8453904741456
Pakistan,PAK,2016,12.385446763381
Panama,PAN,2016,54.0
Papua New Guinea,PNG,2016,9.601499557
Paraguay,PRY,2016,53.4041274791009
Peru,PER,2016,45.4617406869459
Philippines,PHL,2016,39.20000076
Poland,POL,2016,73.3007040962669
Portugal,PRT,2016,70.423567088723
Puerto Rico (US),PRI,2016,68.6438071976518
Qatar,QAT,2016,95.1246621661148
Romania,ROU,2016,59.5039512852713
Russian Federation,RUS,2016,73.091434617897
Rwanda,RWA,2016,14.63710022
San Marino,SMR,2016,55.0
Sao Tome and Principe,STP,2016,28.0
Saudi Arabia,SAU,2016,74.8792746891625
Senegal,SEN,2016,25.66480064
Serbia,SRB,2016,67.0568413716938
Seychelles,SYC,2016,56.51470184
Sierra Leone,SLE,2016,7.680099964
Singapore,SGP,2016,84.4522678893074
Slovak Republic,SVK,2016,80.475857275668
Slovenia,SVN,2016,75.4985042610791
Solomon Islands,SLB,2016,11.00090027
"Somalia, Fed. Rep.",SOM,2016,1.879999995
South Africa,ZAF,2016,54.0
South Sudan,SSD,2016,3.5
Spain,ESP,2016,80.5613329432179
Sri Lanka,LKA,2016,22.19
St. Kitts and Nevis,KNA,2016,66.97389984
St. Lucia,LCA,2016,58.22259903
St. Vincent and the Grenadines,VCT,2016,51.5
Sudan,SDN,2016,14.0999999446534
Suriname,SUR,2016,45.40000153
Sweden,SWE,2016,89.6509476102355
Switzerland,CHE,2016,89.1346877351392
Syrian Arab Republic,SYR,2016,31.8696003
Tajikistan,TJK,2016,20.46999931
Tanzania,TZA,2016,13.5042328468919
Thailand,THA,2016,47.5049656215909
Timor-Leste,TLS,2016,21.20000076
Togo,TGO,2016,11.31000042
Tonga,TON,2016,39.95000076
Trinidad and Tobago,TTO,2016,67.80000305
Tunisia,TUN,2016,49.5999948415756
Turkiye,TUR,2016,58.3477340145685
Turkmenistan,TKM,2016,17.99029922
Tuvalu,TUV,2016,31.0
Uganda,UGA,2016,5.9
Ukraine,UKR,2016,53.0009695981884
United Arab Emirates,ARE,2016,90.6000073180483
United Kingdom,GBR,2016,94.7758006318882
United States,USA,2016,85.5444212887222
Uruguay,URY,2016,66.40000153
Uzbekistan,UZB,2016,46.79130173
"Venezuela, RB",VEN,2016,60.0
Viet Nam,VNM,2016,53.0
Virgin Islands (U.S.),VIR,2016,59.60831579895
West Bank and Gaza,PSE,2016,59.90000153
"Yemen, Rep.",YEM,2016,24.57920074
Zambia,ZMB,2016,10.30000019
Zimbabwe,ZWE,2016,23.12000084
Afghanistan,AFG,2017,13.5
Albania,ALB,2017,62.40000153
Algeria,DZA,2017,47.69110107
Andorra,AND,2017,91.5674670273926
Angola,AGO,2017,26.0
Antigua and Barbuda,ATG,2017,70.54419708
Argentina,ARG,2017,74.2949068657957
Armenia,ARM,2017,64.7448843250726
Aruba,ABW,2017,97.17
Australia,AUS,2017,86.5450488476768
Austria,AUT,2017,87.9355865856062
Azerbaijan,AZE,2017,79.0
"Bahamas, The",BHS,2017,80.59999847
Bahrain,BHR,2017,95.8781357543453
Bangladesh,BGD,2017,21.5
Barbados,BRB,2017,71.14849854
Belarus,BLR,2017,74.4364454136036
Belgium,BEL,2017,87.6796808175598
Belize,BLZ,2017,48.8771019
Benin,BEN,2017,18.7
Bermuda,BMU,2017,98.37
Bhutan,BTN,2017,54.33549881
Bolivia,BOL,2017,43.83229828
Bosnia and Herzegovina,BIH,2017,64.8920205128383
Botswana,BWA,2017,43.57640076
Brazil,BRA,2017,67.4712845236305
British Virgin Islands,VGB,2017,77.7042682926829
Brunei Darussalam,BRN,2017,94.86669922
Bulgaria,BGR,2017,63.4101013837926
Burkina Faso,BFA,2017,7.790400028
Burundi,BDI,2017,2.6607485347534
Cabo Verde,CPV,2017,57.1621463484891
Cambodia,KHM,2017,32.9002785437986
Cameroon,CMR,2017,23.2029719748646
Canada,CAN,2017,92.70140076
Cayman Islands,CYM,2017,81.0676932508161
Central African Republic,CAF,2017,4.0
Chad,TCD,2017,6.351900101
Chile,CHL,2017,82.3274869338464
China,CHN,2017,54.3
Colombia,COL,2017,62.2598803162841
Comoros,COM,2017,8.478199959
"Congo, Rep.",COG,2017,8.649999619
Costa Rica,CRI,2017,71.5816646195022
Cote d'Ivoire,CIV,2017,43.8399208514876
Croatia,HRV,2017,67.0961920368478
Cuba,CUB,2017,57.1484043170788
Curacao,CUW,2017,68.1272162511339
Cyprus,CYP,2017,80.743188971932
Czechia,CZE,2017,78.7191728513432
Denmark,DNK,2017,97.0993621555621
Djibouti,DJI,2017,55.6814092453962
Dominica,DMA,2017,69.61969757
Dominican Republic,DOM,2017,67.5712453277737
Ecuador,ECU,2017,55.79999924
"Egypt, Arab Rep.",EGY,2017,44.9502042452857
El Salvador,SLV,2017,33.8207289048526
Equatorial Guinea,GNQ,2017,26.23999977
Eritrea,ERI,2017,2.496099949
Estonia,EST,2017,88.1024568740199
Eswatini,SWZ,2017,35.33160019
Ethiopia,ETH,2017,15.62440014
Faroe Islands,FRO,2017,97.5819589384468
Fiji,FJI,2017,53.6473999
Finland,FIN,2017,87.4689290730615
France,FRA,2017,80.5024597243607
French Polynesia,PYF,2017,72.7038953132942
Gabon,GAB,2017,51.60490036
"Gambia, The",GMB,2017,22.5156002
Georgia,GEO,2017,59.7055045962571
Germany,DEU,2017,84.3941537010844
Ghana,GHA,2017,37.88420105
Greece,GRC,2017,69.8929706543154
Greenland,GRL,2017,69.4824617821988
Grenada,GRD,2017,54.20000076
Guam,GUM,2017,80.5054655600831
Guatemala,GTM,2017,37.90000153
Guinea,GIN,2017,18.70000076
Guinea-Bissau,GNB,2017,14.80000019
Guyana,GUY,2017,42.6753006
Haiti,HTI,2017,27.20000076
Honduras,HND,2017,31.7357924661485
"Hong Kong SAR, China",HKG,2017,89.4159446487565
Hungary,HUN,2017,76.7505471201922
Iceland,ISL,2017,98.2552011867973
India,IND,2017,18.20000076
Indonesia,IDN,2017,32.335806250688
"Iran, Islamic Rep.",IRN,2017,64.0439736249513
Iraq,IRQ,2017,25.96920013
Ireland,IRL,2017,84.1140070623844
Israel,ISR,2017,81.5811835871611
Italy,ITA,2017,63.0773469984291
Jamaica,JAM,2017,55.0720670507751
Japan,JPN,2017,91.7265472366635
Jordan,JOR,2017,64.5
Kazakhstan,KAZ,2017,76.4267482325439
Kenya,KEN,2017,17.82710075
Kiribati,KIR,2017,25.30960083
"Korea, Rep.",KOR,2017,95.0694218761004
Kosovo,XKX,2017,83.8935968102791
Kuwait,KWT,2017,97.9999893344615
Kyrgyz Republic,KGZ,2017,50.80530167
Lao PDR,LAO,2017,25.51040077
Latvia,LVA,2017,80.1140770037369
Lebanon,LBN,2017,78.18080139
Lesotho,LSO,2017,39.0
Liberia,LBR,2017,16.29999924
Libya,LBY,2017,47.5
Liechtenstein,LIE,2017,99.54660034
Lithuania,LTU,2017,77.6152565124514
Luxembourg,LUX,2017,97.3629603241751
"Macao SAR, China",MAC,2017,83.1740890688259
Madagascar,MDG,2017,6.406000137
Malawi,MWI,2017,7.0
Malaysia,MYS,2017,80.1404790103961
Maldives,MDV,2017,64.95500183
Mali,MLI,2017,18.89999962
Malta,MLT,2017,81.0119110762945
Marshall Islands,MHL,2017,38.70119858
Mauritania,MRT,2017,21.01720047
Mauritius,MUS,2017,55.4032403002657
Mexico,MEX,2017,53.0317886110982
"Micronesia, Fed. Sts.",FSM,2017,35.30410004
Moldova,MDA,2017,71.76709747
Monaco,MCO,2017,97.0530014
Mongolia,MNG,2017,23.71430016
Montenegro,MNE,2017,71.2723325399382
Morocco,MAR,2017,61.7622120123071
Mozambique,MOZ,2017,7.7963266079129
Myanmar,MMR,2017,23.621081950267
Namibia,NAM,2017,36.83739853
Naoero,NRU,2017,62.38510132
Nepal,NPL,2017,24.3
Netherlands,NLD,2017,93.1972789115646
New Caledonia,NCL,2017,82.0058408035186
New Zealand,NZL,2017,87.69999695
Nicaragua,NIC,2017,30.39999962
Niger,NER,2017,10.2243115586561
Nigeria,NGA,2017,25.87789917
North Macedonia,MKD,2017,74.5168241807954
Norway,NOR,2017,96.3576012951191
Oman,OMN,2017,80.18560028
Pakistan,PAK,2017,13.77999973
Panama,PAN,2017,59.9506309038683
Papua New Guinea,PNG,2017,11.20919991
Paraguay,PRY,2017,61.0757562215797
Peru,PER,2017,50.4504121848143
Philippines,PHL,2017,41.59999847
Poland,POL,2017,75.9853659493832
Portugal,PRT,2017,73.7912139515729
Puerto Rico (US),PRI,2017,68.7407731407209
Qatar,QAT,2017,97.3888491654164
Romania,ROU,2017,63.7472821822484
Russian Federation,RUS,2017,76.0081385339105
Rwanda,RWA,2017,17.2
San Marino,SMR,2017,60.18230057
Sao Tome and Principe,STP,2017,32.61640167
Saudi Arabia,SAU,2017,94.1755996113911
Senegal,SEN,2017,29.64310074
Serbia,SRB,2017,70.3308355269141
Seychelles,SYC,2017,62.55310059
Sierra Leone,SLE,2017,9.297100067
Singapore,SGP,2017,84.4522678893074
Slovak Republic,SVK,2017,81.6256675172655
Slovenia,SVN,2017,78.8854263554775
Solomon Islands,SLB,2017,15.14840031
South Africa,ZAF,2017,56.16740036
South Sudan,SSD,2017,4.1
Spain,ESP,2017,84.6022457016524
Sri Lanka,LKA,2017,25.07550049
St. Kitts and Nevis,KNA,2017,67.78440094
St. Lucia,LCA,2017,59.16009903
St. Vincent and the Grenadines,VCT,2017,53.70000076
Sudan,SDN,2017,18.60000038
Suriname,SUR,2017,48.94520187
Sweden,SWE,2017,93.0062669652127
Switzerland,CHE,2017,89.6861476710225
Syrian Arab Republic,SYR,2017,32.70000076
Tajikistan,TJK,2017,21.95999908
Tanzania,TZA,2017,14.46339989
Thailand,THA,2017,52.8919293439676
Timor-Leste,TLS,2017,24.20000076
Togo,TGO,2017,12.3602249692905
Tonga,TON,2017,46.20080185
Trinidad and Tobago,TTO,2017,70.59999847
Tunisia,TUN,2017,55.5001550633671
Turkiye,TUR,2017,64.6846176835371
Tuvalu,TUV,2017,35.20000076
Uganda,UGA,2017,7.417900085
Ukraine,UKR,2017,58.8894794459775
United Arab Emirates,ARE,2017,94.8199225383446
United Kingdom,GBR,2017,90.4245504868553
United States,USA,2017,87.2748891687657
Uruguay,URY,2017,70.3223543994698
Uzbekistan,UZB,2017,48.6999988524556
Viet Nam,VNM,2017,58.1400000036297
Virgin Islands (U.S.),VIR,2017,64.3774942980087
West Bank and Gaza,PSE,2017,63.29999924
Zambia,ZMB,2017,12.19999981
Zimbabwe,ZWE,2017,24.39999962
Afghanistan,AFG,2018,16.79999924
Albania,ALB,2018,65.40000153
Algeria,DZA,2018,49.0384680793271
Andorra,AND,2018,93.5
Angola,AGO,2018,29.0
Antigua and Barbuda,ATG,2018,70.81790161
Argentina,ARG,2018,77.7
Armenia,ARM,2018,68.2450522610271
Australia,AUS,2018,90.0082016
Austria,AUT,2018,87.4791372262556
Azerbaijan,AZE,2018,79.7999954887896
"Bahamas, The",BHS,2018,83.0
Bahrain,BHR,2018,98.6446725799886
Bangladesh,BGD,2018,25.56509972
Barbados,BRB,2018,70.72650146
Belarus,BLR,2018,79.1298866919307
Belgium,BEL,2018,88.6473429951691
Belize,BLZ,2018,53.59360123
Benin,BEN,2018,19.0
Bhutan,BTN,2018,63.48680115
Bolivia,BOL,2018,44.2861422024283
Bosnia and Herzegovina,BIH,2018,70.1201350394885
Botswana,BWA,2018,46.12509918
Brazil,BRA,2018,70.4342825404361
Brunei Darussalam,BRN,2018,95.0
Bulgaria,BGR,2018,64.78201069118
Burkina Faso,BFA,2018,8.498900414
Burundi,BDI,2018,4.019499779
Cabo Verde,CPV,2018,59.5
Cambodia,KHM,2018,65.0
Cameroon,CMR,2018,29.70000076
Canada,CAN,2018,94.64
Central African Republic,CAF,2018,5.099999905
Chad,TCD,2018,6.956299782
Chile,CHL,2018,84.90000153
China,CHN,2018,65.35839844
Colombia,COL,2018,64.1263768204459
"Congo, Dem. Rep.",COD,2018,11.69999981
"Congo, Rep.",COG,2018,11.8071003
Costa Rica,CRI,2018,73.4797284369906
Cote d'Ivoire,CIV,2018,37.5465361301281
Croatia,HRV,2018,75.2946259897258
Cuba,CUB,2018,62.6789236230601
Cyprus,CYP,2018,84.4335825186889
Czechia,CZE,2018,80.6881675434288
Denmark,DNK,2018,97.3192043651002
Djibouti,DJI,2018,57.06169891
Dominican Republic,DOM,2018,74.8220483597284
Ecuador,ECU,2018,57.5
"Egypt, Arab Rep.",EGY,2018,46.92433676792
El Salvador,SLV,2018,43.79999924
Equatorial Guinea,GNQ,2018,29.39999962
Eritrea,ERI,2018,5.293000221
Estonia,EST,2018,89.3570077747426
Eswatini,SWZ,2018,39.38100052
Ethiopia,ETH,2018,15.88619995
Fiji,FJI,2018,58.2364006
Finland,FIN,2018,88.8899599985585
France,FRA,2018,82.0431867788484
Gabon,GAB,2018,55.42020035
"Gambia, The",GMB,2018,28.30900002
Georgia,GEO,2018,62.7179081974285
Germany,DEU,2018,87.037112092841
Ghana,GHA,2018,43.0
Greece,GRC,2018,72.2383733920483
Grenada,GRD,2018,61.42459869
Guatemala,GTM,2018,41.5
Guinea,GIN,2018,21.8300230430563
Guinea-Bissau,GNB,2018,15.69999981
Guyana,GUY,2018,48.59889984
Haiti,HTI,2018,32.4736271300557
Honduras,HND,2018,36.0400608231468
"Hong Kong SAR, China",HKG,2018,90.5073953294283
Hungary,HUN,2018,76.0743606365063
Iceland,ISL,2018,99.0109539916991
India,IND,2018,20.0813000379384
Indonesia,IDN,2018,39.9046386385762
"Iran, Islamic Rep.",IRN,2018,70.2005650008363
Iraq,IRQ,2018,33.92810059
Ireland,IRL,2018,87.0001401148942
Israel,ISR,2018,83.7331569615326
Italy,ITA,2018,74.3871829234822
Jamaica,JAM,2018,68.2145170876072
Japan,JPN,2018,88.7463508901772
Jordan,JOR,2018,65.2
Kazakhstan,KAZ,2018,78.9039190578816
Kenya,KEN,2018,19.5
Kiribati,KIR,2018,32.9864006
"Korea, Rep.",KOR,2018,96.0228595797887
Kosovo,XKX,2018,89.4430319734879
Kuwait,KWT,2018,99.5988495907557
Kyrgyz Republic,KGZ,2018,62.8
Lao PDR,LAO,2018,36.27130127
Latvia,LVA,2018,83.5771748630956
Lebanon,LBN,2018,80.90000153
Lesotho,LSO,2018,40.79999924
Liberia,LBR,2018,17.27770042
Libya,LBY,2018,47.5
Lithuania,LTU,2018,79.7225827680518
Luxembourg,LUX,2018,97.061298705829
"Macao SAR, China",MAC,2018,83.7940896091516
Madagascar,MDG,2018,7.747799873
Malawi,MWI,2018,8.798299789
Malaysia,MYS,2018,81.2010486181174
Maldives,MDV,2018,70.93689728
Mali,MLI,2018,21.39999962
Malta,MLT,2018,81.6580442928014
Marshall Islands,MHL,2018,43.88249969
Mauritania,MRT,2018,22.96699905
Mauritius,MUS,2018,58.596169704299
Mexico,MEX,2018,56.6595667981289
"Micronesia, Fed. Sts.",FSM,2018,36.61460114
Moldova,MDA,2018,72.54239655
Mongolia,MNG,2018,47.1300018848989
Montenegro,MNE,2018,71.5171004874886
Morocco,MAR,2018,64.8038651924043
Mozambique,MOZ,2018,10.89999962
Myanmar,MMR,2018,29.37899971
Namibia,NAM,2018,42.8207016
Nepal,NPL,2018,28.60000038
Netherlands,NLD,2018,91.8918918918919
New Zealand,NZL,2018,89.0
Nicaragua,NIC,2018,33.9129982
Niger,NER,2018,10.74180031
Nigeria,NGA,2018,27.74370003
North Macedonia,MKD,2018,79.1677551850871
Norway,NOR,2018,96.4916579887094
Oman,OMN,2018,85.5
Pakistan,PAK,2018,15.34000015
Panama,PAN,2018,61.8055313202468
Papua New Guinea,PNG,2018,12.35789967
Paraguay,PRY,2018,64.9935430235756
Peru,PER,2018,55.0543342443197
Philippines,PHL,2018,44.09999847
Poland,POL,2018,77.5417345350006
Portugal,PRT,2018,74.6609681487507
Puerto Rico (US),PRI,2018,70.8563997424362
Qatar,QAT,2018,99.6528491261175
Romania,ROU,2018,70.6812779273268
Russian Federation,RUS,2018,80.8647218726954
Rwanda,RWA,2018,19.16659927
Sao Tome and Principe,STP,2018,37.99380112
Saudi Arabia,SAU,2018,93.3100018480347
Senegal,SEN,2018,35.29999924
Serbia,SRB,2018,73.360709154564
Seychelles,SYC,2018,69.23660278
Sierra Leone,SLE,2018,14.42230034
Singapore,SGP,2018,88.1656360313447
Slovak Republic,SVK,2018,80.4489224826099
Slovenia,SVN,2018,79.7499765956562
Solomon Islands,SLB,2018,20.8593998
South Africa,ZAF,2018,62.40000153
South Sudan,SSD,2018,4.800000191
Spain,ESP,2018,86.107235525659
Sri Lanka,LKA,2018,28.33620071
St. Kitts and Nevis,KNA,2018,68.60479736
St. Lucia,LCA,2018,60.11259842
St. Vincent and the Grenadines,VCT,2018,56.0
Suriname,SUR,2018,55.10210037
Sweden,SWE,2018,89.2469631588137
Switzerland,CHE,2018,91.80000305
Syrian Arab Republic,SYR,2018,33.77000046
Tajikistan,TJK,2018,32.59999847
Tanzania,TZA,2018,15.49069977
Thailand,THA,2018,56.8174809301456
Timor-Leste,TLS,2018,27.60000038
Togo,TGO,2018,15.5
Tonga,TON,2018,48.80789948
Trinidad and Tobago,TTO,2018,72.76029968
Tunisia,TUN,2018,64.1908102327387
Turkiye,TUR,2018,71.0427608433809
Uganda,UGA,2018,9.326299667
Ukraine,UKR,2018,62.5531553933869
United Arab Emirates,ARE,2018,98.4500017817194
United Kingdom,GBR,2018,90.692008988783
United States,USA,2018,88.498903165152
Uruguay,URY,2018,80.7268428795854
Uzbekistan,UZB,2018,55.2000006732722
Viet Nam,VNM,2018,69.8479286837965
West Bank and Gaza,PSE,2018,64.3999937114499
Zambia,ZMB,2018,14.2999970950012
Zimbabwe,ZWE,2018,25.0
Afghanistan,AFG,2019,17.60000038
Albania,ALB,2019,68.5503911218006
Algeria,DZA,2019,55.79069901
Andorra,AND,2019,90.71869659
Angola,AGO,2019,32.12939835
Antigua and Barbuda,ATG,2019,71.09259796
Argentina,ARG,2019,79.9469520347551
Armenia,ARM,2019,66.5439496866159
Australia,AUS,2019,93.60990143
Austria,AUT,2019,87.7522047870069
Azerbaijan,AZE,2019,81.0999990651547
"Bahamas, The",BHS,2019,90.69329834
Bahrain,BHR,2019,99.7015043807778
Bangladesh,BGD,2019,30.38310051
Barbados,BRB,2019,70.30709839
Belarus,BLR,2019,82.7891520910901
Belgium,BEL,2019,90.275428012141
Belize,BLZ,2019,58.76520157
Benin,BEN,2019,20.50099945
Bhutan,BTN,2019,74.17939758
Bolivia,BOL,2019,47.4748191121692
Bosnia and Herzegovina,BIH,2019,69.9463476317266
Botswana,BWA,2019,48.82279968
Brazil,BRA,2019,73.9124399133589
Brunei Darussalam,BRN,2019,95.0
Bulgaria,BGR,2019,67.9469809417603
Burkina Faso,BFA,2019,9.27180600953186
Burundi,BDI,2019,6.072199821
Cabo Verde,CPV,2019,61.9433977593088
Cambodia,KHM,2019,52.305878224498
Cameroon,CMR,2019,36.53919983
Canada,CAN,2019,91.91290283
Central African Republic,CAF,2019,7.509200096
Chad,TCD,2019,7.618199825
Chile,CHL,2019,85.01760101
China,CHN,2019,64.080881297515
Colombia,COL,2019,65.0069007159493
Comoros,COM,2019,16.38380051
"Congo, Dem. Rep.",COD,2019,13.02970028
"Congo, Rep.",COG,2019,16.11639977
Costa Rica,CRI,2019,81.2025964435269
Cote d'Ivoire,CIV,2019,36.2889545655205
Croatia,HRV,2019,79.0797836757554
Cuba,CUB,2019,67.9708086565152
Cyprus,CYP,2019,86.0636299618935
Czechia,CZE,2019,80.8669444139622
Denmark,DNK,2019,98.0464347521549
Djibouti,DJI,2019,58.4762001
Dominica,DMA,2019,73.38200378
Dominican Republic,DOM,2019,79.71549988
Ecuador,ECU,2019,59.2
"Egypt, Arab Rep.",EGY,2019,57.2828663990195
El Salvador,SLV,2019,50.4911940673888
Equatorial Guinea,GNQ,2019,49.13370132
Eritrea,ERI,2019,11.22379971
Estonia,EST,2019,90.2289281997919
Eswatini,SWZ,2019,43.93389893
Ethiopia,ETH,2019,15.98460007
Fiji,FJI,2019,63.21789932
Finland,FIN,2019,89.6073851129779
France,FRA,2019,83.3397440866883
Gabon,GAB,2019,59.51760101
"Gambia, The",GMB,2019,31.11829948
Georgia,GEO,2019,68.8467135616978
Germany,DEU,2019,88.1345169091916
Ghana,GHA,2019,22.0732
Greece,GRC,2019,75.6712066931757
Grenada,GRD,2019,64.31279755
Guatemala,GTM,2019,44.401049838502
Guinea,GIN,2019,23.89049911
Guinea-Bissau,GNB,2019,17.92149925
Guyana,GUY,2019,55.31269836
Haiti,HTI,2019,35.76409912
Honduras,HND,2019,39.3883521850111
"Hong Kong SAR, China",HKG,2019,91.7434003891587
Hungary,HUN,2019,80.3716936050482
Iceland,ISL,2019,99.5049411693787
India,IND,2019,29.52350044
Indonesia,IDN,2019,47.6906489788375
"Iran, Islamic Rep.",IRN,2019,72.4509047672065
Iraq,IRQ,2019,44.3263465511579
Ireland,IRL,2019,87.0000552425146
Israel,ISR,2019,86.7878776180583
Italy,ITA,2019,67.8507102874836
Jamaica,JAM,2019,70.8410169743356
Japan,JPN,2019,92.7303978145525
Jordan,JOR,2019,70.08470154
Kazakhstan,KAZ,2019,81.8776204746284
Kenya,KEN,2019,22.6687733618171
Kiribati,KIR,2019,41.79299927
"Korea, Rep.",KOR,2019,96.157579184239
Kuwait,KWT,2019,99.5426764518489
Kyrgyz Republic,KGZ,2019,64.1
Lao PDR,LAO,2019,47.03229904
Latvia,LVA,2019,86.13545644343
Lebanon,LBN,2019,81.48120117
Lesotho,LSO,2019,42.301733569273
Liberia,LBR,2019,19.89579964
Libya,LBY,2019,71.40409851
Liechtenstein,LIE,2019,93.14610291
Lithuania,LTU,2019,81.5818683764046
Luxembourg,LUX,2019,97.120635693272
"Macao SAR, China",MAC,2019,86.4679257062588
Madagascar,MDG,2019,9.379400253
Malawi,MWI,2019,11.05860043
Malaysia,MYS,2019,84.1871450078281
Maldives,MDV,2019,77.46970367
Mali,MLI,2019,24.96030045
Malta,MLT,2019,85.7785963798031
Marshall Islands,MHL,2019,49.75749969
Mauritania,MRT,2019,25.0977993
Mauritius,MUS,2019,61.7299551453346
Mexico,MEX,2019,69.6321092705209
"Micronesia, Fed. Sts.",FSM,2019,37.97370148
Moldova,MDA,2019,73.32610321
Monaco,MCO,2019,98.0
Mongolia,MNG,2019,51.079994082603
Montenegro,MNE,2019,73.4766657478691
Morocco,MAR,2019,84.1203630467602
Mozambique,MOZ,2019,12.47929955
Myanmar,MMR,2019,36.54050064
Namibia,NAM,2019,49.77590179
Naoero,NRU,2019,74.73789978
Nepal,NPL,2019,33.33660126
Netherlands,NLD,2019,93.2885906040269
New Zealand,NZL,2019,89.86370087
Nicaragua,NIC,2019,39.01079941
Niger,NER,2019,11.28549957
Nigeria,NGA,2019,29.74410057
North Macedonia,MKD,2019,81.4128827618364
Norway,NOR,2019,98.0000043853142
Oman,OMN,2019,90.25939941
Pakistan,PAK,2019,17.070901719916
Panama,PAN,2019,63.6284147731451
Papua New Guinea,PNG,2019,13.62419987
Paraguay,PRY,2019,68.5176284222264
Peru,PER,2019,59.9505036049006
Philippines,PHL,2019,43.0266118680279
Poland,POL,2019,80.4359068768673
Portugal,PRT,2019,75.3463779408712
Puerto Rico (US),PRI,2019,77.7364393708352
Qatar,QAT,2019,99.6528042086389
Romania,ROU,2019,73.6574757545465
Russian Federation,RUS,2019,82.6421618670668
Rwanda,RWA,2019,21.3579998
San Marino,SMR,2019,67.85070038
Sao Tome and Principe,STP,2019,44.25790024
Saudi Arabia,SAU,2019,95.7247355953812
Senegal,SEN,2019,43.37969971
Serbia,SRB,2019,77.4167736219802
Seychelles,SYC,2019,76.63420105
Sierra Leone,SLE,2019,15.71370029
Singapore,SGP,2019,88.9492526850762
Slovak Republic,SVK,2019,82.8536605021784
Slovenia,SVN,2019,83.1083578026717
Solomon Islands,SLB,2019,22.48880005
"Somalia, Fed. Rep.",SOM,2019,2.731400013
South Africa,ZAF,2019,69.69689941
South Sudan,SSD,2019,6.671000004
Spain,ESP,2019,90.718665325267
Sri Lanka,LKA,2019,32.02090073
St. Kitts and Nevis,KNA,2019,69.43499756
St. Lucia,LCA,2019,61.08050156
St. Vincent and the Grenadines,VCT,2019,59.57630157
Suriname,SUR,2019,62.03350067
Sweden,SWE,2019,94.4934434072202
Switzerland,CHE,2019,93.1460869535177
Tajikistan,TJK,2019,22.68630028
Tanzania,TZA,2019,16.59090042
Thailand,THA,2019,66.6524194587528
Timor-Leste,TLS,2019,28.00460052
Togo,TGO,2019,20.72730064
Tonga,TON,2019,51.56299973
Trinidad and Tobago,TTO,2019,74.98670197
Tunisia,TUN,2019,66.6999983024144
Turkiye,TUR,2019,73.9767022871511
Uganda,UGA,2019,11.72579956
Ukraine,UKR,2019,70.1248442995263
United Arab Emirates,ARE,2019,99.1499979561243
United Kingdom,GBR,2019,92.5166285497138
United States,USA,2019,89.4302848575712
Uruguay,URY,2019,83.3515337667548
Uzbekistan,UZB,2019,70.3999986481458
"Venezuela, RB",VEN,2019,49.05009842
Viet Nam,VNM,2019,68.6615802057338
West Bank and Gaza,PSE,2019,70.6225837001758
"Yemen, Rep.",YEM,2019,17.49099922
Zambia,ZMB,2019,14.47189999
Zimbabwe,ZWE,2019,26.5883007
Afghanistan,AFG,2020,17.04850006
Albania,ALB,2020,72.23767711
Algeria,DZA,2020,63.47269821
Andorra,AND,2020,93.20570374
Angola,AGO,2020,33.32089996
Antigua and Barbuda,ATG,2020,71.36840057
Argentina,ARG,2020,85.51438646
Armenia,ARM,2020,76.50770055
Australia,AUS,2020,94.6934967
Austria,AUT,2020,87.52942813
Azerbaijan,AZE,2020,84.59999573
"Bahamas, The",BHS,2020,92.4437027
Bahrain,BHR,2020,99.67103159
Bangladesh,BGD,2020,36.10910034
Barbados,BRB,2020,69.89009857
Belarus,BLR,2020,85.08791245
Belgium,BEL,2020,91.52641629
Belize,BLZ,2020,64.43589783
Benin,BEN,2020,22.12059975
Bhutan,BTN,2020,76.85079956
Bolivia,BOL,2020,59.94010155
Bosnia and Herzegovina,BIH,2020,73.21175294
Botswana,BWA,2020,51.67819977
Brazil,BRA,2020,81.34269353
Brunei Darussalam,BRN,2020,96.30549622
Bulgaria,BGR,2020,70.16248359
Burkina Faso,BFA,2020,12.97319984
Burundi,BDI,2020,6.430099964
Cabo Verde,CPV,2020,69.37339783
Cambodia,KHM,2020,56.37590027
Cameroon,CMR,2020,37.69749832
Canada,CAN,2020,92.3
Chad,TCD,2020,8.343099594
Chile,CHL,2020,87.45929718
China,CHN,2020,70.05275998
Colombia,COL,2020,69.79533474
Comoros,COM,2020,22.42040062
"Congo, Dem. Rep.",COD,2020,14.51049995
"Congo, Rep.",COG,2020,21.99850082
Costa Rica,CRI,2020,80.53018608
Cote d'Ivoire,CIV,2020,36.01660156
Croatia,HRV,2020,78.32090004
Cuba,CUB,2020,71.11907507
Cyprus,CYP,2020,90.80194644
Czechia,CZE,2020,81.33889705
Denmark,DNK,2020,96.54914573
Djibouti,DJI,2020,59.92570114
Dominica,DMA,2020,75.65670013
Dominican Republic,DOM,2020,81.61730194
Ecuador,ECU,2020,70.7
"Egypt, Arab Rep.",EGY,2020,71.91420096
El Salvador,SLV,2020,54.60136976
Equatorial Guinea,GNQ,2020,55.00130081
Eritrea,ERI,2020,14.34939957
Estonia,EST,2020,89.05828666
Eswatini,SWZ,2020,49.01300049
Ethiopia,ETH,2020,16.06959915
Fiji,FJI,2020,68.62560272
Finland,FIN,2020,92.17027106
France,FRA,2020,84.70639801
Gabon,GAB,2020,63.91790009
"Gambia, The",GMB,2020,36.01100159
Georgia,GEO,2020,72.53157487
Germany,DEU,2020,89.81294133
Ghana,GHA,2020,62.51760101
Greece,GRC,2020,78.11584474
Grenada,GRD,2020,65.65380096
Guatemala,GTM,2020,47.51229858
Guinea,GIN,2020,26.14550018
Guinea-Bissau,GNB,2020,20.45730019
Guyana,GUY,2020,62.95399857
Haiti,HTI,2020,39.38809967
Honduras,HND,2020,45.24829865
"Hong Kong SAR, China",HKG,2020,92.41313602
Hungary,HUN,2020,84.77115202
Iceland,ISL,2020,99.5327519
India,IND,2020,43.40544313
Indonesia,IDN,2020,53.72649449
"Iran, Islamic Rep.",IRN,2020,75.56986637
Iraq,IRQ,2020,53.67779922
Ireland,IRL,2020,91.99989097
Israel,ISR,2020,90.12734091
Italy,ITA,2020,70.48342785
Jamaica,JAM,2020,76.38400269
Japan,JPN,2020,90.21945812
Jordan,JOR,2020,78.4178009
Kazakhstan,KAZ,2020,85.94259898
Kenya,KEN,2020,24.7227993
Kiribati,KIR,2020,52.95090103
"Korea, Rep.",KOR,2020,96.50506052
Kuwait,KWT,2020,99.10587017
Kyrgyz Republic,KGZ,2020,72.0
Lao PDR,LAO,2020,54.0
Latvia,LVA,2020,88.89796078
Lebanon,LBN,2020,82.0664978
Lesotho,LSO,2020,43.65750122
Liberia,LBR,2020,22.91069984
Libya,LBY,2020,74.35810089
Liechtenstein,LIE,2020,94.34999847
Lithuania,LTU,2020,83.05554724
Luxembourg,LUX,2020,98.45962893
"Macao SAR, China",MAC,2020,87.46230316
Madagascar,MDG,2020,11.35470009
Malawi,MWI,2020,13.89949989
Malaysia,MYS,2020,89.55501192
Maldives,MDV,2020,79.09780121
Mali,MLI,2020,29.11300087
Malta,MLT,2020,86.85876183
Marshall Islands,MHL,2020,56.41910172
Mauritania,MRT,2020,29.90649986
Mauritius,MUS,2020,67.73290684
Mexico,MEX,2020,71.49017499
"Micronesia, Fed. Sts.",FSM,2020,39.38330078
Moldova,MDA,2020,74.11830139
Monaco,MCO,2020,98.57080078
Mongolia,MNG,2020,62.50002848
Montenegro,MNE,2020,77.60879306
Morocco,MAR,2020,84.12036305
Mozambique,MOZ,2020,14.28740025
Myanmar,MMR,2020,45.4477005
Namibia,NAM,2020,57.8608017
Naoero,NRU,2020,77.46659851
Nepal,NPL,2020,36.96530151
Netherlands,NLD,2020,91.33333333
New Zealand,NZL,2020,90.92099762
Nicaragua,NIC,2020,44.87490082
Niger,NER,2020,11.85680008
Nigeria,NGA,2020,31.88879967
North Macedonia,MKD,2020,81.40553811
Norway,NOR,2020,94.60755647
Oman,OMN,2020,95.23229321
Pakistan,PAK,2020,18.935
Panama,PAN,2020,64.82430267
Papua New Guinea,PNG,2020,15.02040005
Paraguay,PRY,2020,73.95751114
Peru,PER,2020,65.25179796
Philippines,PHL,2020,53.76490021
Poland,POL,2020,83.18488715
Portugal,PRT,2020,78.26166044
Qatar,QAT,2020,99.65284913
Romania,ROU,2020,78.45526895
Russian Federation,RUS,2020,84.99466978
Rwanda,RWA,2020,23.8
San Marino,SMR,2020,77.94999695
Sao Tome and Principe,STP,2020,51.55469894
Saudi Arabia,SAU,2020,97.8623325
Senegal,SEN,2020,53.30879974
Serbia,SRB,2020,78.36804864
Seychelles,SYC,2020,79.25170135
Sierra Leone,SLE,2020,17.12080002
Singapore,SGP,2020,92.00434653
Slovak Republic,SVK,2020,89.92090413
Slovenia,SVN,2020,86.60130109
Solomon Islands,SLB,2020,24.1984005
"Somalia, Fed. Rep.",SOM,2020,15.02369976
South Africa,ZAF,2020,72.1128006
Spain,ESP,2020,93.20564892
Sri Lanka,LKA,2020,36.18473435
St. Kitts and Nevis,KNA,2020,70.27529907
St. Lucia,LCA,2020,62.06399918
St. Vincent and the Grenadines,VCT,2020,63.38100052
Sweden,SWE,2020,94.53943122
Switzerland,CHE,2020,94.34999847
Tajikistan,TJK,2020,27.54409981
Tanzania,TZA,2020,19.48139954
Thailand,THA,2020,77.84374066
Timor-Leste,TLS,2020,32.01269913
Togo,TGO,2020,29.02370071
Tonga,TON,2020,54.47370148
Trinidad and Tobago,TTO,2020,77.28130341
Tunisia,TUN,2020,68.55639648
Turkiye,TUR,2020,77.6695605
Uganda,UGA,2020,7.4
Ukraine,UKR,2020,75.03790912
United Arab Emirates,ARE,2020,100.0
United Kingdom,GBR,2020,94.81820132
United States,USA,2020,90.34470367
Uruguay,URY,2020,85.47100067
Uzbekistan,UZB,2020,71.09999824
"Venezuela, RB",VEN,2020,72.44110107
Viet Nam,VNM,2020,70.30000012
West Bank and Gaza,PSE,2020,76.18160248
Zambia,ZMB,2020,14.64579964
Zimbabwe,ZWE,2020,29.29856532
Afghanistan,AFG,2021,16.51429939
Albania,ALB,2021,79.32371752
Algeria,DZA,2021,72.21240234
Andorra,AND,2021,93.89749908
Angola,AGO,2021,34.55649948
Antigua and Barbuda,ATG,2021,71.64530182
Argentina,ARG,2021,87.15070683
Armenia,ARM,2021,78.61225758
Australia,AUS,2021,96.97219849
Austria,AUT,2021,92.52915104
Azerbaijan,AZE,2021,85.99998954
"Bahamas, The",BHS,2021,92.34980011
Bahrain,BHR,2021,100.0
Bangladesh,BGD,2021,38.91744466
Barbados,BRB,2021,69.4756012
Belarus,BLR,2021,86.88841196
Belgium,BEL,2021,92.78867618
Belize,BLZ,2021,70.65370178
Benin,BEN,2021,28.20470047
Bhutan,BTN,2021,85.63688389
Bolivia,BOL,2021,65.9773785
Bosnia and Herzegovina,BIH,2021,75.67620138
Botswana,BWA,2021,54.70069885
Brazil,BRA,2021,80.68989314
Brunei Darussalam,BRN,2021,97.62879944
Bulgaria,BGR,2021,75.27144583
Burkina Faso,BFA,2021,18.1522007
Burundi,BDI,2021,6.777999878
Cabo Verde,CPV,2021,70.28250122
Cambodia,KHM,2021,60.76269913
Cameroon,CMR,2021,38.89260101
Canada,CAN,2021,93.93710327
Chad,TCD,2021,9.653699875
Chile,CHL,2021,90.23280334
China,CHN,2021,73.05323517
Colombia,COL,2021,73.02837449
Comoros,COM,2021,30.68120003
"Congo, Dem. Rep.",COD,2021,16.1595993
"Congo, Rep.",COG,2021,30.02739906
Costa Rica,CRI,2021,82.74901607
Cote d'Ivoire,CIV,2021,35.95069885
Croatia,HRV,2021,81.25396608
Cuba,CUB,2021,67.64354869
Cyprus,CYP,2021,90.75951564
Czechia,CZE,2021,82.67062427
Denmark,DNK,2021,98.8658506
Djibouti,DJI,2021,61.41120148
Dominica,DMA,2021,78.07949829
Dominican Republic,DOM,2021,85.24298638
Ecuador,ECU,2021,69.1147995
"Egypt, Arab Rep.",EGY,2021,72.05599976
El Salvador,SLV,2021,57.26380157
Equatorial Guinea,GNQ,2021,58.71730042
Estonia,EST,2021,90.97970174
Eswatini,SWZ,2021,53.99530029
Ethiopia,ETH,2021,16.6981031
Fiji,FJI,2021,70.56800079
Finland,FIN,2021,92.80806082
France,FRA,2021,86.09548575
Gabon,GAB,2021,65.76809692
"Gambia, The",GMB,2021,41.67309952
Georgia,GEO,2021,76.4427093
Germany,DEU,2021,91.43060973
Ghana,GHA,2021,68.6
Greece,GRC,2021,78.49426371
Grenada,GRD,2021,67.02279663
Guatemala,GTM,2021,50.84164945
Guinea,GIN,2021,28.61330032
Guinea-Bissau,GNB,2021,23.3519001
Guyana,GUY,2021,71.65090179
Haiti,HTI,2021,43.37919998
Honduras,HND,2021,51.95159912
"Hong Kong SAR, China",HKG,2021,93.08715788
Hungary,HUN,2021,88.64083466
Iceland,ISL,2021,99.68701957
India,IND,2021,49.2580986
Indonesia,IDN,2021,62.10447842
"Iran, Islamic Rep.",IRN,2021,78.5957366
Iraq,IRQ,2021,65.00219727
Ireland,IRL,2021,93.50610352
Israel,ISR,2021,90.29689758
Italy,ITA,2021,74.8623274
Jamaica,JAM,2021,82.36071561
Japan,JPN,2021,82.91407928
Jordan,JOR,2021,85.999997
Kazakhstan,KAZ,2021,90.9239507
Kenya,KEN,2021,26.96290016
Kiribati,KIR,2021,67.08760071
"Korea, Rep.",KOR,2021,97.57132698
Kuwait,KWT,2021,99.7
Kyrgyz Republic,KGZ,2021,77.11769867
Lao PDR,LAO,2021,62.0
Latvia,LVA,2021,91.17964988
Lebanon,LBN,2021,82.65599823
Lesotho,LSO,2021,45.05670166
Liberia,LBR,2021,26.38229942
Libya,LBY,2021,77.438797
Liechtenstein,LIE,2021,95.56939697
Lithuania,LTU,2021,86.93054425
Luxembourg,LUX,2021,98.66086333
"Macao SAR, China",MAC,2021,88.46810492
Madagascar,MDG,2021,13.74590015
Malawi,MWI,2021,15.30300045
Malaysia,MYS,2021,96.7514278
Maldives,MDV,2021,81.95760345
Mali,MLI,2021,33.95650101
Malta,MLT,2021,87.46977742
Marshall Islands,MHL,2021,63.97259903
Mauritania,MRT,2021,35.63660049
Mauritius,MUS,2021,71.59999847
Mexico,MEX,2021,75.62650476
Moldova,MDA,2021,74.91899872
Monaco,MCO,2021,99.07759857
Mongolia,MNG,2021,81.60682285
Montenegro,MNE,2021,82.21969752
Morocco,MAR,2021,88.13031937
Mozambique,MOZ,2021,16.35759926
Namibia,NAM,2021,60.25999832
Naoero,NRU,2021,80.29499817
Nepal,NPL,2021,40.98910141
Netherlands,NLD,2021,92.05298013
New Zealand,NZL,2021,91.99060059
Nicaragua,NIC,2021,51.62039948
Niger,NER,2021,12.45689964
Nigeria,NGA,2021,35.50979996
North Macedonia,MKD,2021,81.873703
Norway,NOR,2021,99.0000036
Oman,OMN,2021,95.23880005
Panama,PAN,2021,66.04270172
Papua New Guinea,PNG,2021,16.55960083
Paraguay,PRY,2021,77.01838621
Peru,PER,2021,71.10782643
Philippines,PHL,2021,66.90779877
Poland,POL,2021,85.37490906
Portugal,PRT,2021,82.30902804
Puerto Rico (US),PRI,2021,84.78666399
Qatar,QAT,2021,99.65280151
Romania,ROU,2021,83.5904265
Russian Federation,RUS,2021,88.21384578
Rwanda,RWA,2021,24.4416008
San Marino,SMR,2021,81.66999817
Sao Tome and Principe,STP,2021,54.94950104
Saudi Arabia,SAU,2021,100.0
Senegal,SEN,2021,55.04040146
Serbia,SRB,2021,81.16588116
Seychelles,SYC,2021,81.99530029
Sierra Leone,SLE,2021,18.65390015
Singapore,SGP,2021,96.92468156
Slovak Republic,SVK,2021,88.92560523
Slovenia,SVN,2021,89.00399524
Solomon Islands,SLB,2021,26.03790092
"Somalia, Fed. Rep.",SOM,2021,23.87479973
South Africa,ZAF,2021,74.96859741
Spain,ESP,2021,93.89752157
Sri Lanka,LKA,2021,44.45308724
St. Kitts and Nevis,KNA,2021,74.37159729
St. Lucia,LCA,2021,63.06330109
St. Vincent and the Grenadines,VCT,2021,68.83339691
Sweden,SWE,2021,94.6703163
Switzerland,CHE,2021,95.56937154
Tajikistan,TJK,2021,36.70560074
Tanzania,TZA,2021,22.87540054
Thailand,THA,2021,85.26956666
Timor-Leste,TLS,2021,35.04199982
Togo,TGO,2021,30.33839989
Tonga,TON,2021,57.549
Trinidad and Tobago,TTO,2021,84.36576986
Tunisia,TUN,2021,68.31552226
Turkiye,TUR,2021,81.40843745
Uganda,UGA,2021,10.0
Ukraine,UKR,2021,79.21829353
United Arab Emirates,ARE,2021,100.0
United Kingdom,GBR,2021,96.19650269
United States,USA,2021,91.2684021
Uruguay,URY,2021,87.64440155
Uzbekistan,UZB,2021,76.59043014
"Venezuela, RB",VEN,2021,74.11219788
Viet Nam,VNM,2021,74.20999985
Zambia,ZMB,2021,14.82190037
Zimbabwe,ZWE,2021,32.5923996
Afghanistan,AFG,2022,15.86629963
Albania,ALB,2022,82.61367544
Algeria,DZA,2022,74.78150177
Andorra,AND,2022,94.05169678
Angola,AGO,2022,35.83800125
Antigua and Barbuda,ATG,2022,71.9233017
Argentina,ARG,2022,88.37535691
Armenia,ARM,2022,77.02767465
Australia,AUS,2022,96.11940002
Austria,AUT,2022,93.61409139
Azerbaijan,AZE,2022,88.0
"Bahamas, The",BHS,2022,92.2559967
Bahrain,BHR,2022,100.0
Bangladesh,BGD,2022,41.61650085
Barbados,BRB,2022,69.06359863
Belarus,BLR,2022,89.50733148
Belgium,BEL,2022,94.00783071
Belize,BLZ,2022,69.98329926
Benin,BEN,2022,30.53730011
Bhutan,BTN,2022,88.35620117
Bolivia,BOL,2022,72.62270355
Bosnia and Herzegovina,BIH,2022,78.8455371
Botswana,BWA,2022,57.9
Brazil,BRA,2022,80.52775094
Brunei Darussalam,BRN,2022,98.97042579
Bulgaria,BGR,2022,79.12686326
Burkina Faso,BFA,2022,25.3987999
Burundi,BDI,2022,7.144800186
Cabo Verde,CPV,2022,73.32740021
Cambodia,KHM,2022,65.49079895
Cameroon,CMR,2022,40.12559891
Canada,CAN,2022,94.0
Central African Republic,CAF,2022,13.75360012
Chad,TCD,2022,11.17029953
Chile,CHL,2022,92.31819916
China,CHN,2022,75.61131603
Colombia,COL,2022,72.79637855
Comoros,COM,2022,31.37409973
"Congo, Dem. Rep.",COD,2022,17.99620056
"Congo, Rep.",COG,2022,40.98669815
Costa Rica,CRI,2022,82.59801121
Cote d'Ivoire,CIV,2022,38.41328122
Croatia,HRV,2022,82.07155532
Cuba,CUB,2022,67.88410187
Cyprus,CYP,2022,89.60099194
Czechia,CZE,2022,84.54009378
Denmark,DNK,2022,97.86011812
Djibouti,DJI,2022,63.77600098
Dominica,DMA,2022,80.57980347
Dominican Republic,DOM,2022,81.51269675
Ecuador,ECU,2022,69.71811356
"Egypt, Arab Rep.",EGY,2022,72.19806556
El Salvador,SLV,2022,60.05609894
Equatorial Guinea,GNQ,2022,63.65950012
Estonia,EST,2022,91.52016546
Eswatini,SWZ,2022,57.34370041
Ethiopia,ETH,2022,17.9836998
Fiji,FJI,2022,72.56549835
Finland,FIN,2022,92.98879471
France,FRA,2022,85.33331734
Gabon,GAB,2022,67.67169952
"Gambia, The",GMB,2022,48.22539902
Georgia,GEO,2022,78.71127536
Germany,DEU,2022,91.62984383
Ghana,GHA,2022,69.91329956
Greece,GRC,2022,83.17066333
Grenada,GRD,2022,68.42030334
Guatemala,GTM,2022,54.40430069
Guinea,GIN,2022,31.31399918
Guinea-Bissau,GNB,2022,27.67379951
Guyana,GUY,2022,76.56240082
Haiti,HTI,2022,47.77470016
Honduras,HND,2022,56.88069916
"Hong Kong SAR, China",HKG,2022,95.61357052
Hungary,HUN,2022,89.14282688
Iceland,ISL,2022,97.58339691
India,IND,2022,55.9
Indonesia,IDN,2022,66.48461277
"Iran, Islamic Rep.",IRN,2022,81.71649933
Iraq,IRQ,2022,78.71560926
Ireland,IRL,2022,95.03690338
Israel,ISR,2022,91.85079615
Italy,ITA,2022,85.06074504
Jamaica,JAM,2022,85.84329987
Japan,JPN,2022,84.92343147
Jordan,JOR,2022,90.4999984
Kazakhstan,KAZ,2022,92.29685266
Kenya,KEN,2022,29.40589905
Kiribati,KIR,2022,84.99849701
"Korea, Rep.",KOR,2022,97.16855335
Kuwait,KWT,2022,99.74729919
Kyrgyz Republic,KGZ,2022,84.1937027
Lao PDR,LAO,2022,64.54000092
Latvia,LVA,2022,91.03009059
Lebanon,LBN,2022,81.46479797
Lesotho,LSO,2022,48.06959915
Liberia,LBR,2022,30.38010025
Libya,LBY,2022,80.64720154
Liechtenstein,LIE,2022,97.88069916
Lithuania,LTU,2022,87.72420219
Luxembourg,LUX,2022,98.24203749
"Macao SAR, China",MAC,2022,89.48549652
Madagascar,MDG,2022,17.81170082
Malawi,MWI,2022,16.84830093
Malaysia,MYS,2022,97.3986404
Maldives,MDV,2022,83.91189054
Mali,MLI,2022,35.19919968
Malta,MLT,2022,91.54062209
Marshall Islands,MHL,2022,64.26719666
Mauritania,MRT,2022,42.46450043
Mauritius,MUS,2022,75.5
Mexico,MEX,2022,78.63217894
"Micronesia, Fed. Sts.",FSM,2022,39.0279007
Moldova,MDA,2022,74.91899872
Monaco,MCO,2022,98.75189972
Mongolia,MNG,2022,81.07720184
Montenegro,MNE,2022,88.22192026
Morocco,MAR,2022,89.9
Mozambique,MOZ,2022,18.96220016
Namibia,NAM,2022,62.99720001
Naoero,NRU,2022,83.22660065
Nepal,NPL,2022,45.45080185
Netherlands,NLD,2022,92.51968504
New Zealand,NZL,2022,93.07289886
Nicaragua,NIC,2022,59.38000107
Niger,NER,2022,13.08749962
Nigeria,NGA,2022,39.14720154
North Macedonia,MKD,2022,83.85030365
Norway,NOR,2022,98.99997764
Oman,OMN,2022,95.24530029
Palau,PLW,2022,82.56749725
Panama,PAN,2022,67.2838974
Papua New Guinea,PNG,2022,18.25659943
Paraguay,PRY,2022,76.25916611
Peru,PER,2022,74.67495213
Philippines,PHL,2022,75.21114422
Poland,POL,2022,86.94113479
Portugal,PRT,2022,84.49690644
Puerto Rico (US),PRI,2022,87.29178106
Qatar,QAT,2022,98.03800201
Romania,ROU,2022,85.50309124
Russian Federation,RUS,2022,90.41799163
Rwanda,RWA,2022,28.01679993
San Marino,SMR,2022,97.32790375
Sao Tome and Principe,STP,2022,58.56779861
Saudi Arabia,SAU,2022,100.0
Senegal,SEN,2022,56.82830048
Serbia,SRB,2022,83.53825397
Seychelles,SYC,2022,84.83380127
Sierra Leone,SLE,2022,21.50880051
Singapore,SGP,2022,95.95386476
Slovak Republic,SVK,2022,89.06766196
Slovenia,SVN,2022,88.91248552
Solomon Islands,SLB,2022,28.01729965
"Somalia, Fed. Rep.",SOM,2022,27.6
South Africa,ZAF,2022,78.29319763
Spain,ESP,2022,94.4855432
Sri Lanka,LKA,2022,48.3
St. Kitts and Nevis,KNA,2022,75.76229858
St. Lucia,LCA,2022,66.95159912
St. Vincent and the Grenadines,VCT,2022,74.75479889
Sweden,SWE,2022,95.00970335
Switzerland,CHE,2022,96.45279694
Tajikistan,TJK,2022,48.91429901
Tanzania,TZA,2022,26.86059952
Thailand,THA,2022,87.97724503
Togo,TGO,2022,35.60749817
Tonga,TON,2022,61.60739899
Trinidad and Tobago,TTO,2022,81.69760132
Turkiye,TUR,2022,83.43716576
Uganda,UGA,2022,9.636899948
Ukraine,UKR,2022,80.47429657
United Arab Emirates,ARE,2022,100.0
United Kingdom,GBR,2022,95.46530151
United States,USA,2022,92.72850037
Uruguay,URY,2022,89.87304314
Uzbekistan,UZB,2022,83.90000012
"Venezuela, RB",VEN,2022,75.82180023
Viet Nam,VNM,2022,78.58999918
West Bank and Gaza,PSE,2022,88.64690554
Zambia,ZMB,2022,15.0
Zimbabwe,ZWE,2022,36.25650024
Afghanistan,AFG,2023,15.92840004
Albania,ALB,2023,83.13559161
Algeria,DZA,2023,76.19760132
Andorra,AND,2023,94.21499634
Angola,AGO,2023,37.88589859
Antigua and Barbuda,ATG,2023,72.12409973
Argentina,ARG,2023,89.22897166
Armenia,ARM,2023,79.99663036
Australia,AUS,2023,96.1160965
Austria,AUT,2023,95.33467117
Azerbaijan,AZE,2023,89.0
"Bahamas, The",BHS,2023,92.38729858
Bahrain,BHR,2023,100.0
Bangladesh,BGD,2023,44.50274195
Barbados,BRB,2023,69.67510223
Belarus,BLR,2023,91.51249979
Belgium,BEL,2023,94.62625074
Belize,BLZ,2023,70.18720245
Benin,BEN,2023,32.39400101
Bhutan,BTN,2023,90.02140045
Bolivia,BOL,2023,77.30039978
Bosnia and Herzegovina,BIH,2023,83.3771539
Brazil,BRA,2023,84.15060238
Brunei Darussalam,BRN,2023,98.97039795
Bulgaria,BGR,2023,80.38956462
Burkina Faso,BFA,2023,25.36120033
Burundi,BDI,2023,7.172299862
Cabo Verde,CPV,2023,74.59919739
Cambodia,KHM,2023,68.92549896
Cameroon,CMR,2023,42.24380112
Canada,CAN,2023,94.14530182
Central African Republic,CAF,2023,13.8416996
Chad,TCD,2023,12.03590012
Chile,CHL,2023,94.45742345
China,CHN,2023,90.6
Colombia,COL,2023,77.33686322
Comoros,COM,2023,31.92749977
"Congo, Dem. Rep.",COD,2023,18.96789932
"Congo, Rep.",COG,2023,43.15039825
Costa Rica,CRI,2023,85.39514799
Cote d'Ivoire,CIV,2023,40.65284979
Croatia,HRV,2023,83.24117599
Cuba,CUB,2023,69.55580139
Cyprus,CYP,2023,91.22110357
Czechia,CZE,2023,85.99404818
Denmark,DNK,2023,98.77559197
Djibouti,DJI,2023,64.75869751
Dominica,DMA,2023,81.33650208
Dominican Republic,DOM,2023,86.12689972
Ecuador,ECU,2023,72.6943146
"Egypt, Arab Rep.",EGY,2023,74.01190186
El Salvador,SLV,2023,62.61989975
Equatorial Guinea,GNQ,2023,63.51950073
Estonia,EST,2023,93.18342241
Eswatini,SWZ,2023,61.33330154
Ethiopia,ETH,2023,20.33749962
Fiji,FJI,2023,74.1160965
Finland,FIN,2023,93.51385075
France,FRA,2023,86.83635789
Gabon,GAB,2023,68.19789886
"Gambia, The",GMB,2023,48.72829819
Georgia,GEO,2023,81.88425624
Germany,DEU,2023,92.4763763
Ghana,GHA,2023,70.67430115
Greece,GRC,2023,85.0102229
Grenada,GRD,2023,69.4131012
Guatemala,GTM,2023,56.72669983
Guinea,GIN,2023,32.31560135
Guinea-Bissau,GNB,2023,28.71240044
Guyana,GUY,2023,79.3553009
Haiti,HTI,2023,47.99269867
Honduras,HND,2023,58.0685997
"Hong Kong SAR, China",HKG,2023,95.97781908
Hungary,HUN,2023,91.4500713
Iceland,ISL,2023,97.94860077
India,IND,2023,60.25230026
Indonesia,IDN,2023,69.20836554
"Iran, Islamic Rep.",IRN,2023,83.71050262
Iraq,IRQ,2023,81.80889893
Ireland,IRL,2023,96.8660965
Israel,ISR,2023,87.03842615
Italy,ITA,2023,87.0278292
Jamaica,JAM,2023,89.47304282
Japan,JPN,2023,85.00990295
Jordan,JOR,2023,92.53443944
Kazakhstan,KAZ,2023,92.87846096
Kenya,KEN,2023,32.07040024
Kiribati,KIR,2023,88.0
"Korea, Rep.",KOR,2023,97.41597478
Kuwait,KWT,2023,99.74731125
Kyrgyz Republic,KGZ,2023,91.04440308
Lao PDR,LAO,2023,64.39800262
Latvia,LVA,2023,92.18791291
Lebanon,LBN,2023,81.7059021
Lesotho,LSO,2023,48.98590088
Liberia,LBR,2023,31.22410011
Libya,LBY,2023,82.10469818
Liechtenstein,LIE,2023,98.13230133
Lithuania,LTU,2023,88.50287484
Luxembourg,LUX,2023,99.34785707
"Macao SAR, China",MAC,2023,89.82640076
Madagascar,MDG,2023,18.24080086
Malawi,MWI,2023,17.98810346
Malaysia,MYS,2023,97.69272633
Maldives,MDV,2023,84.55290222
Mali,MLI,2023,36.03879929
Malta,MLT,2023,92.07266941
Marshall Islands,MHL,2023,64.07589722
Mauritania,MRT,2023,44.95629883
Mauritius,MUS,2023,79.5
Mexico,MEX,2023,81.18318755
"Micronesia, Fed. Sts.",FSM,2023,39.39889908
Moldova,MDA,2023,76.50330353
Monaco,MCO,2023,98.87049866
Mongolia,MNG,2023,83.74320221
Montenegro,MNE,2023,88.5515976
Morocco,MAR,2023,91.0
Mozambique,MOZ,2023,19.94560051
Namibia,NAM,2023,63.69549942
Naoero,NRU,2023,83.03970337
Nepal,NPL,2023,45.80680084
Netherlands,NLD,2023,97.00680272
New Zealand,NZL,2023,93.32610321
Nicaragua,NIC,2023,60.30120087
Niger,NER,2023,12.98079967
Nigeria,NGA,2023,40.06399918
North Macedonia,MKD,2023,88.5
Norway,NOR,2023,99.00000258
Oman,OMN,2023,95.25170135
Palau,PLW,2023,82.91629791
Panama,PAN,2023,68.54851592
Papua New Guinea,PNG,2023,18.56130028
Paraguay,PRY,2023,78.09481878
Peru,PER,2023,79.48484477
Philippines,PHL,2023,77.86699677
Poland,POL,2023,86.414744
Portugal,PRT,2023,85.79012676
Qatar,QAT,2023,98.15229797
Romania,ROU,2023,89.20335498
Russian Federation,RUS,2023,92.24496346
Rwanda,RWA,2023,28.80579948
San Marino,SMR,2023,97.33640289
Sao Tome and Principe,STP,2023,58.70130157
Saudi Arabia,SAU,2023,100.0
Senegal,SEN,2023,59.18740082
Serbia,SRB,2023,85.35746686
Seychelles,SYC,2023,86.001297
Sierra Leone,SLE,2023,23.71360016
Singapore,SGP,2023,94.28518987
Slovak Republic,SVK,2023,87.2131343
Slovenia,SVN,2023,90.37794678
Solomon Islands,SLB,2023,28.67239952
"Somalia, Fed. Rep.",SOM,2023,26.12010002
South Africa,ZAF,2023,78.33670044
Spain,ESP,2023,95.44564516
Sri Lanka,LKA,2023,51.2
St. Kitts and Nevis,KNA,2023,76.58950043
St. Lucia,LCA,2023,67.44390106
St. Vincent and the Grenadines,VCT,2023,75.53679657
Suriname,SUR,2023,87.4
Sweden,SWE,2023,95.70327461
Switzerland,CHE,2023,97.34436623
Tajikistan,TJK,2023,54.41550064
Tanzania,TZA,2023,28.43190002
Thailand,THA,2023,89.53525238
Togo,TGO,2023,37.57020187
Tonga,TON,2023,64.13140106
Trinidad and Tobago,TTO,2023,81.9681015
Turkiye,TUR,2023,85.96074155
Uganda,UGA,2023,9.286999702
Ukraine,UKR,2023,81.58059692
United Arab Emirates,ARE,2023,100.0
United Kingdom,GBR,2023,95.44719696
United States,USA,2023,93.52559662
Uruguay,URY,2023,90.92590332
Uzbekistan,UZB,2023,89.01361047
"Venezuela, RB",VEN,2023,76.33190155
Viet Nam,VNM,2023,78.08
West Bank and Gaza,PSE,2023,86.63765334
Zambia,ZMB,2023,16.45070076
Zimbabwe,ZWE,2023,38.67480087
Afghanistan,AFG,2024,16.09499931
Albania,ALB,2024,85.86389923
Algeria,DZA,2024,77.4178009
Andorra,AND,2024,94.39759827
Angola,AGO,2024,40.70479965
Antigua and Barbuda,ATG,2024,72.73040009
Argentina,ARG,2024,89.66715228
Armenia,ARM,2024,81.33930206
Australia,AUS,2024,96.13140106
Austria,AUT,2024,94.91974877
Azerbaijan,AZE,2024,90.43979645
"Bahamas, The",BHS,2024,92.47270203
Bahrain,BHR,2024,100.0
Bangladesh,BGD,2024,53.42171316
Barbados,BRB,2024,70.36470032
Belarus,BLR,2024,94.26182128
Belgium,BEL,2024,95.77579144
Belize,BLZ,2024,80.00582262
Benin,BEN,2024,33.98379898
Bhutan,BTN,2024,91.27739716
Bolivia,BOL,2024,79.70469666
Bosnia and Herzegovina,BIH,2024,86.10091103
Botswana,BWA,2024,57.45950036
Brazil,BRA,2024,84.46347227
Brunei Darussalam,BRN,2024,96.29828801
Bulgaria,BGR,2024,82.438955
Burkina Faso,BFA,2024,28.25270081
Burundi,BDI,2024,8.595999718
Cabo Verde,CPV,2024,74.73519897
Cambodia,KHM,2024,68.47530365
Cameroon,CMR,2024,46.25880051
Canada,CAN,2024,94.353302
Central African Republic,CAF,2024,13.78250027
Chad,TCD,2024,12.62689972
Chile,CHL,2024,95.590243
China,CHN,2024,92.0
Colombia,COL,2024,79.34543299
Comoros,COM,2024,32.51750183
"Congo, Dem. Rep.",COD,2024,19.67350006
"Congo, Rep.",COG,2024,47.25159836
Costa Rica,CRI,2024,87.17019653
Cote d'Ivoire,CIV,2024,41.43219902
Croatia,HRV,2024,83.63240029
Cuba,CUB,2024,70.47699738
Cyprus,CYP,2024,89.60099246
Czechia,CZE,2024,87.68776014
Denmark,DNK,2024,99.76915157
Djibouti,DJI,2024,65.29889679
Dominica,DMA,2024,82.04689789
Dominican Republic,DOM,2024,91.0022446
Ecuador,ECU,2024,77.17273115
"Egypt, Arab Rep.",EGY,2024,74.64839935
El Salvador,SLV,2024,66.47769928
Equatorial Guinea,GNQ,2024,63.29930115
Estonia,EST,2024,92.23796204
Eswatini,SWZ,2024,63.40309906
Ethiopia,ETH,2024,21.94129944
Fiji,FJI,2024,74.7052002
Finland,FIN,2024,93.72405196
France,FRA,2024,88.65381638
Gabon,GAB,2024,68.72090149
"Gambia, The",GMB,2024,49.49430084
Georgia,GEO,2024,83.79855689
Germany,DEU,2024,93.49999579
Ghana,GHA,2024,72.17569733
Greece,GRC,2024,86.26968886
Grenada,GRD,2024,70.16159821
Guatemala,GTM,2024,60.22140121
Guinea,GIN,2024,33.30469894
Guinea-Bissau,GNB,2024,29.77739906
Guyana,GUY,2024,83.00080109
Haiti,HTI,2024,47.8614006
Honduras,HND,2024,58.62269974
"Hong Kong SAR, China",HKG,2024,95.75536971
Hungary,HUN,2024,93.77898628
Iceland,ISL,2024,98.209198
India,IND,2024,64.9434967
Indonesia,IDN,2024,72.78075544
"Iran, Islamic Rep.",IRN,2024,85.3404007
Iraq,IRQ,2024,81.47450256
Ireland,IRL,2024,97.18769836
Israel,ISR,2024,88.18242225
Italy,ITA,2024,89.2207202
Jamaica,JAM,2024,90.10870361
Japan,JPN,2024,85.54153081
Jordan,JOR,2024,95.62244985
Kazakhstan,KAZ,2024,93.39167254
Kenya,KEN,2024,34.97622513
Kiribati,KIR,2024,89.44029999
"Korea, Rep.",KOR,2024,97.89563777
Kuwait,KWT,2024,99.74729919
Kyrgyz Republic,KGZ,2024,92.0286026
Lao PDR,LAO,2024,65.59269714
Latvia,LVA,2024,92.70757011
Lebanon,LBN,2024,80.63400269
Lesotho,LSO,2024,51.79660034
Liberia,LBR,2024,32.23360062
Libya,LBY,2024,81.95449829
Liechtenstein,LIE,2024,98.2641983
Lithuania,LTU,2024,89.16116293
Luxembourg,LUX,2024,98.7606147
"Macao SAR, China",MAC,2024,89.82640076
Madagascar,MDG,2024,18.67790031
Malawi,MWI,2024,18.96159935
Malaysia,MYS,2024,98.0206059
Maldives,MDV,2024,85.23999786
Mali,MLI,2024,36.80149841
Malta,MLT,2024,93.86029816
Marshall Islands,MHL,2024,65.915802
Mauritania,MRT,2024,45.77939987
Mauritius,MUS,2024,73.30793533
Mexico,MEX,2024,83.12233799
"Micronesia, Fed. Sts.",FSM,2024,39.52360153
Moldova,MDA,2024,77.3687973
Monaco,MCO,2024,99.04489899
Mongolia,MNG,2024,85.12349701
Montenegro,MNE,2024,88.88258428
Morocco,MAR,2024,91.2
Mozambique,MOZ,2024,20.52729988
Namibia,NAM,2024,64.87460327
Naoero,NRU,2024,83.01170349
Nepal,NPL,2024,46.32189941
Netherlands,NLD,2024,97.00679779
New Zealand,NZL,2024,93.51930237
Nicaragua,NIC,2024,61.39550018
Niger,NER,2024,15.55760002
Nigeria,NGA,2024,41.21139908
North Macedonia,MKD,2024,93.6
Norway,NOR,2024,99.0
Oman,OMN,2024,95.25174678
Pakistan,PAK,2024,57.253
Palau,PLW,2024,83.92549896
Panama,PAN,2024,72.77149963
Papua New Guinea,PNG,2024,18.81159973
Paraguay,PRY,2024,81.57806793
Peru,PER,2024,81.95705992
Philippines,PHL,2024,67.26300914
Poland,POL,2024,88.58496367
Portugal,PRT,2024,88.48704454
Qatar,QAT,2024,98.08540344
Romania,ROU,2024,91.29048551
Russian Federation,RUS,2024,94.36495368
Rwanda,RWA,2024,31.70330048
San Marino,SMR,2024,97.35220337
Sao Tome and Principe,STP,2024,59.11759949
Saudi Arabia,SAU,2024,100.0
Senegal,SEN,2024,60.11780167
Serbia,SRB,2024,87.69071294
Seychelles,SYC,2024,87.81800079
Sierra Leone,SLE,2024,25.10499954
Singapore,SGP,2024,94.37757178
Slovak Republic,SVK,2024,89.82507032
Slovenia,SVN,2024,90.76355487
Solomon Islands,SLB,2024,29.04070091
"Somalia, Fed. Rep.",SOM,2024,27.94020081
South Africa,ZAF,2024,78.35759735
Spain,ESP,2024,95.7574516
Sri Lanka,LKA,2024,54.59
St. Kitts and Nevis,KNA,2024,76.88400269
St. Lucia,LCA,2024,68.20500183
St. Vincent and the Grenadines,VCT,2024,76.19010162
Sweden,SWE,2024,95.52930428
Switzerland,CHE,2024,97.3443985
Tajikistan,TJK,2024,55.79339981
Tanzania,TZA,2024,31.16209984
Thailand,THA,2024,90.86718789
Togo,TGO,2024,39.48320007
Tonga,TON,2024,67.4417038
Trinidad and Tobago,TTO,2024,82.15989685
Tunisia,TUN,2024,76.5
Turkiye,TUR,2024,87.3078767
Uganda,UGA,2024,8.949831061
Ukraine,UKR,2024,82.47489929
United Arab Emirates,ARE,2024,100.0
United Kingdom,GBR,2024,95.4720993
United States,USA,2024,94.69380188
Uruguay,URY,2024,91.99109007
Uzbekistan,UZB,2024,89.50550079
"Venezuela, RB",VEN,2024,76.67890167
Viet Nam,VNM,2024,84.15
Zambia,ZMB,2024,17.10099983
Zimbabwe,ZWE,2024,41.64279938
